id,title,url,type,status,categories,search_intent_review,main_keyword_review,author_id,author_display,modified,content_internal_links
6,Giới thiệu,https://mathanoibacninh.com/gioi-thieu/,page,publish,,điều hướng/thông tin bệnh viện,Giới thiệu,1,bvmat,2026-08-06 05:10:33,
7,Tầm nhìn và giá trị,https://mathanoibacninh.com/gioi-thieu/tam-nhin-gia-tri/,page,publish,,điều hướng/thông tin bệnh viện,Tầm nhìn và giá trị,1,bvmat,2026-08-06 05:10:33,
8,Cơ sở vật chất,https://mathanoibacninh.com/gioi-thieu/co-so-vat-chat/,page,publish,,điều hướng/thông tin bệnh viện,Cơ sở vật chất,1,bvmat,2026-08-06 05:10:33,
9,Trang thiết bị,https://mathanoibacninh.com/gioi-thieu/trang-thiet-bi/,page,publish,,điều hướng/thông tin bệnh viện,Trang thiết bị,1,bvmat,2026-08-06 05:10:33,
10,Hồ sơ pháp lý,https://mathanoibacninh.com/gioi-thieu/ho-so-phap-ly/,page,publish,,điều hướng/thông tin bệnh viện,Hồ sơ pháp lý,1,bvmat,2026-08-06 05:10:33,
11,Đội ngũ bác sĩ,https://mathanoibacninh.com/doi-ngu-bac-si/,page,publish,,điều hướng/thông tin bệnh viện,Đội ngũ bác sĩ,1,bvmat,2026-08-11 06:32:52,https://mathanoibacninh.com/chuyen-khoa/; https://mathanoibacninh.com/chuyen-khoa/dich-kinh-vong-mac/; https://mathanoibacninh.com/chuyen-khoa/giac-mac-ket-mac/; https://mathanoibacninh.com/chuyen-khoa/glocom/; https://mathanoibacninh.com/chuyen-khoa/mat-tre-em/; https://mathanoibacninh.com/chuyen-khoa/mat-nguoi-cao-tuoi/; https://mathanoibacninh.com/hoi-dap/truoc-khi-di-kham/; https://mathanoibacninh.com/kien-thuc/; https://mathanoibacninh.com/lien-he/; https://mathanoibacninh.com/dat-lich-kham/
12,Chuyên khoa,https://mathanoibacninh.com/chuyen-khoa/,page,publish,,điều hướng/thông tin bệnh viện,Chuyên khoa,1,bvmat,2026-08-10 11:34:01,https://mathanoibacninh.com/chuyen-khoa/dich-kinh-vong-mac/; https://mathanoibacninh.com/chuyen-khoa/giac-mac-ket-mac/; https://mathanoibacninh.com/chuyen-khoa/glocom/; https://mathanoibacninh.com/chuyen-khoa/mat-nguoi-cao-tuoi/; https://mathanoibacninh.com/chuyen-khoa/mat-tre-em/; https://mathanoibacninh.com/hoi-dap/hoi-dap-mat-tre-em/; https://mathanoibacninh.com/hoi-dap/truoc-khi-di-kham/; https://mathanoibacninh.com/lien-he/; https://mathanoibacninh.com/doi-ngu-bac-si/; https://mathanoibacninh.com/kien-thuc/
14,Cận thị,https://mathanoibacninh.com/chuyen-khoa/tat-khuc-xa/can-thi/,page,publish,,điều hướng/thông tin bệnh viện,Cận thị,1,bvmat,2026-08-23 10:00:00,https://mathanoibacninh.com/benhvienmathanoibacninh/chuyen-khoa/tat-khuc-xa/vien-thi/; https://mathanoibacninh.com/benhvienmathanoibacninh/chuyen-khoa/tat-khuc-xa/loan-thi/; https://mathanoibacninh.com/benhvienmathanoibacninh/chuyen-khoa/dich-kinh-vong-mac/; https://mathanoibacninh.com/benhvienmathanoibacninh/hoi-dap/truoc-khi-di-kham/; https://mathanoibacninh.com/benhvienmathanoibacninh/lien-he/
15,Viễn thị,https://mathanoibacninh.com/chuyen-khoa/tat-khuc-xa/vien-thi/,page,publish,,điều hướng/thông tin bệnh viện,Viễn thị,1,bvmat,2026-08-23 10:00:00,https://mathanoibacninh.com/benhvienmathanoibacninh/chuyen-khoa/tat-khuc-xa/can-thi/; https://mathanoibacninh.com/benhvienmathanoibacninh/chuyen-khoa/tat-khuc-xa/loan-thi/; https://mathanoibacninh.com/benhvienmathanoibacninh/hoi-dap/truoc-khi-di-kham/; https://mathanoibacninh.com/benhvienmathanoibacninh/dich-vu/chan-doan-nhan-khoa/; https://mathanoibacninh.com/benhvienmathanoibacninh/doi-ngu-bac-si/
16,Loạn thị,https://mathanoibacninh.com/chuyen-khoa/tat-khuc-xa/loan-thi/,page,publish,,điều hướng/thông tin bệnh viện,Loạn thị,1,bvmat,2026-08-23 10:00:00,https://mathanoibacninh.com/benhvienmathanoibacninh/chuyen-khoa/tat-khuc-xa/can-thi/; https://mathanoibacninh.com/benhvienmathanoibacninh/chuyen-khoa/tat-khuc-xa/vien-thi/; https://mathanoibacninh.com/benhvienmathanoibacninh/chuyen-khoa/giac-mac-ket-mac/; https://mathanoibacninh.com/benhvienmathanoibacninh/dich-vu/chan-doan-nhan-khoa/; https://mathanoibacninh.com/benhvienmathanoibacninh/lien-he/
18,Glôcôm (cườm nước),https://mathanoibacninh.com/chuyen-khoa/glocom/,page,publish,,điều hướng/thông tin bệnh viện,Glôcôm (cườm nước),1,bvmat,2026-08-23 08:57:32,https://mathanoibacninh.com/benhvienmathanoibacninh/chuyen-khoa/; https://mathanoibacninh.com/benhvienmathanoibacninh/hoi-dap/truoc-khi-di-kham/; https://mathanoibacninh.com/benhvienmathanoibacninh/kien-thuc/; https://mathanoibacninh.com/benhvienmathanoibacninh/doi-ngu-bac-si/; https://mathanoibacninh.com/benhvienmathanoibacninh/dich-vu/; https://mathanoibacninh.com/benhvienmathanoibacninh/bang-gia/; https://mathanoibacninh.com/benhvienmathanoibacninh/lien-he/
19,Dịch kính – võng mạc,https://mathanoibacninh.com/chuyen-khoa/dich-kinh-vong-mac/,page,publish,,điều hướng/thông tin bệnh viện,Dịch kính – võng mạc,1,bvmat,2026-08-23 08:57:34,https://mathanoibacninh.com/benhvienmathanoibacninh/chuyen-khoa/; https://mathanoibacninh.com/benhvienmathanoibacninh/hoi-dap/truoc-khi-di-kham/; https://mathanoibacninh.com/benhvienmathanoibacninh/kien-thuc/; https://mathanoibacninh.com/benhvienmathanoibacninh/doi-ngu-bac-si/; https://mathanoibacninh.com/benhvienmathanoibacninh/dich-vu/; https://mathanoibacninh.com/benhvienmathanoibacninh/bang-gia/; https://mathanoibacninh.com/benhvienmathanoibacninh/lien-he/
20,Giác mạc – kết mạc,https://mathanoibacninh.com/chuyen-khoa/giac-mac-ket-mac/,page,publish,,điều hướng/thông tin bệnh viện,Giác mạc – kết mạc,1,bvmat,2026-08-23 08:57:34,https://mathanoibacninh.com/benhvienmathanoibacninh/chuyen-khoa/; https://mathanoibacninh.com/benhvienmathanoibacninh/hoi-dap/truoc-khi-di-kham/; https://mathanoibacninh.com/benhvienmathanoibacninh/kien-thuc/; https://mathanoibacninh.com/benhvienmathanoibacninh/doi-ngu-bac-si/; https://mathanoibacninh.com/benhvienmathanoibacninh/dich-vu/; https://mathanoibacninh.com/benhvienmathanoibacninh/bang-gia/; https://mathanoibacninh.com/benhvienmathanoibacninh/lien-he/
21,Mắt trẻ em,https://mathanoibacninh.com/chuyen-khoa/mat-tre-em/,page,publish,,điều hướng/thông tin bệnh viện,Mắt trẻ em,1,bvmat,2026-08-23 08:57:35,https://mathanoibacninh.com/benhvienmathanoibacninh/chuyen-khoa/; https://mathanoibacninh.com/benhvienmathanoibacninh/hoi-dap/truoc-khi-di-kham/; https://mathanoibacninh.com/benhvienmathanoibacninh/kien-thuc/; https://mathanoibacninh.com/benhvienmathanoibacninh/doi-ngu-bac-si/; https://mathanoibacninh.com/benhvienmathanoibacninh/dich-vu/; https://mathanoibacninh.com/benhvienmathanoibacninh/bang-gia/; https://mathanoibacninh.com/benhvienmathanoibacninh/lien-he/
22,Kiểm soát tiến triển cận thị,https://mathanoibacninh.com/chuyen-khoa/mat-tre-em/kiem-soat-can-thi/,page,publish,,điều hướng/thông tin bệnh viện,Kiểm soát tiến triển cận thị,1,bvmat,2026-08-06 05:10:33,
23,Nhược thị và lác,https://mathanoibacninh.com/chuyen-khoa/mat-tre-em/nhuoc-thi-lac/,page,publish,,điều hướng/thông tin bệnh viện,Nhược thị và lác,1,bvmat,2026-08-06 05:10:33,
24,Mắt người cao tuổi,https://mathanoibacninh.com/chuyen-khoa/mat-nguoi-cao-tuoi/,page,publish,,điều hướng/thông tin bệnh viện,Mắt người cao tuổi,1,bvmat,2026-08-23 08:57:36,https://mathanoibacninh.com/benhvienmathanoibacninh/chuyen-khoa/; https://mathanoibacninh.com/benhvienmathanoibacninh/hoi-dap/truoc-khi-di-kham/; https://mathanoibacninh.com/benhvienmathanoibacninh/kien-thuc/; https://mathanoibacninh.com/benhvienmathanoibacninh/doi-ngu-bac-si/; https://mathanoibacninh.com/benhvienmathanoibacninh/dich-vu/; https://mathanoibacninh.com/benhvienmathanoibacninh/bang-gia/; https://mathanoibacninh.com/benhvienmathanoibacninh/lien-he/
25,Dịch vụ,https://mathanoibacninh.com/dich-vu/,page,publish,,điều hướng/thông tin bệnh viện,Dịch vụ,1,bvmat,2026-08-11 09:15:45,
26,Khám mắt tổng quát,https://mathanoibacninh.com/dich-vu/kham-mat-tong-quat/,page,publish,,điều hướng/thông tin bệnh viện,Khám mắt tổng quát,1,bvmat,2026-08-11 10:07:58,https://mathanoibacninh.com/hoi-dap/truoc-khi-di-kham/; https://mathanoibacninh.com/chinh-sach/mien-tru-trach-nhiem-y-khoa/; https://mathanoibacninh.com/chuyen-khoa/; https://mathanoibacninh.com/doi-ngu-bac-si/; https://mathanoibacninh.com/chuyen-khoa/dich-kinh-vong-mac/; https://mathanoibacninh.com/hoi-dap/hoi-dap-mat-tre-em/; https://mathanoibacninh.com/dat-lich-kham/; https://mathanoibacninh.com/lien-he/; https://mathanoibacninh.com/khu-vuc/kham-mat-bac-ninh/; https://mathanoibacninh.com/khu-vuc/kham-mat-bac-giang/
27,Phẫu thuật khúc xạ,https://mathanoibacninh.com/dich-vu/phau-thuat-khuc-xa/,page,publish,,điều hướng/thông tin bệnh viện,Phẫu thuật khúc xạ,1,bvmat,2026-08-11 10:08:01,https://mathanoibacninh.com/chuyen-khoa/dich-kinh-vong-mac/; https://mathanoibacninh.com/chuyen-khoa/giac-mac-ket-mac/; https://mathanoibacninh.com/hoi-dap/truoc-khi-di-kham/; https://mathanoibacninh.com/dat-lich-kham/; https://mathanoibacninh.com/lien-he/; https://mathanoibacninh.com/hoi-dap/mo-mat-va-hoi-phuc/; https://mathanoibacninh.com/khu-vuc/kham-mat-bac-ninh/; https://mathanoibacninh.com/khu-vuc/kham-mat-bac-giang/; https://mathanoibacninh.com/doi-ngu-bac-si/; https://mathanoibacninh.com/chinh-sach/mien-tru-trach-nhiem-y-khoa/
31,Phẫu thuật thay thủy tinh thể,https://mathanoibacninh.com/dich-vu/phau-thuat-phaco/,page,publish,,điều hướng/thông tin bệnh viện,Phẫu thuật thay thủy tinh thể,1,bvmat,2026-08-11 10:08:00,https://mathanoibacninh.com/chuyen-khoa/mat-nguoi-cao-tu/; https://mathanoibacninh.com/chuyen-khoa/dich-kinh-vong-mac/; https://mathanoibacninh.com/doi-ngu-bac-si/; https://mathanoibacninh.com/hoi-dap/mo-mat-va-hoi-phuc/; https://mathanoibacninh.com/hoi-dap/truoc-khi-di-kham/; https://mathanoibacninh.com/dat-lich-kham/; https://mathanoibacninh.com/khu-vuc/kham-mat-bac-ninh/; https://mathanoibacninh.com/khu-vuc/kham-mat-bac-giang/; https://mathanoibacninh.com/lien-he/; https://mathanoibacninh.com/chinh-sach/mien-tru-trach-nhiem-y-khoa/
42,Bảng giá dịch vụ,https://mathanoibacninh.com/bang-gia/,page,publish,,điều hướng/thông tin bệnh viện,Bảng giá dịch vụ,1,bvmat,2026-08-11 09:15:46,
47,Hỏi đáp,https://mathanoibacninh.com/hoi-dap/,page,publish,,điều hướng/thông tin bệnh viện,Hỏi đáp,1,bvmat,2026-08-06 05:10:33,
48,Trước khi đi khám,https://mathanoibacninh.com/hoi-dap/truoc-khi-di-kham/,page,publish,,điều hướng/thông tin bệnh viện,Trước khi đi khám,1,bvmat,2026-08-10 10:02:35,https://mathanoibacninh.com/kien-thuc/bao-hiem-y-te-kham-mat-the-nao/; https://mathanoibacninh.com/chuyen-khoa/mat-nguoi-cao-tuoi/; https://mathanoibacninh.com/chuyen-khoa/; https://mathanoibacninh.com/kien-thuc/nho-thuoc-gian-dong-tu-anh-huong-gi/; https://mathanoibacninh.com/kien-thuc/truoc-khi-kham-mat-co-can-nhin-an/; https://mathanoibacninh.com/kien-thuc/dau-mat-do-bao-lau-thi-khoi/; https://mathanoibacninh.com/hoi-dap/truoc-khi-di-kham/; https://mathanoibacninh.com/hoi-dap/
49,Mổ mắt và hồi phục,https://mathanoibacninh.com/hoi-dap/mo-mat-va-hoi-phuc/,page,publish,,điều hướng/thông tin bệnh viện,Mổ mắt và hồi phục,1,bvmat,2026-08-10 10:02:34,https://mathanoibacninh.com/kien-thuc/mo-mat-bao-lau-thi-nhin-ro/; https://mathanoibacninh.com/kien-thuc/do-nhan-ap-la-gi/; https://mathanoibacninh.com/hoi-dap/truoc-khi-di-kham/; https://mathanoibacninh.com/kien-thuc/mo-duc-thuy-tinh-the-co-nguy-hiem/; https://mathanoibacninh.com/chuyen-khoa/glocom/; https://mathanoibacninh.com/chuyen-khoa/dich-kinh-vong-mac/; https://mathanoibacninh.com/kien-thuc/mat-nguoi-cao-tuoi-kham-dinh-ky/; https://mathanoibacninh.com/kien-thuc/thuy-tinh-the-nhan-tao-chon-loai-nao/; https://mathanoibacninh.com/kien-thuc/glocom-co-chua-khoi-duoc-khong/; https://mathanoibacninh.com/kien-thuc/duc-thuy-tinh-the-dau-hieu-som/; https://mathanoibacninh.com/chuyen-khoa/mat-nguoi-cao-tuoi/; https://mathanoibacninh.com/kien-thuc/bo-me-80-tuoi-mo-mat-duoc-khong/; https://mathanoibacninh.com/hoi-dap/mo-mat-va-hoi-phuc/
51,Mắt trẻ em,https://mathanoibacninh.com/hoi-dap/hoi-dap-mat-tre-em/,page,publish,,điều hướng/thông tin bệnh viện,Mắt trẻ em,1,bvmat,2026-08-10 10:02:33,https://mathanoibacninh.com/kien-thuc/con-bi-can-co-tang-do-nua-khong/; https://mathanoibacninh.com/chuyen-khoa/tat-khuc-xa/can-thi/; https://mathanoibacninh.com/kien-thuc/thoi-gian-ngoai-troi-va-can-thi-tre/; https://mathanoibacninh.com/kien-thuc/tre-hoc-online-nhieu-anh-huong-mat/; https://mathanoibacninh.com/kien-thuc/kiem-soat-tien-trien-can-thi-la-gi/; https://mathanoibacninh.com/chuyen-khoa/mat-tre-em/kiem-soat-can-thi/; https://mathanoibacninh.com/hoi-dap/truoc-khi-di-kham/; https://mathanoibacninh.com/kien-thuc/bit-mat-dieu-tri-nhuoc-thi/; https://mathanoibacninh.com/kien-thuc/kham-khuc-xa-gom-nhung-gi/; https://mathanoibacninh.com/kien-thuc/dau-hieu-tre-bi-can-thi-som/; https://mathanoibacninh.com/kien-thuc/con-hay-nheo-mat-khi-xem-tivi/; https://mathanoibacninh.com/chuyen-khoa/mat-tre-em/; https://mathanoibacninh.com/hoi-dap/hoi-dap-mat-tre-em/
52,Kiến thức nhãn khoa,https://mathanoibacninh.com/kien-thuc/,page,publish,,điều hướng/thông tin bệnh viện,Kiến thức nhãn khoa,1,bvmat,2026-08-06 05:10:33,
53,Tin tức,https://mathanoibacninh.com/tin-tuc/,page,publish,,điều hướng/thông tin bệnh viện,Tin tức,1,bvmat,2026-08-06 05:10:33,
54,Khu vực,https://mathanoibacninh.com/khu-vuc/,page,publish,,điều hướng/thông tin bệnh viện,Khu vực,1,bvmat,2026-08-06 05:10:33,
55,Khám mắt tại Bắc Giang,https://mathanoibacninh.com/khu-vuc/kham-mat-bac-giang/,page,publish,,điều hướng/thông tin bệnh viện,Khám mắt tại Bắc Giang,1,bvmat,2026-08-06 05:10:33,
56,Khám mắt tại Bắc Ninh,https://mathanoibacninh.com/khu-vuc/kham-mat-bac-ninh/,page,publish,,điều hướng/thông tin bệnh viện,Khám mắt tại Bắc Ninh,1,bvmat,2026-08-06 05:10:33,
57,Đặt lịch khám,https://mathanoibacninh.com/dat-lich-kham/,page,publish,,điều hướng/thông tin bệnh viện,Đặt lịch khám,1,bvmat,2026-08-06 05:10:33,
58,Liên hệ,https://mathanoibacninh.com/lien-he/,page,publish,,điều hướng/thông tin bệnh viện,Liên hệ,1,bvmat,2026-08-06 05:10:33,
59,Tuyển dụng,https://mathanoibacninh.com/tuyen-dung/,page,publish,,điều hướng/thông tin bệnh viện,Tuyển dụng,1,bvmat,2026-08-06 05:10:33,
60,Chính sách,https://mathanoibacninh.com/chinh-sach/,page,publish,,điều hướng/thông tin bệnh viện,Chính sách,1,bvmat,2026-08-06 05:10:33,
61,Chính sách quyền riêng tư,https://mathanoibacninh.com/chinh-sach/quyen-rieng-tu/,page,publish,,điều hướng/thông tin bệnh viện,Chính sách quyền riêng tư,1,bvmat,2026-08-06 05:10:33,
62,Miễn trừ trách nhiệm y khoa,https://mathanoibacninh.com/chinh-sach/mien-tru-trach-nhiem-y-khoa/,page,publish,,điều hướng/thông tin bệnh viện,Miễn trừ trách nhiệm y khoa,1,bvmat,2026-08-11 18:22:36,
63,Trang đăng ký,https://mathanoibacninh.com/trang-dang-ky/,page,publish,,điều hướng/thông tin bệnh viện,Trang đăng ký,1,bvmat,2026-08-06 05:10:33,
64,Đặt lịch thành công,https://mathanoibacninh.com/dat-lich-thanh-cong/,page,publish,,điều hướng/thông tin bệnh viện,Đặt lịch thành công,1,bvmat,2026-08-06 05:10:33,
73,Hè Đừng Chăm Da Mà Quên Mắt: Bác Sĩ Tiết Lộ Lý Do!,https://mathanoibacninh.com/kien-thuc/he-dung-cham-da-ma-quen-mat-bac-si-tiet-lo-ly-do/,post,publish,Kiến thức nhãn khoa; Mắt và môi trường làm việc,giải thích bệnh và chăm sóc mắt,Hè Đừng Chăm Da Mà Quên Mắt: Bác Sĩ Tiết Lộ Lý Do!,1,bvmat,2026-08-06 21:03:14,
74,Không nên tự ý mua kháng sinh trị đau mắt đỏ,https://mathanoibacninh.com/kien-thuc/khong-nen-tu-y-mua-khang-sinh-tri-dau-mat-do/,post,publish,Giác mạc – kết mạc – khô mắt; Kiến thức nhãn khoa,giải thích bệnh và chăm sóc mắt,Không nên tự ý mua kháng sinh trị đau mắt đỏ,1,bvmat,2026-08-06 21:03:14,
75,Cách đeo lens và tháo lens đơn giản cho người mới bắt đầu,https://mathanoibacninh.com/kien-thuc/cach-deo-lens-va-thao-lens-don-gian-cho-nguoi-moi-bat-dau/,post,publish,Kiến thức nhãn khoa; Tật khúc xạ ở người lớn,giải thích bệnh và chăm sóc mắt,Cách đeo lens và tháo lens đơn giản cho người mới bắt đầu,1,bvmat,2026-08-06 21:03:14,
107,"Cận thị là gì? Nguyên nhân, dấu hiệu và cách nhận biết sớm",https://mathanoibacninh.com/kien-thuc/can-thi-la-gi-nguyen-nhan-va-dau-hieu-2/,post,publish,Kiến thức nhãn khoa; Tật khúc xạ ở người lớn,triệu chứng/khi cần khám,"Cận thị là gì? Nguyên nhân, dấu hiệu và cách nhận biết sớm",1,bvmat,2026-08-23 00:33:31,https://mathanoibacninh.com/kien-thuc/loan-thi-la-gi-khac-can-thi-the-nao/; https://mathanoibacninh.com/kien-thuc/vien-thi-o-nguoi-truong-thanh/; https://mathanoibacninh.com/kien-thuc/mat-mo-mot-ben-khong-phai-can-thi/; https://mathanoibacninh.com/hoi-dap/truoc-khi-di-kham/; https://mathanoibacninh.com/kien-thuc/kham-khuc-xa-gom-nhung-gi/; https://mathanoibacninh.com/kien-thuc/can-thi-tang-do-nhanh-o-nguoi-truong-thanh/; https://mathanoibacninh.com/kien-thuc/do-can-bao-nhieu-la-nang/; https://mathanoibacninh.com/chuyen-khoa/tat-khuc-xa/can-thi/; https://mathanoibacninh.com/chuyen-khoa/tat-khuc-xa/loan-thi/; https://mathanoibacninh.com/chuyen-khoa/tat-khuc-xa/vien-thi/; https://mathanoibacninh.com/kien-thuc/kham-mat-ngoai-gio-hanh-chinh/; https://mathanoibacninh.com/doi-ngu-bac-si/; https://mathanoibacninh.com/kien-thuc/doi-kinh-lien-tuc-ma-van-mo-2/
108,Đổi kính liên tục mà vẫn mờ: bảy nguyên nhân thường gặp,https://mathanoibacninh.com/kien-thuc/doi-kinh-lien-tuc-ma-van-mo-2/,post,publish,Kiến thức nhãn khoa; Tật khúc xạ ở người lớn,giải thích bệnh và chăm sóc mắt,Đổi kính liên tục mà vẫn mờ: bảy nguyên nhân thường gặp,1,bvmat,2026-08-23 00:33:32,https://mathanoibacninh.com/kien-thuc/loan-thi-la-gi-khac-can-thi-the-nao/; https://mathanoibacninh.com/kien-thuc/nhin-mo-do-mat-hay-do-nao/; https://mathanoibacninh.com/hoi-dap/truoc-khi-di-kham/; https://mathanoibacninh.com/kien-thuc/kham-khuc-xa-gom-nhung-gi/; https://mathanoibacninh.com/kien-thuc/do-can-bao-nhieu-la-nang/; https://mathanoibacninh.com/kien-thuc/lai-xe-ban-dem-nhin-kem/; https://mathanoibacninh.com/chuyen-khoa/tat-khuc-xa/can-thi/; https://mathanoibacninh.com/chuyen-khoa/tat-khuc-xa/loan-thi/; https://mathanoibacninh.com/chuyen-khoa/tat-khuc-xa/vien-thi/; https://mathanoibacninh.com/doi-ngu-bac-si/
109,Khám khúc xạ gồm những bước nào và mất bao lâu?,https://mathanoibacninh.com/kien-thuc/kham-khuc-xa-gom-nhung-gi-2/,post,publish,Kiến thức nhãn khoa; Tật khúc xạ ở người lớn,giải thích bệnh và chăm sóc mắt,Khám khúc xạ gồm những bước nào và mất bao lâu?,1,bvmat,2026-08-23 00:33:32,https://mathanoibacninh.com/kien-thuc/loan-thi-la-gi-khac-can-thi-the-nao/; https://mathanoibacninh.com/kien-thuc/nhin-mo-do-mat-hay-do-nao/; https://mathanoibacninh.com/kien-thuc/kham-suc-khoe-thi-luc-cho-cong-nhan/; https://mathanoibacninh.com/kien-thuc/can-thi-la-gi-nguyen-nhan-va-dau-hieu/; https://mathanoibacninh.com/hoi-dap/truoc-khi-di-kham/; https://mathanoibacninh.com/chuyen-khoa/tat-khuc-xa/can-thi/; https://mathanoibacninh.com/chuyen-khoa/tat-khuc-xa/loan-thi/; https://mathanoibacninh.com/chuyen-khoa/tat-khuc-xa/vien-thi/; https://mathanoibacninh.com/doi-ngu-bac-si/
116,"Cận thị là gì? Nguyên nhân, dấu hiệu và cách nhận biết sớm",https://mathanoibacninh.com/kien-thuc/can-thi-la-gi-nguyen-nhan-va-dau-hieu/,post,publish,Kiến thức nhãn khoa; Tật khúc xạ ở người lớn,triệu chứng/khi cần khám,"Cận thị là gì? Nguyên nhân, dấu hiệu và cách nhận biết sớm",1,bvmat,2026-08-10 00:07:35,https://mathanoibacninh.com/kien-thuc/loan-thi-la-gi-khac-can-thi-the-nao/; https://mathanoibacninh.com/kien-thuc/vien-thi-o-nguoi-truong-thanh/; https://mathanoibacninh.com/kien-thuc/mat-mo-mot-ben-khong-phai-can-thi/; https://mathanoibacninh.com/hoi-dap/truoc-khi-di-kham/; https://mathanoibacninh.com/kien-thuc/kham-khuc-xa-gom-nhung-gi/; https://mathanoibacninh.com/kien-thuc/can-thi-tang-do-nhanh-o-nguoi-truong-thanh/; https://mathanoibacninh.com/kien-thuc/do-can-bao-nhieu-la-nang/; https://mathanoibacninh.com/chuyen-khoa/tat-khuc-xa/can-thi/; https://mathanoibacninh.com/chuyen-khoa/tat-khuc-xa/loan-thi/; https://mathanoibacninh.com/chuyen-khoa/tat-khuc-xa/vien-thi/; https://mathanoibacninh.com/kien-thuc/kham-mat-ngoai-gio-hanh-chinh/; https://mathanoibacninh.com/doi-ngu-bac-si/; https://mathanoibacninh.com/kien-thuc/can-thi-la-gi-nguyen-nhan-va-dau-hieu-2/
117,Vì sao cận thị vẫn tăng độ sau 20 tuổi?,https://mathanoibacninh.com/kien-thuc/can-thi-tang-do-nhanh-o-nguoi-truong-thanh/,post,publish,Kiến thức nhãn khoa; Tật khúc xạ ở người lớn,giải thích bệnh và chăm sóc mắt,Vì sao cận thị vẫn tăng độ sau 20 tuổi?,1,bvmat,2026-08-09 07:19:27,https://mathanoibacninh.com/kien-thuc/do-can-bao-nhieu-la-nang/; https://mathanoibacninh.com/chuyen-khoa/tat-khuc-xa/can-thi/; https://mathanoibacninh.com/kien-thuc/doi-kinh-lien-tuc-ma-van-mo/; https://mathanoibacninh.com/kien-thuc/loan-thi-la-gi-khac-can-thi-the-nao/; https://mathanoibacninh.com/chuyen-khoa/tat-khuc-xa/loan-thi/; https://mathanoibacninh.com/kien-thuc/lech-do-hai-mat/; https://mathanoibacninh.com/hoi-dap/truoc-khi-di-kham/; https://mathanoibacninh.com/kien-thuc/bac-giang-gio-thuoc-tinh-nao/; https://mathanoibacninh.com/kien-thuc/kham-khuc-xa-gom-nhung-gi/; https://mathanoibacninh.com/kien-thuc/can-thi-la-gi-nguyen-nhan-va-dau-hieu/; https://mathanoibacninh.com/kien-thuc/mat-va-cong-viec-nha-may/; https://mathanoibacninh.com/chuyen-khoa/tat-khuc-xa/vien-thi/; https://mathanoibacninh.com/doi-ngu-bac-si/
118,Cận bao nhiêu độ là nặng? Cách hiểu con số trên đơn kính,https://mathanoibacninh.com/kien-thuc/do-can-bao-nhieu-la-nang/,post,publish,Kiến thức nhãn khoa; Tật khúc xạ ở người lớn,giải thích bệnh và chăm sóc mắt,Cận bao nhiêu độ là nặng? Cách hiểu con số trên đơn kính,1,bvmat,2026-08-10 00:07:43,https://mathanoibacninh.com/kien-thuc/can-thi-tang-do-nhanh-o-nguoi-truong-thanh/; https://mathanoibacninh.com/kien-thuc/kham-khuc-xa-gom-nhung-gi/; https://mathanoibacninh.com/chuyen-khoa/tat-khuc-xa/can-thi/; https://mathanoibacninh.com/chuyen-khoa/tat-khuc-xa/loan-thi/; https://mathanoibacninh.com/chuyen-khoa/tat-khuc-xa/vien-thi/; https://mathanoibacninh.com/kien-thuc/can-thi-la-gi-nguyen-nhan-va-dau-hieu/; https://mathanoibacninh.com/kien-thuc/loan-thi-la-gi-khac-can-thi-the-nao/; https://mathanoibacninh.com/kien-thuc/vien-thi-o-nguoi-truong-thanh/; https://mathanoibacninh.com/kien-thuc/doi-kinh-lien-tuc-ma-van-mo/; https://mathanoibacninh.com/kien-thuc/lech-do-hai-mat/; https://mathanoibacninh.com/kien-thuc/mat-va-cong-viec-nha-may/; https://mathanoibacninh.com/hoi-dap/truoc-khi-di-kham/; https://mathanoibacninh.com/doi-ngu-bac-si/; https://mathanoibacninh.com/kien-thuc/cach-deo-lens-va-thao-lens-don-gian-cho-nguoi-moi-bat-dau/
119,Đổi kính liên tục mà vẫn mờ: bảy nguyên nhân thường gặp,https://mathanoibacninh.com/kien-thuc/doi-kinh-lien-tuc-ma-van-mo/,post,publish,Kiến thức nhãn khoa; Tật khúc xạ ở người lớn,giải thích bệnh và chăm sóc mắt,Đổi kính liên tục mà vẫn mờ: bảy nguyên nhân thường gặp,1,bvmat,2026-08-10 00:07:37,https://mathanoibacninh.com/kien-thuc/loan-thi-la-gi-khac-can-thi-the-nao/; https://mathanoibacninh.com/kien-thuc/nhin-mo-do-mat-hay-do-nao/; https://mathanoibacninh.com/hoi-dap/truoc-khi-di-kham/; https://mathanoibacninh.com/kien-thuc/kham-khuc-xa-gom-nhung-gi/; https://mathanoibacninh.com/kien-thuc/do-can-bao-nhieu-la-nang/; https://mathanoibacninh.com/kien-thuc/lai-xe-ban-dem-nhin-kem/; https://mathanoibacninh.com/chuyen-khoa/tat-khuc-xa/can-thi/; https://mathanoibacninh.com/chuyen-khoa/tat-khuc-xa/loan-thi/; https://mathanoibacninh.com/chuyen-khoa/tat-khuc-xa/vien-thi/; https://mathanoibacninh.com/doi-ngu-bac-si/; https://mathanoibacninh.com/kien-thuc/doi-kinh-lien-tuc-ma-van-mo-2/
120,Khám khúc xạ gồm những bước nào và mất bao lâu?,https://mathanoibacninh.com/kien-thuc/kham-khuc-xa-gom-nhung-gi/,post,publish,Kiến thức nhãn khoa; Tật khúc xạ ở người lớn,giải thích bệnh và chăm sóc mắt,Khám khúc xạ gồm những bước nào và mất bao lâu?,1,bvmat,2026-08-10 00:07:39,https://mathanoibacninh.com/kien-thuc/loan-thi-la-gi-khac-can-thi-the-nao/; https://mathanoibacninh.com/kien-thuc/nhin-mo-do-mat-hay-do-nao/; https://mathanoibacninh.com/kien-thuc/kham-suc-khoe-thi-luc-cho-cong-nhan/; https://mathanoibacninh.com/kien-thuc/can-thi-la-gi-nguyen-nhan-va-dau-hieu/; https://mathanoibacninh.com/hoi-dap/truoc-khi-di-kham/; https://mathanoibacninh.com/chuyen-khoa/tat-khuc-xa/can-thi/; https://mathanoibacninh.com/chuyen-khoa/tat-khuc-xa/loan-thi/; https://mathanoibacninh.com/chuyen-khoa/tat-khuc-xa/vien-thi/; https://mathanoibacninh.com/doi-ngu-bac-si/; https://mathanoibacninh.com/kien-thuc/kham-khuc-xa-gom-nhung-gi-2/
121,Lệch độ hai mắt: khi nào cần xử lý và xử lý bằng cách nào,https://mathanoibacninh.com/kien-thuc/lech-do-hai-mat/,post,publish,Kiến thức nhãn khoa; Tật khúc xạ ở người lớn,triệu chứng/khi cần khám,Lệch độ hai mắt: khi nào cần xử lý và xử lý bằng cách nào,1,bvmat,2026-08-09 07:19:27,https://mathanoibacninh.com/kien-thuc/can-thi-tang-do-nhanh-o-nguoi-truong-thanh/; https://mathanoibacninh.com/kien-thuc/doi-kinh-lien-tuc-ma-van-mo/; https://mathanoibacninh.com/kien-thuc/mat-mo-mot-ben-khong-phai-can-thi/; https://mathanoibacninh.com/hoi-dap/truoc-khi-di-kham/; https://mathanoibacninh.com/kien-thuc/kham-khuc-xa-gom-nhung-gi/; https://mathanoibacninh.com/kien-thuc/anh-sang-xanh-tu-man-hinh/; https://mathanoibacninh.com/chuyen-khoa/tat-khuc-xa/can-thi/; https://mathanoibacninh.com/chuyen-khoa/tat-khuc-xa/loan-thi/; https://mathanoibacninh.com/chuyen-khoa/tat-khuc-xa/vien-thi/; https://mathanoibacninh.com/doi-ngu-bac-si/
122,Loạn thị là gì và khác cận thị thế nào?,https://mathanoibacninh.com/kien-thuc/loan-thi-la-gi-khac-can-thi-the-nao/,post,publish,Kiến thức nhãn khoa; Tật khúc xạ ở người lớn,giải thích bệnh và chăm sóc mắt,Loạn thị là gì và khác cận thị thế nào?,1,bvmat,2026-08-09 07:19:27,https://mathanoibacninh.com/kien-thuc/do-can-bao-nhieu-la-nang/; https://mathanoibacninh.com/kien-thuc/vien-thi-o-nguoi-truong-thanh/; https://mathanoibacninh.com/kien-thuc/mat-mo-mot-ben-khong-phai-can-thi/; https://mathanoibacninh.com/hoi-dap/truoc-khi-di-kham/; https://mathanoibacninh.com/kien-thuc/kham-khuc-xa-gom-nhung-gi/; https://mathanoibacninh.com/kien-thuc/doi-kinh-lien-tuc-ma-van-mo/; https://mathanoibacninh.com/kien-thuc/bui-va-hoa-chat-trong-moi-truong-lam-viec/; https://mathanoibacninh.com/chuyen-khoa/tat-khuc-xa/can-thi/; https://mathanoibacninh.com/chuyen-khoa/tat-khuc-xa/loan-thi/; https://mathanoibacninh.com/chuyen-khoa/tat-khuc-xa/vien-thi/; https://mathanoibacninh.com/doi-ngu-bac-si/
123,Mắt mờ một bên nhưng không phải cận thị: những khả năng cần loại trừ,https://mathanoibacninh.com/kien-thuc/mat-mo-mot-ben-khong-phai-can-thi/,post,publish,Kiến thức nhãn khoa; Tật khúc xạ ở người lớn,giải thích bệnh và chăm sóc mắt,Mắt mờ một bên nhưng không phải cận thị: những khả năng cần loại trừ,1,bvmat,2026-08-09 07:19:27,https://mathanoibacninh.com/kien-thuc/lech-do-hai-mat/; https://mathanoibacninh.com/kien-thuc/loan-thi-la-gi-khac-can-thi-the-nao/; https://mathanoibacninh.com/kien-thuc/doi-kinh-lien-tuc-ma-van-mo/; https://mathanoibacninh.com/kien-thuc/can-thi-la-gi-nguyen-nhan-va-dau-hieu/; https://mathanoibacninh.com/hoi-dap/truoc-khi-di-kham/; https://mathanoibacninh.com/kien-thuc/nhin-mo-do-mat-hay-do-nao/; https://mathanoibacninh.com/kien-thuc/kham-khuc-xa-gom-nhung-gi/; https://mathanoibacninh.com/kien-thuc/quy-tac-20-20-20-cho-nguoi-lam-may-tinh/; https://mathanoibacninh.com/chuyen-khoa/tat-khuc-xa/can-thi/; https://mathanoibacninh.com/chuyen-khoa/tat-khuc-xa/loan-thi/; https://mathanoibacninh.com/chuyen-khoa/tat-khuc-xa/vien-thi/; https://mathanoibacninh.com/doi-ngu-bac-si/
124,Nhìn mờ là do mắt hay do não? Cách phân biệt ban đầu,https://mathanoibacninh.com/kien-thuc/nhin-mo-do-mat-hay-do-nao/,post,publish,Kiến thức nhãn khoa; Tật khúc xạ ở người lớn,giải thích bệnh và chăm sóc mắt,Nhìn mờ là do mắt hay do não? Cách phân biệt ban đầu,1,bvmat,2026-08-10 00:07:43,https://mathanoibacninh.com/kien-thuc/can-thi-la-gi-nguyen-nhan-va-dau-hieu/; https://mathanoibacninh.com/kien-thuc/vien-thi-o-nguoi-truong-thanh/; https://mathanoibacninh.com/kien-thuc/can-thi-tang-do-nhanh-o-nguoi-truong-thanh/; https://mathanoibacninh.com/kien-thuc/mat-mo-mot-ben-khong-phai-can-thi/; https://mathanoibacninh.com/hoi-dap/truoc-khi-di-kham/; https://mathanoibacninh.com/kien-thuc/kham-khuc-xa-gom-nhung-gi/; https://mathanoibacninh.com/kien-thuc/deo-kinh-bao-ho-dung-cach/; https://mathanoibacninh.com/chuyen-khoa/tat-khuc-xa/can-thi/; https://mathanoibacninh.com/chuyen-khoa/tat-khuc-xa/loan-thi/; https://mathanoibacninh.com/chuyen-khoa/tat-khuc-xa/vien-thi/; https://mathanoibacninh.com/doi-ngu-bac-si/; https://mathanoibacninh.com/kien-thuc/he-dung-cham-da-ma-quen-mat-bac-si-tiet-lo-ly-do/; https://mathanoibacninh.com/kien-thuc/cach-deo-lens-va-thao-lens-don-gian-cho-nguoi-moi-bat-dau/
125,Viễn thị ở người trưởng thành: vì sao nhìn gần lại mỏi?,https://mathanoibacninh.com/kien-thuc/vien-thi-o-nguoi-truong-thanh/,post,publish,Kiến thức nhãn khoa; Tật khúc xạ ở người lớn,giải thích bệnh và chăm sóc mắt,Viễn thị ở người trưởng thành: vì sao nhìn gần lại mỏi?,1,bvmat,2026-08-09 07:19:27,https://mathanoibacninh.com/kien-thuc/mat-mo-mot-ben-khong-phai-can-thi/; https://mathanoibacninh.com/kien-thuc/lech-do-hai-mat/; https://mathanoibacninh.com/hoi-dap/truoc-khi-di-kham/; https://mathanoibacninh.com/kien-thuc/nhin-mo-do-mat-hay-do-nao/; https://mathanoibacninh.com/kien-thuc/kham-khuc-xa-gom-nhung-gi/; https://mathanoibacninh.com/kien-thuc/han-dien-va-tia-cuc-tim/; https://mathanoibacninh.com/chuyen-khoa/tat-khuc-xa/can-thi/; https://mathanoibacninh.com/chuyen-khoa/tat-khuc-xa/loan-thi/; https://mathanoibacninh.com/chuyen-khoa/tat-khuc-xa/vien-thi/; https://mathanoibacninh.com/doi-ngu-bac-si/
140,Cách hạn chế tăng độ cận cho trẻ: việc có căn cứ và việc không,https://mathanoibacninh.com/kien-thuc/cach-han-che-tang-do-can-cho-tre/,post,publish,Cận thị trẻ em; Kiến thức nhãn khoa,giải thích bệnh và chăm sóc mắt,Cách hạn chế tăng độ cận cho trẻ: việc có căn cứ và việc không,1,bvmat,2026-08-09 07:19:27,https://mathanoibacninh.com/kien-thuc/con-bi-can-co-tang-do-nua-khong/; https://mathanoibacninh.com/chuyen-khoa/tat-khuc-xa/can-thi/; https://mathanoibacninh.com/kien-thuc/thoi-gian-ngoai-troi-va-can-thi-tre/; https://mathanoibacninh.com/kien-thuc/tre-hoc-online-nhieu-anh-huong-mat/; https://mathanoibacninh.com/kien-thuc/kiem-soat-tien-trien-can-thi-la-gi/; https://mathanoibacninh.com/chuyen-khoa/mat-tre-em/kiem-soat-can-thi/; https://mathanoibacninh.com/hoi-dap/truoc-khi-di-kham/; https://mathanoibacninh.com/kien-thuc/bit-mat-dieu-tri-nhuoc-thi/; https://mathanoibacninh.com/kien-thuc/kham-khuc-xa-gom-nhung-gi/; https://mathanoibacninh.com/kien-thuc/dau-hieu-tre-bi-can-thi-som/; https://mathanoibacninh.com/kien-thuc/con-hay-nheo-mat-khi-xem-tivi/; https://mathanoibacninh.com/chuyen-khoa/mat-tre-em/; https://mathanoibacninh.com/hoi-dap/hoi-dap-mat-tre-em/; https://mathanoibacninh.com/doi-ngu-bac-si/
141,Con bị cận có tăng độ nữa không? Điều cha mẹ cần biết,https://mathanoibacninh.com/kien-thuc/con-bi-can-co-tang-do-nua-khong/,post,publish,Cận thị trẻ em; Kiến thức nhãn khoa,giải thích bệnh và chăm sóc mắt,Con bị cận có tăng độ nữa không? Điều cha mẹ cần biết,1,bvmat,2026-08-09 07:19:27,https://mathanoibacninh.com/chuyen-khoa/tat-khuc-xa/can-thi/; https://mathanoibacninh.com/kien-thuc/can-thi-tang-do-nhanh-o-nguoi-truong-thanh/; https://mathanoibacninh.com/kien-thuc/cach-han-che-tang-do-can-cho-tre/; https://mathanoibacninh.com/hoi-dap/truoc-khi-di-kham/; https://mathanoibacninh.com/kien-thuc/dau-hieu-tre-bi-can-thi-som/; https://mathanoibacninh.com/kien-thuc/tre-may-tuoi-thi-do-mat-duoc/; https://mathanoibacninh.com/kien-thuc/kiem-soat-tien-trien-can-thi-la-gi/; https://mathanoibacninh.com/chuyen-khoa/mat-tre-em/kiem-soat-can-thi/; https://mathanoibacninh.com/kien-thuc/thoi-gian-ngoai-troi-va-can-thi-tre/; https://mathanoibacninh.com/kien-thuc/tre-deo-kinh-co-bi-phu-thuoc-khong/; https://mathanoibacninh.com/chuyen-khoa/mat-tre-em/; https://mathanoibacninh.com/kien-thuc/nhuoc-thi-la-gi-o-tre/; https://mathanoibacninh.com/hoi-dap/hoi-dap-mat-tre-em/; https://mathanoibacninh.com/doi-ngu-bac-si/
142,"Con hay nheo mắt, nghiêng đầu khi xem tivi là bị gì?",https://mathanoibacninh.com/kien-thuc/con-hay-nheo-mat-khi-xem-tivi/,post,publish,Cận thị trẻ em; Kiến thức nhãn khoa,giải thích bệnh và chăm sóc mắt,"Con hay nheo mắt, nghiêng đầu khi xem tivi là bị gì?",1,bvmat,2026-08-09 07:19:27,https://mathanoibacninh.com/kien-thuc/dau-hieu-tre-bi-can-thi-som/; https://mathanoibacninh.com/chuyen-khoa/tat-khuc-xa/can-thi/; https://mathanoibacninh.com/kien-thuc/lac-trong-lac-ngoai-khac-nhau/; https://mathanoibacninh.com/hoi-dap/truoc-khi-di-kham/; https://mathanoibacninh.com/kien-thuc/sup-mi-o-tre-nho/; https://mathanoibacninh.com/kien-thuc/tre-so-sinh-mat-lac-nhe/; https://mathanoibacninh.com/kien-thuc/kham-khuc-xa-gom-nhung-gi/; https://mathanoibacninh.com/kien-thuc/cach-han-che-tang-do-can-cho-tre/; https://mathanoibacninh.com/kien-thuc/kiem-soat-tien-trien-can-thi-la-gi/; https://mathanoibacninh.com/kien-thuc/tre-hoc-online-nhieu-anh-huong-mat/; https://mathanoibacninh.com/kien-thuc/bit-mat-dieu-tri-nhuoc-thi/; https://mathanoibacninh.com/chuyen-khoa/mat-tre-em/kiem-soat-can-thi/; https://mathanoibacninh.com/chuyen-khoa/mat-tre-em/; https://mathanoibacninh.com/kien-thuc/tre-deo-kinh-co-bi-phu-thuoc-khong/; https://mathanoibacninh.com/hoi-dap/hoi-dap-mat-tre-em/; https://mathanoibacninh.com/doi-ngu-bac-si/
143,Chín dấu hiệu trẻ bị cận thị mà cha mẹ thường bỏ qua,https://mathanoibacninh.com/kien-thuc/dau-hieu-tre-bi-can-thi-som/,post,publish,Cận thị trẻ em; Kiến thức nhãn khoa,triệu chứng/khi cần khám,Chín dấu hiệu trẻ bị cận thị mà cha mẹ thường bỏ qua,1,bvmat,2026-08-10 00:07:35,https://mathanoibacninh.com/kien-thuc/con-bi-can-co-tang-do-nua-khong/; https://mathanoibacninh.com/kien-thuc/nhuoc-thi-dieu-tri-den-tuoi-nao/; https://mathanoibacninh.com/chuyen-khoa/tat-khuc-xa/can-thi/; https://mathanoibacninh.com/kien-thuc/con-hay-nheo-mat-khi-xem-tivi/; https://mathanoibacninh.com/kien-thuc/kham-mat-hoc-duong-cho-hoc-sinh/; https://mathanoibacninh.com/hoi-dap/truoc-khi-di-kham/; https://mathanoibacninh.com/kien-thuc/dong-tu-trang-o-tre/; https://mathanoibacninh.com/kien-thuc/lac-mat-o-tre-co-tu-het-khong/; https://mathanoibacninh.com/kien-thuc/tre-may-tuoi-thi-do-mat-duoc/; https://mathanoibacninh.com/kien-thuc/kiem-soat-tien-trien-can-thi-la-gi/; https://mathanoibacninh.com/chuyen-khoa/mat-tre-em/kiem-soat-can-thi/; https://mathanoibacninh.com/kien-thuc/thoi-gian-ngoai-troi-va-can-thi-tre/; https://mathanoibacninh.com/kien-thuc/tre-hoc-online-nhieu-anh-huong-mat/; https://mathanoibacninh.com/chuyen-khoa/mat-tre-em/; https://mathanoibacninh.com/hoi-dap/hoi-dap-mat-tre-em/; https://mathanoibacninh.com/doi-ngu-bac-si/; https://mathanoibacninh.com/kien-thuc/can-thi-la-gi-nguyen-nhan-va-dau-hieu-2/
144,Khám mắt học đường: sàng lọc gì và cha mẹ cần làm gì sau đó,https://mathanoibacninh.com/kien-thuc/kham-mat-hoc-duong-cho-hoc-sinh/,post,publish,Cận thị trẻ em; Kiến thức nhãn khoa,giải thích bệnh và chăm sóc mắt,Khám mắt học đường: sàng lọc gì và cha mẹ cần làm gì sau đó,1,bvmat,2026-08-09 07:19:26,https://mathanoibacninh.com/kien-thuc/dau-hieu-tre-bi-can-thi-som/; https://mathanoibacninh.com/kien-thuc/kham-khuc-xa-gom-nhung-gi/; https://mathanoibacninh.com/hoi-dap/truoc-khi-di-kham/; https://mathanoibacninh.com/kien-thuc/sup-mi-o-tre-nho/; https://mathanoibacninh.com/kien-thuc/con-bi-can-co-tang-do-nua-khong/; https://mathanoibacninh.com/kien-thuc/kiem-soat-tien-trien-can-thi-la-gi/; https://mathanoibacninh.com/chuyen-khoa/mat-tre-em/kiem-soat-can-thi/; https://mathanoibacninh.com/kien-thuc/con-hay-nheo-mat-khi-xem-tivi/; https://mathanoibacninh.com/chuyen-khoa/mat-tre-em/; https://mathanoibacninh.com/chuyen-khoa/tat-khuc-xa/can-thi/; https://mathanoibacninh.com/kien-thuc/tre-deo-kinh-co-bi-phu-thuoc-khong/; https://mathanoibacninh.com/hoi-dap/hoi-dap-mat-tre-em/; https://mathanoibacninh.com/doi-ngu-bac-si/
145,Thời gian ngoài trời và cận thị ở trẻ: bằng chứng nói gì,https://mathanoibacninh.com/kien-thuc/thoi-gian-ngoai-troi-va-can-thi-tre/,post,publish,Cận thị trẻ em; Kiến thức nhãn khoa,giải thích bệnh và chăm sóc mắt,Thời gian ngoài trời và cận thị ở trẻ: bằng chứng nói gì,1,bvmat,2026-08-09 07:19:27,https://mathanoibacninh.com/chuyen-khoa/tat-khuc-xa/can-thi/; https://mathanoibacninh.com/kien-thuc/cach-han-che-tang-do-can-cho-tre/; https://mathanoibacninh.com/kien-thuc/con-bi-can-co-tang-do-nua-khong/; https://mathanoibacninh.com/kien-thuc/tre-may-tuoi-thi-do-mat-duoc/; https://mathanoibacninh.com/kien-thuc/kham-mat-hoc-duong-cho-hoc-sinh/; https://mathanoibacninh.com/kien-thuc/dong-tu-trang-o-tre/; https://mathanoibacninh.com/kien-thuc/tre-cham-phan-ung-anh-sang/; https://mathanoibacninh.com/kien-thuc/kham-khuc-xa-gom-nhung-gi/; https://mathanoibacninh.com/kien-thuc/tre-deo-kinh-co-bi-phu-thuoc-khong/; https://mathanoibacninh.com/chuyen-khoa/mat-tre-em/kiem-soat-can-thi/; https://mathanoibacninh.com/kien-thuc/tre-hoc-online-nhieu-anh-huong-mat/; https://mathanoibacninh.com/chuyen-khoa/mat-tre-em/; https://mathanoibacninh.com/hoi-dap/hoi-dap-mat-tre-em/; https://mathanoibacninh.com/doi-ngu-bac-si/
146,Trẻ đeo kính có bị phụ thuộc và tăng độ nhanh hơn không?,https://mathanoibacninh.com/kien-thuc/tre-deo-kinh-co-bi-phu-thuoc-khong/,post,publish,Cận thị trẻ em; Kiến thức nhãn khoa,giải thích bệnh và chăm sóc mắt,Trẻ đeo kính có bị phụ thuộc và tăng độ nhanh hơn không?,1,bvmat,2026-08-09 07:20:19,https://mathanoibacninh.com/chuyen-khoa/tat-khuc-xa/can-thi/; https://mathanoibacninh.com/kien-thuc/con-bi-can-co-tang-do-nua-khong/; https://mathanoibacninh.com/hoi-dap/truoc-khi-di-kham/; https://mathanoibacninh.com/kien-thuc/con-hay-nheo-mat-khi-xem-tivi/; https://mathanoibacninh.com/kien-thuc/kham-mat-cho-tre-truoc-tuoi-di-hoc/; https://mathanoibacninh.com/kien-thuc/kham-khuc-xa-gom-nhung-gi/; https://mathanoibacninh.com/kien-thuc/kiem-soat-tien-trien-can-thi-la-gi/; https://mathanoibacninh.com/chuyen-khoa/mat-tre-em/kiem-soat-can-thi/; https://mathanoibacninh.com/chuyen-khoa/mat-tre-em/; https://mathanoibacninh.com/kien-thuc/dau-hieu-tre-bi-can-thi-som/; https://mathanoibacninh.com/hoi-dap/hoi-dap-mat-tre-em/; https://mathanoibacninh.com/doi-ngu-bac-si/
147,Trẻ học trực tuyến nhiều ảnh hưởng mắt thế nào?,https://mathanoibacninh.com/kien-thuc/tre-hoc-online-nhieu-anh-huong-mat/,post,publish,Cận thị trẻ em; Kiến thức nhãn khoa,giải thích bệnh và chăm sóc mắt,Trẻ học trực tuyến nhiều ảnh hưởng mắt thế nào?,1,bvmat,2026-08-09 07:19:26,https://mathanoibacninh.com/chuyen-khoa/tat-khuc-xa/can-thi/; https://mathanoibacninh.com/kien-thuc/con-bi-can-co-tang-do-nua-khong/; https://mathanoibacninh.com/kien-thuc/thoi-gian-ngoai-troi-va-can-thi-tre/; https://mathanoibacninh.com/kien-thuc/cach-han-che-tang-do-can-cho-tre/; https://mathanoibacninh.com/kien-thuc/dau-hieu-tre-bi-can-thi-som/; https://mathanoibacninh.com/kien-thuc/kham-mat-hoc-duong-cho-hoc-sinh/; https://mathanoibacninh.com/kien-thuc/con-hay-nheo-mat-khi-xem-tivi/; https://mathanoibacninh.com/kien-thuc/tre-cham-phan-ung-anh-sang/; https://mathanoibacninh.com/kien-thuc/kham-khuc-xa-gom-nhung-gi/; https://mathanoibacninh.com/kien-thuc/kiem-soat-tien-trien-can-thi-la-gi/; https://mathanoibacninh.com/chuyen-khoa/mat-tre-em/kiem-soat-can-thi/; https://mathanoibacninh.com/chuyen-khoa/mat-tre-em/; https://mathanoibacninh.com/hoi-dap/hoi-dap-mat-tre-em/; https://mathanoibacninh.com/doi-ngu-bac-si/
148,Trẻ mấy tuổi thì đo mắt được? Mốc kiểm tra theo tuổi,https://mathanoibacninh.com/kien-thuc/tre-may-tuoi-thi-do-mat-duoc/,post,publish,Cận thị trẻ em; Kiến thức nhãn khoa,giải thích bệnh và chăm sóc mắt,Trẻ mấy tuổi thì đo mắt được? Mốc kiểm tra theo tuổi,1,bvmat,2026-08-09 07:19:27,https://mathanoibacninh.com/kien-thuc/lac-mat-o-tre-co-tu-het-khong/; https://mathanoibacninh.com/kien-thuc/kiem-soat-tien-trien-can-thi-la-gi/; https://mathanoibacninh.com/chuyen-khoa/mat-tre-em/kiem-soat-can-thi/; https://mathanoibacninh.com/kien-thuc/dong-tu-trang-o-tre/; https://mathanoibacninh.com/kien-thuc/lac-trong-lac-ngoai-khac-nhau/; https://mathanoibacninh.com/kien-thuc/con-hay-nheo-mat-khi-xem-tivi/; https://mathanoibacninh.com/kien-thuc/kham-mat-hoc-duong-cho-hoc-sinh/; https://mathanoibacninh.com/hoi-dap/truoc-khi-di-kham/; https://mathanoibacninh.com/kien-thuc/tre-so-sinh-mat-lac-nhe/; https://mathanoibacninh.com/kien-thuc/sup-mi-o-tre-nho/; https://mathanoibacninh.com/kien-thuc/kham-khuc-xa-gom-nhung-gi/; https://mathanoibacninh.com/kien-thuc/cach-han-che-tang-do-can-cho-tre/; https://mathanoibacninh.com/kien-thuc/dau-hieu-tre-bi-can-thi-som/; https://mathanoibacninh.com/kien-thuc/thoi-gian-ngoai-troi-va-can-thi-tre/; https://mathanoibacninh.com/chuyen-khoa/mat-tre-em/; https://mathanoibacninh.com/chuyen-khoa/tat-khuc-xa/can-thi/; https://mathanoibacninh.com/hoi-dap/hoi-dap-mat-tre-em/; https://mathanoibacninh.com/doi-ngu-bac-si/
149,Bố mẹ 80 tuổi mổ mắt được không? Yếu tố bác sĩ cân nhắc,https://mathanoibacninh.com/kien-thuc/bo-me-80-tuoi-mo-mat-duoc-khong/,post,publish,Kiến thức nhãn khoa; Mắt người cao tuổi,điều trị/theo dõi,Bố mẹ 80 tuổi mổ mắt được không? Yếu tố bác sĩ cân nhắc,1,bvmat,2026-08-10 00:07:41,https://mathanoibacninh.com/kien-thuc/mo-duc-thuy-tinh-the-co-nguy-hiem/; https://mathanoibacninh.com/kien-thuc/nguoi-gia-mat-mo-nhin-khong-ro/; https://mathanoibacninh.com/hoi-dap/truoc-khi-di-kham/; https://mathanoibacninh.com/kien-thuc/glocom-cap-dau-mat-du-doi/; https://mathanoibacninh.com/kien-thuc/thuy-tinh-the-nhan-tao-chon-loai-nao/; https://mathanoibacninh.com/kien-thuc/mo-mat-bao-lau-thi-nhin-ro/; https://mathanoibacninh.com/kien-thuc/sau-mo-mat-kieng-an-gi-kieng-lam-gi/; https://mathanoibacninh.com/chuyen-khoa/mat-nguoi-cao-tuoi/; https://mathanoibacninh.com/chuyen-khoa/glocom/; https://mathanoibacninh.com/chuyen-khoa/dich-kinh-vong-mac/; https://mathanoibacninh.com/kien-thuc/mat-nguoi-cao-tuoi-kham-dinh-ky/; https://mathanoibacninh.com/kien-thuc/duc-thuy-tinh-the-dau-hieu-som/; https://mathanoibacninh.com/hoi-dap/mo-mat-va-hoi-phuc/; https://mathanoibacninh.com/doi-ngu-bac-si/; https://mathanoibacninh.com/kien-thuc/he-dung-cham-da-ma-quen-mat-bac-si-tiet-lo-ly-do/
150,Đục thuỷ tinh thể: dấu hiệu sớm và tiến triển theo thời gian,https://mathanoibacninh.com/kien-thuc/duc-thuy-tinh-the-dau-hieu-som/,post,publish,Kiến thức nhãn khoa; Mắt người cao tuổi,triệu chứng/khi cần khám,Đục thuỷ tinh thể: dấu hiệu sớm và tiến triển theo thời gian,1,bvmat,2026-08-09 07:19:27,https://mathanoibacninh.com/kien-thuc/nguoi-gia-mat-mo-nhin-khong-ro/; https://mathanoibacninh.com/hoi-dap/truoc-khi-di-kham/; https://mathanoibacninh.com/kien-thuc/glocom-cap-dau-mat-du-doi/; https://mathanoibacninh.com/chuyen-khoa/dich-kinh-vong-mac/; https://mathanoibacninh.com/kien-thuc/do-nhan-ap-la-gi/; https://mathanoibacninh.com/kien-thuc/mo-duc-thuy-tinh-the-co-nguy-hiem/; https://mathanoibacninh.com/kien-thuc/mat-nguoi-cao-tuoi-kham-dinh-ky/; https://mathanoibacninh.com/chuyen-khoa/mat-nguoi-cao-tuoi/; https://mathanoibacninh.com/chuyen-khoa/glocom/; https://mathanoibacninh.com/kien-thuc/bo-me-80-tuoi-mo-mat-duoc-khong/; https://mathanoibacninh.com/kien-thuc/sau-mo-mat-kieng-an-gi-kieng-lam-gi/; https://mathanoibacninh.com/kien-thuc/cuom-nuoc-va-cuom-kho-khac-nhau/; https://mathanoibacninh.com/kien-thuc/mat-keo-may-la-benh-gi/; https://mathanoibacninh.com/hoi-dap/mo-mat-va-hoi-phuc/; https://mathanoibacninh.com/doi-ngu-bac-si/
151,Lão thị và đục thuỷ tinh thể khác nhau thế nào?,https://mathanoibacninh.com/kien-thuc/lao-thi-va-duc-thuy-tinh-the-khac-nhau/,post,publish,Kiến thức nhãn khoa; Mắt người cao tuổi,giải thích bệnh và chăm sóc mắt,Lão thị và đục thuỷ tinh thể khác nhau thế nào?,1,bvmat,2026-08-09 07:19:27,https://mathanoibacninh.com/kien-thuc/duc-thuy-tinh-the-dau-hieu-som/; https://mathanoibacninh.com/kien-thuc/nguoi-gia-mat-mo-nhin-khong-ro/; https://mathanoibacninh.com/kien-thuc/mat-nguoi-cao-tuoi-kham-dinh-ky/; https://mathanoibacninh.com/hoi-dap/truoc-khi-di-kham/; https://mathanoibacninh.com/chuyen-khoa/glocom/; https://mathanoibacninh.com/chuyen-khoa/dich-kinh-vong-mac/; https://mathanoibacninh.com/kien-thuc/do-nhan-ap-la-gi/; https://mathanoibacninh.com/kien-thuc/thi-truong-mat-thu-hep-dan/; https://mathanoibacninh.com/kien-thuc/thuy-tinh-the-nhan-tao-chon-loai-nao/; https://mathanoibacninh.com/kien-thuc/mo-duc-thuy-tinh-the-co-nguy-hiem/; https://mathanoibacninh.com/kien-thuc/mat-keo-may-la-benh-gi/; https://mathanoibacninh.com/chuyen-khoa/mat-nguoi-cao-tuoi/; https://mathanoibacninh.com/hoi-dap/mo-mat-va-hoi-phuc/; https://mathanoibacninh.com/doi-ngu-bac-si/
152,Mắt kéo mây là bệnh gì? Có chữa được không?,https://mathanoibacninh.com/kien-thuc/mat-keo-may-la-benh-gi/,post,publish,Kiến thức nhãn khoa; Mắt người cao tuổi,giải thích bệnh và chăm sóc mắt,Mắt kéo mây là bệnh gì? Có chữa được không?,1,bvmat,2026-08-09 07:19:27,https://mathanoibacninh.com/kien-thuc/cuom-nuoc-va-cuom-kho-khac-nhau/; https://mathanoibacninh.com/kien-thuc/duc-thuy-tinh-the-dau-hieu-som/; https://mathanoibacninh.com/chuyen-khoa/dich-kinh-vong-mac/; https://mathanoibacninh.com/kien-thuc/glocom-cuom-nuoc-la-benh-gi/; https://mathanoibacninh.com/chuyen-khoa/glocom/; https://mathanoibacninh.com/hoi-dap/truoc-khi-di-kham/; https://mathanoibacninh.com/kien-thuc/glocom-cap-dau-mat-du-doi/; https://mathanoibacninh.com/kien-thuc/do-nhan-ap-la-gi/; https://mathanoibacninh.com/kien-thuc/mat-nguoi-cao-tuoi-kham-dinh-ky/; https://mathanoibacninh.com/kien-thuc/mo-duc-thuy-tinh-the-co-nguy-hiem/; https://mathanoibacninh.com/chuyen-khoa/mat-nguoi-cao-tuoi/; https://mathanoibacninh.com/kien-thuc/nguoi-gia-mat-mo-nhin-khong-ro/; https://mathanoibacninh.com/kien-thuc/mo-mat-bao-lau-thi-nhin-ro/; https://mathanoibacninh.com/hoi-dap/mo-mat-va-hoi-phuc/; https://mathanoibacninh.com/doi-ngu-bac-si/
153,Mắt người cao tuổi: lịch khám định kỳ và những bệnh cần tầm soát,https://mathanoibacninh.com/kien-thuc/mat-nguoi-cao-tuoi-kham-dinh-ky/,post,publish,Kiến thức nhãn khoa; Mắt người cao tuổi,giải thích bệnh và chăm sóc mắt,Mắt người cao tuổi: lịch khám định kỳ và những bệnh cần tầm soát,1,bvmat,2026-08-09 07:19:27,https://mathanoibacninh.com/kien-thuc/nguoi-gia-mat-mo-nhin-khong-ro/; https://mathanoibacninh.com/kien-thuc/glocom-co-di-truyen-khong/; https://mathanoibacninh.com/hoi-dap/truoc-khi-di-kham/; https://mathanoibacninh.com/chuyen-khoa/glocom/; https://mathanoibacninh.com/chuyen-khoa/dich-kinh-vong-mac/; https://mathanoibacninh.com/kien-thuc/do-nhan-ap-la-gi/; https://mathanoibacninh.com/kien-thuc/thi-truong-mat-thu-hep-dan/; https://mathanoibacninh.com/kien-thuc/duc-thuy-tinh-the-dau-hieu-som/; https://mathanoibacninh.com/kien-thuc/mat-keo-may-la-benh-gi/; https://mathanoibacninh.com/kien-thuc/bo-me-80-tuoi-mo-mat-duoc-khong/; https://mathanoibacninh.com/kien-thuc/lao-thi-va-duc-thuy-tinh-the-khac-nhau/; https://mathanoibacninh.com/chuyen-khoa/mat-nguoi-cao-tuoi/; https://mathanoibacninh.com/hoi-dap/mo-mat-va-hoi-phuc/; https://mathanoibacninh.com/doi-ngu-bac-si/
154,Mổ đục thuỷ tinh thể có nguy hiểm không? Nói thật về rủi ro,https://mathanoibacninh.com/kien-thuc/mo-duc-thuy-tinh-the-co-nguy-hiem/,post,publish,Kiến thức nhãn khoa; Mắt người cao tuổi,triệu chứng/khi cần khám,Mổ đục thuỷ tinh thể có nguy hiểm không? Nói thật về rủi ro,1,bvmat,2026-08-09 07:20:19,https://mathanoibacninh.com/kien-thuc/bo-me-80-tuoi-mo-mat-duoc-khong/; https://mathanoibacninh.com/kien-thuc/mo-mat-bao-lau-thi-nhin-ro/; https://mathanoibacninh.com/chuyen-khoa/dich-kinh-vong-mac/; https://mathanoibacninh.com/hoi-dap/truoc-khi-di-kham/; https://mathanoibacninh.com/kien-thuc/glocom-cap-dau-mat-du-doi/; https://mathanoibacninh.com/kien-thuc/ai-de-bi-glocom/; https://mathanoibacninh.com/kien-thuc/sau-mo-mat-kieng-an-gi-kieng-lam-gi/; https://mathanoibacninh.com/kien-thuc/cuom-nuoc-va-cuom-kho-khac-nhau/; https://mathanoibacninh.com/chuyen-khoa/mat-nguoi-cao-tuoi/; https://mathanoibacninh.com/chuyen-khoa/glocom/; https://mathanoibacninh.com/kien-thuc/lao-thi-va-duc-thuy-tinh-the-khac-nhau/; https://mathanoibacninh.com/hoi-dap/mo-mat-va-hoi-phuc/; https://mathanoibacninh.com/doi-ngu-bac-si/
155,Mổ mắt bao lâu thì nhìn rõ? Mốc hồi phục theo ngày,https://mathanoibacninh.com/kien-thuc/mo-mat-bao-lau-thi-nhin-ro/,post,publish,Kiến thức nhãn khoa; Mắt người cao tuổi,điều trị/theo dõi,Mổ mắt bao lâu thì nhìn rõ? Mốc hồi phục theo ngày,1,bvmat,2026-08-09 07:20:19,https://mathanoibacninh.com/kien-thuc/nguoi-gia-mat-mo-nhin-khong-ro/; https://mathanoibacninh.com/kien-thuc/thuy-tinh-the-nhan-tao-chon-loai-nao/; https://mathanoibacninh.com/hoi-dap/truoc-khi-di-kham/; https://mathanoibacninh.com/kien-thuc/mo-duc-thuy-tinh-the-co-nguy-hiem/; https://mathanoibacninh.com/chuyen-khoa/glocom/; https://mathanoibacninh.com/kien-thuc/do-nhan-ap-la-gi/; https://mathanoibacninh.com/kien-thuc/sau-mo-mat-kieng-an-gi-kieng-lam-gi/; https://mathanoibacninh.com/kien-thuc/mat-nguoi-cao-tuoi-kham-dinh-ky/; https://mathanoibacninh.com/kien-thuc/mat-keo-may-la-benh-gi/; https://mathanoibacninh.com/chuyen-khoa/mat-nguoi-cao-tuoi/; https://mathanoibacninh.com/chuyen-khoa/dich-kinh-vong-mac/; https://mathanoibacninh.com/kien-thuc/bo-me-80-tuoi-mo-mat-duoc-khong/; https://mathanoibacninh.com/hoi-dap/mo-mat-va-hoi-phuc/; https://mathanoibacninh.com/doi-ngu-bac-si/
156,Người già mắt mờ nhìn không rõ là bệnh gì? Bốn nguyên nhân chính,https://mathanoibacninh.com/kien-thuc/nguoi-gia-mat-mo-nhin-khong-ro/,post,publish,Kiến thức nhãn khoa; Mắt người cao tuổi,giải thích bệnh và chăm sóc mắt,Người già mắt mờ nhìn không rõ là bệnh gì? Bốn nguyên nhân chính,1,bvmat,2026-08-09 07:19:26,https://mathanoibacninh.com/kien-thuc/lao-thi-va-duc-thuy-tinh-the-khac-nhau/; https://mathanoibacninh.com/kien-thuc/duc-thuy-tinh-the-dau-hieu-som/; https://mathanoibacninh.com/chuyen-khoa/glocom/; https://mathanoibacninh.com/kien-thuc/dau-hieu-glocom-giai-doan-som/; https://mathanoibacninh.com/chuyen-khoa/dich-kinh-vong-mac/; https://mathanoibacninh.com/kien-thuc/ai-de-bi-glocom/; https://mathanoibacninh.com/hoi-dap/truoc-khi-di-kham/; https://mathanoibacninh.com/kien-thuc/glocom-cap-dau-mat-du-doi/; https://mathanoibacninh.com/kien-thuc/do-nhan-ap-la-gi/; https://mathanoibacninh.com/kien-thuc/thuy-tinh-the-nhan-tao-chon-loai-nao/; https://mathanoibacninh.com/kien-thuc/mat-nguoi-cao-tuoi-kham-dinh-ky/; https://mathanoibacninh.com/chuyen-khoa/mat-nguoi-cao-tuoi/; https://mathanoibacninh.com/kien-thuc/bo-me-80-tuoi-mo-mat-duoc-khong/; https://mathanoibacninh.com/kien-thuc/mo-duc-thuy-tinh-the-co-nguy-hiem/; https://mathanoibacninh.com/hoi-dap/mo-mat-va-hoi-phuc/; https://mathanoibacninh.com/doi-ngu-bac-si/
157,"Sau mổ mắt kiêng ăn gì, kiêng làm gì? Danh sách theo tuần",https://mathanoibacninh.com/kien-thuc/sau-mo-mat-kieng-an-gi-kieng-lam-gi/,post,publish,Kiến thức nhãn khoa; Mắt người cao tuổi,điều trị/theo dõi,"Sau mổ mắt kiêng ăn gì, kiêng làm gì? Danh sách theo tuần",1,bvmat,2026-08-09 07:19:26,https://mathanoibacninh.com/kien-thuc/mo-mat-bao-lau-thi-nhin-ro/; https://mathanoibacninh.com/kien-thuc/do-nhan-ap-la-gi/; https://mathanoibacninh.com/hoi-dap/truoc-khi-di-kham/; https://mathanoibacninh.com/kien-thuc/mo-duc-thuy-tinh-the-co-nguy-hiem/; https://mathanoibacninh.com/chuyen-khoa/glocom/; https://mathanoibacninh.com/chuyen-khoa/dich-kinh-vong-mac/; https://mathanoibacninh.com/kien-thuc/mat-nguoi-cao-tuoi-kham-dinh-ky/; https://mathanoibacninh.com/kien-thuc/thuy-tinh-the-nhan-tao-chon-loai-nao/; https://mathanoibacninh.com/kien-thuc/glocom-co-chua-khoi-duoc-khong/; https://mathanoibacninh.com/kien-thuc/duc-thuy-tinh-the-dau-hieu-som/; https://mathanoibacninh.com/chuyen-khoa/mat-nguoi-cao-tuoi/; https://mathanoibacninh.com/kien-thuc/bo-me-80-tuoi-mo-mat-duoc-khong/; https://mathanoibacninh.com/hoi-dap/mo-mat-va-hoi-phuc/; https://mathanoibacninh.com/doi-ngu-bac-si/
158,Thuỷ tinh thể nhân tạo: các nhóm và cách bác sĩ chọn,https://mathanoibacninh.com/kien-thuc/thuy-tinh-the-nhan-tao-chon-loai-nao/,post,publish,Kiến thức nhãn khoa; Mắt người cao tuổi,giải thích bệnh và chăm sóc mắt,Thuỷ tinh thể nhân tạo: các nhóm và cách bác sĩ chọn,1,bvmat,2026-08-09 07:19:26,https://mathanoibacninh.com/kien-thuc/mo-duc-thuy-tinh-the-co-nguy-hiem/; https://mathanoibacninh.com/kien-thuc/mat-nguoi-cao-tuoi-kham-dinh-ky/; https://mathanoibacninh.com/hoi-dap/truoc-khi-di-kham/; https://mathanoibacninh.com/chuyen-khoa/glocom/; https://mathanoibacninh.com/chuyen-khoa/dich-kinh-vong-mac/; https://mathanoibacninh.com/kien-thuc/nguoi-gia-mat-mo-nhin-khong-ro/; https://mathanoibacninh.com/kien-thuc/thuoc-nho-mat-ha-nhan-ap-dung-dung/; https://mathanoibacninh.com/kien-thuc/lao-thi-va-duc-thuy-tinh-the-khac-nhau/; https://mathanoibacninh.com/kien-thuc/mat-keo-may-la-benh-gi/; https://mathanoibacninh.com/chuyen-khoa/mat-nguoi-cao-tuoi/; https://mathanoibacninh.com/kien-thuc/mo-mat-bao-lau-thi-nhin-ro/; https://mathanoibacninh.com/hoi-dap/mo-mat-va-hoi-phuc/; https://mathanoibacninh.com/doi-ngu-bac-si/
159,Ai dễ bị glôcôm? Bảy nhóm nguy cơ cần tầm soát định kỳ,https://mathanoibacninh.com/kien-thuc/ai-de-bi-glocom/,post,publish,Glôcôm – cườm nước; Kiến thức nhãn khoa,giải thích bệnh và chăm sóc mắt,Ai dễ bị glôcôm? Bảy nhóm nguy cơ cần tầm soát định kỳ,1,bvmat,2026-08-09 07:19:48,https://mathanoibacninh.com/kien-thuc/dau-hieu-glocom-giai-doan-som/; https://mathanoibacninh.com/kien-thuc/thi-truong-mat-thu-hep-dan/; https://mathanoibacninh.com/kien-thuc/mat-nguoi-cao-tuoi-kham-dinh-ky/; https://mathanoibacninh.com/kien-thuc/glocom-co-di-truyen-khong/; https://mathanoibacninh.com/chuyen-khoa/dich-kinh-vong-mac/; https://mathanoibacninh.com/kien-thuc/glocom-cap-dau-mat-du-doi/; https://mathanoibacninh.com/hoi-dap/truoc-khi-di-kham/; https://mathanoibacninh.com/kien-thuc/do-nhan-ap-la-gi/; https://mathanoibacninh.com/kien-thuc/thuoc-nho-mat-ha-nhan-ap-dung-dung/; https://mathanoibacninh.com/kien-thuc/glocom-co-chua-khoi-duoc-khong/; https://mathanoibacninh.com/kien-thuc/cuom-nuoc-va-cuom-kho-khac-nhau/; https://mathanoibacninh.com/kien-thuc/mo-duc-thuy-tinh-the-co-nguy-hiem/; https://mathanoibacninh.com/chuyen-khoa/glocom/; https://mathanoibacninh.com/chuyen-khoa/mat-nguoi-cao-tuoi/; https://mathanoibacninh.com/kien-thuc/glocom-cuom-nuoc-la-benh-gi/; https://mathanoibacninh.com/doi-ngu-bac-si/
160,Cườm nước và cườm khô khác nhau thế nào?,https://mathanoibacninh.com/kien-thuc/cuom-nuoc-va-cuom-kho-khac-nhau/,post,publish,Glôcôm – cườm nước; Kiến thức nhãn khoa,giải thích bệnh và chăm sóc mắt,Cườm nước và cườm khô khác nhau thế nào?,1,bvmat,2026-08-09 07:19:26,https://mathanoibacninh.com/kien-thuc/duc-thuy-tinh-the-dau-hieu-som/; https://mathanoibacninh.com/kien-thuc/thi-truong-mat-thu-hep-dan/; https://mathanoibacninh.com/kien-thuc/glocom-co-chua-khoi-duoc-khong/; https://mathanoibacninh.com/kien-thuc/mo-duc-thuy-tinh-the-co-nguy-hiem/; https://mathanoibacninh.com/hoi-dap/truoc-khi-di-kham/; https://mathanoibacninh.com/kien-thuc/dau-hieu-glocom-giai-doan-som/; https://mathanoibacninh.com/kien-thuc/glocom-cap-dau-mat-du-doi/; https://mathanoibacninh.com/chuyen-khoa/dich-kinh-vong-mac/; https://mathanoibacninh.com/kien-thuc/do-nhan-ap-la-gi/; https://mathanoibacninh.com/kien-thuc/mat-nguoi-cao-tuoi-kham-dinh-ky/; https://mathanoibacninh.com/chuyen-khoa/glocom/; https://mathanoibacninh.com/chuyen-khoa/mat-nguoi-cao-tuoi/; https://mathanoibacninh.com/kien-thuc/glocom-cuom-nuoc-la-benh-gi/; https://mathanoibacninh.com/doi-ngu-bac-si/
161,Glôcôm giai đoạn sớm gần như không có dấu hiệu — làm sao phát hiện,https://mathanoibacninh.com/kien-thuc/dau-hieu-glocom-giai-doan-som/,post,publish,Glôcôm – cườm nước; Kiến thức nhãn khoa,triệu chứng/khi cần khám,Glôcôm giai đoạn sớm gần như không có dấu hiệu — làm sao phát hiện,1,bvmat,2026-08-09 07:20:19,https://mathanoibacninh.com/kien-thuc/thi-truong-mat-thu-hep-dan/; https://mathanoibacninh.com/kien-thuc/ai-de-bi-glocom/; https://mathanoibacninh.com/kien-thuc/glocom-co-di-truyen-khong/; https://mathanoibacninh.com/kien-thuc/mat-nguoi-cao-tuoi-kham-dinh-ky/; https://mathanoibacninh.com/kien-thuc/do-nhan-ap-la-gi/; https://mathanoibacninh.com/hoi-dap/truoc-khi-di-kham/; https://mathanoibacninh.com/kien-thuc/glocom-cap-dau-mat-du-doi/; https://mathanoibacninh.com/chuyen-khoa/dich-kinh-vong-mac/; https://mathanoibacninh.com/kien-thuc/nguoi-gia-mat-mo-nhin-khong-ro/; https://mathanoibacninh.com/kien-thuc/thuoc-nho-mat-ha-nhan-ap-dung-dung/; https://mathanoibacninh.com/kien-thuc/cuom-nuoc-va-cuom-kho-khac-nhau/; https://mathanoibacninh.com/chuyen-khoa/glocom/; https://mathanoibacninh.com/chuyen-khoa/mat-nguoi-cao-tuoi/; https://mathanoibacninh.com/doi-ngu-bac-si/
162,Đo nhãn áp là gì và con số bao nhiêu là bình thường?,https://mathanoibacninh.com/kien-thuc/do-nhan-ap-la-gi/,post,publish,Glôcôm – cườm nước; Kiến thức nhãn khoa,giải thích bệnh và chăm sóc mắt,Đo nhãn áp là gì và con số bao nhiêu là bình thường?,1,bvmat,2026-08-09 07:19:26,https://mathanoibacninh.com/kien-thuc/glocom-cuom-nuoc-la-benh-gi/; https://mathanoibacninh.com/kien-thuc/thi-truong-mat-thu-hep-dan/; https://mathanoibacninh.com/kien-thuc/dau-hieu-glocom-giai-doan-som/; https://mathanoibacninh.com/kien-thuc/ai-de-bi-glocom/; https://mathanoibacninh.com/kien-thuc/glocom-co-di-truyen-khong/; https://mathanoibacninh.com/hoi-dap/truoc-khi-di-kham/; https://mathanoibacninh.com/kien-thuc/glocom-cap-dau-mat-du-doi/; https://mathanoibacninh.com/chuyen-khoa/dich-kinh-vong-mac/; https://mathanoibacninh.com/kien-thuc/thuoc-nho-mat-ha-nhan-ap-dung-dung/; https://mathanoibacninh.com/kien-thuc/glocom-co-chua-khoi-duoc-khong/; https://mathanoibacninh.com/kien-thuc/mat-nguoi-cao-tuoi-kham-dinh-ky/; https://mathanoibacninh.com/kien-thuc/cuom-nuoc-va-cuom-kho-khac-nhau/; https://mathanoibacninh.com/kien-thuc/mo-mat-bao-lau-thi-nhin-ro/; https://mathanoibacninh.com/chuyen-khoa/glocom/; https://mathanoibacninh.com/chuyen-khoa/mat-nguoi-cao-tuoi/; https://mathanoibacninh.com/doi-ngu-bac-si/
163,Cơn glôcôm cấp: đau mắt dữ dội kèm nhìn mờ và nôn,https://mathanoibacninh.com/kien-thuc/glocom-cap-dau-mat-du-doi/,post,publish,Glôcôm – cườm nước; Kiến thức nhãn khoa,giải thích bệnh và chăm sóc mắt,Cơn glôcôm cấp: đau mắt dữ dội kèm nhìn mờ và nôn,1,bvmat,2026-08-09 07:19:26,https://mathanoibacninh.com/kien-thuc/glocom-cuom-nuoc-la-benh-gi/; https://mathanoibacninh.com/kien-thuc/do-nhan-ap-la-gi/; https://mathanoibacninh.com/kien-thuc/ai-de-bi-glocom/; https://mathanoibacninh.com/kien-thuc/glocom-co-di-truyen-khong/; https://mathanoibacninh.com/chuyen-khoa/dich-kinh-vong-mac/; https://mathanoibacninh.com/hoi-dap/truoc-khi-di-kham/; https://mathanoibacninh.com/kien-thuc/thuoc-nho-mat-ha-nhan-ap-dung-dung/; https://mathanoibacninh.com/kien-thuc/glocom-co-chua-khoi-duoc-khong/; https://mathanoibacninh.com/kien-thuc/cuom-nuoc-va-cuom-kho-khac-nhau/; https://mathanoibacninh.com/kien-thuc/thi-truong-mat-thu-hep-dan/; https://mathanoibacninh.com/kien-thuc/dau-hieu-glocom-giai-doan-som/; https://mathanoibacninh.com/kien-thuc/bo-me-80-tuoi-mo-mat-duoc-khong/; https://mathanoibacninh.com/chuyen-khoa/glocom/; https://mathanoibacninh.com/chuyen-khoa/mat-nguoi-cao-tuoi/; https://mathanoibacninh.com/doi-ngu-bac-si/
164,Glôcôm có di truyền không? Người thân nên tầm soát từ tuổi nào,https://mathanoibacninh.com/kien-thuc/glocom-co-di-truyen-khong/,post,publish,Glôcôm – cườm nước; Kiến thức nhãn khoa,giải thích bệnh và chăm sóc mắt,Glôcôm có di truyền không? Người thân nên tầm soát từ tuổi nào,1,bvmat,2026-08-09 07:19:49,https://mathanoibacninh.com/kien-thuc/glocom-cuom-nuoc-la-benh-gi/; https://mathanoibacninh.com/kien-thuc/ai-de-bi-glocom/; https://mathanoibacninh.com/kien-thuc/thi-truong-mat-thu-hep-dan/; https://mathanoibacninh.com/kien-thuc/glocom-cap-dau-mat-du-doi/; https://mathanoibacninh.com/kien-thuc/do-nhan-ap-la-gi/; https://mathanoibacninh.com/hoi-dap/truoc-khi-di-kham/; https://mathanoibacninh.com/chuyen-khoa/dich-kinh-vong-mac/; https://mathanoibacninh.com/kien-thuc/thuoc-nho-mat-ha-nhan-ap-dung-dung/; https://mathanoibacninh.com/kien-thuc/mat-nguoi-cao-tuoi-kham-dinh-ky/; https://mathanoibacninh.com/kien-thuc/cuom-nuoc-va-cuom-kho-khac-nhau/; https://mathanoibacninh.com/kien-thuc/glocom-co-chua-khoi-duoc-khong/; https://mathanoibacninh.com/chuyen-khoa/glocom/; https://mathanoibacninh.com/chuyen-khoa/mat-nguoi-cao-tuoi/; https://mathanoibacninh.com/doi-ngu-bac-si/
165,Glôcôm (cườm nước) là bệnh gì? Vì sao gọi là kẻ cắp thị lực,https://mathanoibacninh.com/kien-thuc/glocom-cuom-nuoc-la-benh-gi/,post,publish,Glôcôm – cườm nước; Kiến thức nhãn khoa,giải thích bệnh và chăm sóc mắt,Glôcôm (cườm nước) là bệnh gì? Vì sao gọi là kẻ cắp thị lực,1,bvmat,2026-08-09 07:19:26,https://mathanoibacninh.com/kien-thuc/cuom-nuoc-va-cuom-kho-khac-nhau/; https://mathanoibacninh.com/kien-thuc/thi-truong-mat-thu-hep-dan/; https://mathanoibacninh.com/kien-thuc/do-nhan-ap-la-gi/; https://mathanoibacninh.com/kien-thuc/glocom-cap-dau-mat-du-doi/; https://mathanoibacninh.com/chuyen-khoa/dich-kinh-vong-mac/; https://mathanoibacninh.com/kien-thuc/mat-nguoi-cao-tuoi-kham-dinh-ky/; https://mathanoibacninh.com/kien-thuc/ai-de-bi-glocom/; https://mathanoibacninh.com/hoi-dap/truoc-khi-di-kham/; https://mathanoibacninh.com/kien-thuc/mat-keo-may-la-benh-gi/; https://mathanoibacninh.com/kien-thuc/thuoc-nho-mat-ha-nhan-ap-dung-dung/; https://mathanoibacninh.com/kien-thuc/glocom-co-chua-khoi-duoc-khong/; https://mathanoibacninh.com/kien-thuc/glocom-co-di-truyen-khong/; https://mathanoibacninh.com/chuyen-khoa/glocom/; https://mathanoibacninh.com/chuyen-khoa/mat-nguoi-cao-tuoi/; https://mathanoibacninh.com/kien-thuc/dau-hieu-glocom-giai-doan-som/; https://mathanoibacninh.com/doi-ngu-bac-si/
166,Thị trường thu hẹp dần: vì sao người bệnh không tự nhận ra,https://mathanoibacninh.com/kien-thuc/thi-truong-mat-thu-hep-dan/,post,publish,Glôcôm – cườm nước; Kiến thức nhãn khoa,giải thích bệnh và chăm sóc mắt,Thị trường thu hẹp dần: vì sao người bệnh không tự nhận ra,1,bvmat,2026-08-09 07:19:27,https://mathanoibacninh.com/kien-thuc/glocom-cuom-nuoc-la-benh-gi/; https://mathanoibacninh.com/kien-thuc/dau-hieu-glocom-giai-doan-som/; https://mathanoibacninh.com/kien-thuc/ai-de-bi-glocom/; https://mathanoibacninh.com/hoi-dap/truoc-khi-di-kham/; https://mathanoibacninh.com/kien-thuc/glocom-cap-dau-mat-du-doi/; https://mathanoibacninh.com/chuyen-khoa/dich-kinh-vong-mac/; https://mathanoibacninh.com/kien-thuc/do-nhan-ap-la-gi/; https://mathanoibacninh.com/kien-thuc/thuoc-nho-mat-ha-nhan-ap-dung-dung/; https://mathanoibacninh.com/kien-thuc/glocom-co-chua-khoi-duoc-khong/; https://mathanoibacninh.com/kien-thuc/mat-nguoi-cao-tuoi-kham-dinh-ky/; https://mathanoibacninh.com/kien-thuc/cuom-nuoc-va-cuom-kho-khac-nhau/; https://mathanoibacninh.com/kien-thuc/lao-thi-va-duc-thuy-tinh-the-khac-nhau/; https://mathanoibacninh.com/chuyen-khoa/glocom/; https://mathanoibacninh.com/chuyen-khoa/mat-nguoi-cao-tuoi/; https://mathanoibacninh.com/doi-ngu-bac-si/
167,Thuốc nhỏ mắt hạ nhãn áp: vì sao không được tự ý bỏ,https://mathanoibacninh.com/kien-thuc/thuoc-nho-mat-ha-nhan-ap-dung-dung/,post,publish,Glôcôm – cườm nước; Kiến thức nhãn khoa,điều trị/theo dõi,Thuốc nhỏ mắt hạ nhãn áp: vì sao không được tự ý bỏ,1,bvmat,2026-08-09 07:19:48,https://mathanoibacninh.com/kien-thuc/glocom-cuom-nuoc-la-benh-gi/; https://mathanoibacninh.com/kien-thuc/glocom-co-chua-khoi-duoc-khong/; https://mathanoibacninh.com/kien-thuc/thi-truong-mat-thu-hep-dan/; https://mathanoibacninh.com/kien-thuc/dau-hieu-glocom-giai-doan-som/; https://mathanoibacninh.com/kien-thuc/do-nhan-ap-la-gi/; https://mathanoibacninh.com/kien-thuc/glocom-co-di-truyen-khong/; https://mathanoibacninh.com/hoi-dap/truoc-khi-di-kham/; https://mathanoibacninh.com/kien-thuc/glocom-cap-dau-mat-du-doi/; https://mathanoibacninh.com/chuyen-khoa/dich-kinh-vong-mac/; https://mathanoibacninh.com/kien-thuc/mat-nguoi-cao-tuoi-kham-dinh-ky/; https://mathanoibacninh.com/kien-thuc/thuy-tinh-the-nhan-tao-chon-loai-nao/; https://mathanoibacninh.com/chuyen-khoa/glocom/; https://mathanoibacninh.com/chuyen-khoa/mat-nguoi-cao-tuoi/; https://mathanoibacninh.com/doi-ngu-bac-si/
168,Biến chứng mắt ở người tiểu đường: vì sao phải khám dù mắt còn tốt,https://mathanoibacninh.com/kien-thuc/bien-chung-mat-o-nguoi-tieu-duong/,post,publish,Dịch kính – võng mạc; Kiến thức nhãn khoa,giải thích bệnh và chăm sóc mắt,Biến chứng mắt ở người tiểu đường: vì sao phải khám dù mắt còn tốt,1,bvmat,2026-08-09 07:19:48,https://mathanoibacninh.com/kien-thuc/vong-mac-tieu-duong-cac-giai-doan/; https://mathanoibacninh.com/kien-thuc/nhin-doi-nhin-nhoe/; https://mathanoibacninh.com/kien-thuc/cao-huyet-ap-anh-huong-mat/; https://mathanoibacninh.com/kien-thuc/can-nang-va-nguy-co-vong-mac/; https://mathanoibacninh.com/chuyen-khoa/mat-nguoi-cao-tuoi/; https://mathanoibacninh.com/chuyen-khoa/tat-khuc-xa/can-thi/; https://mathanoibacninh.com/kien-thuc/man-che-truoc-mat-nhu-buc-man/; https://mathanoibacninh.com/kien-thuc/mat-mo-dot-ngot-mot-ben/; https://mathanoibacninh.com/kien-thuc/soi-day-mat-la-gi/; https://mathanoibacninh.com/hoi-dap/mo-mat-va-hoi-phuc/; https://mathanoibacninh.com/chuyen-khoa/dich-kinh-vong-mac/; https://mathanoibacninh.com/doi-ngu-bac-si/
169,Cận nặng và nguy cơ võng mạc: vì sao cần khám đáy mắt định kỳ,https://mathanoibacninh.com/kien-thuc/can-nang-va-nguy-co-vong-mac/,post,publish,Dịch kính – võng mạc; Kiến thức nhãn khoa,giải thích bệnh và chăm sóc mắt,Cận nặng và nguy cơ võng mạc: vì sao cần khám đáy mắt định kỳ,1,bvmat,2026-08-09 07:19:26,https://mathanoibacninh.com/kien-thuc/thi-truong-mat-thu-hep-dan/; https://mathanoibacninh.com/kien-thuc/chop-sang-va-ruoi-bay-truoc-mat/; https://mathanoibacninh.com/kien-thuc/man-che-truoc-mat-nhu-buc-man/; https://mathanoibacninh.com/hoi-dap/mo-mat-va-hoi-phuc/; https://mathanoibacninh.com/chuyen-khoa/tat-khuc-xa/can-thi/; https://mathanoibacninh.com/kien-thuc/bien-chung-mat-o-nguoi-tieu-duong/; https://mathanoibacninh.com/chuyen-khoa/mat-nguoi-cao-tuoi/; https://mathanoibacninh.com/kien-thuc/mat-nhay-cam-voi-anh-sang/; https://mathanoibacninh.com/kien-thuc/tac-mach-mau-vong-mac/; https://mathanoibacninh.com/kien-thuc/soi-day-mat-la-gi/; https://mathanoibacninh.com/chuyen-khoa/dich-kinh-vong-mac/; https://mathanoibacninh.com/doi-ngu-bac-si/
170,Cao huyết áp ảnh hưởng đến mắt thế nào?,https://mathanoibacninh.com/kien-thuc/cao-huyet-ap-anh-huong-mat/,post,publish,Dịch kính – võng mạc; Kiến thức nhãn khoa,giải thích bệnh và chăm sóc mắt,Cao huyết áp ảnh hưởng đến mắt thế nào?,1,bvmat,2026-08-09 07:19:26,https://mathanoibacninh.com/kien-thuc/tac-mach-mau-vong-mac/; https://mathanoibacninh.com/kien-thuc/vong-mac-tieu-duong-cac-giai-doan/; https://mathanoibacninh.com/kien-thuc/bien-chung-mat-o-nguoi-tieu-duong/; https://mathanoibacninh.com/kien-thuc/can-nang-va-nguy-co-vong-mac/; https://mathanoibacninh.com/chuyen-khoa/tat-khuc-xa/can-thi/; https://mathanoibacninh.com/chuyen-khoa/mat-nguoi-cao-tuoi/; https://mathanoibacninh.com/chuyen-khoa/dich-kinh-vong-mac/; https://mathanoibacninh.com/kien-thuc/nhuc-moi-mat-khi-nhin-may-tinh/; https://mathanoibacninh.com/kien-thuc/chop-sang-va-ruoi-bay-truoc-mat/; https://mathanoibacninh.com/kien-thuc/sung-ne-quanh-mat-va-sot/; https://mathanoibacninh.com/kien-thuc/mat-mo-dot-ngot-mot-ben/; https://mathanoibacninh.com/kien-thuc/soi-day-mat-la-gi/; https://mathanoibacninh.com/hoi-dap/mo-mat-va-hoi-phuc/; https://mathanoibacninh.com/kien-thuc/thoai-hoa-diem-vang-tuoi-gia/; https://mathanoibacninh.com/doi-ngu-bac-si/
171,Chớp sáng và ruồi bay trước mắt: khi nào là cấp cứu,https://mathanoibacninh.com/kien-thuc/chop-sang-va-ruoi-bay-truoc-mat/,post,publish,Dịch kính – võng mạc; Kiến thức nhãn khoa,triệu chứng/khi cần khám,Chớp sáng và ruồi bay trước mắt: khi nào là cấp cứu,1,bvmat,2026-08-09 07:19:48,https://mathanoibacninh.com/kien-thuc/man-che-truoc-mat-nhu-buc-man/; https://mathanoibacninh.com/kien-thuc/can-nang-va-nguy-co-vong-mac/; https://mathanoibacninh.com/chuyen-khoa/tat-khuc-xa/can-thi/; https://mathanoibacninh.com/kien-thuc/bien-chung-mat-o-nguoi-tieu-duong/; https://mathanoibacninh.com/kien-thuc/cao-huyet-ap-anh-huong-mat/; https://mathanoibacninh.com/chuyen-khoa/mat-nguoi-cao-tuoi/; https://mathanoibacninh.com/kien-thuc/mat-mo-dot-ngot-mot-ben/; https://mathanoibacninh.com/kien-thuc/muoi-dau-hieu-o-mat-phai-di-kham-ngay/; https://mathanoibacninh.com/kien-thuc/soi-day-mat-la-gi/; https://mathanoibacninh.com/hoi-dap/mo-mat-va-hoi-phuc/; https://mathanoibacninh.com/kien-thuc/thoai-hoa-diem-vang-tuoi-gia/; https://mathanoibacninh.com/chuyen-khoa/dich-kinh-vong-mac/; https://mathanoibacninh.com/doi-ngu-bac-si/
172,Thấy màn che trước mắt như bức màn buông: dấu hiệu bong võng mạc,https://mathanoibacninh.com/kien-thuc/man-che-truoc-mat-nhu-buc-man/,post,publish,Dịch kính – võng mạc; Kiến thức nhãn khoa,triệu chứng/khi cần khám,Thấy màn che trước mắt như bức màn buông: dấu hiệu bong võng mạc,1,bvmat,2026-08-09 07:19:48,https://mathanoibacninh.com/kien-thuc/chop-sang-va-ruoi-bay-truoc-mat/; https://mathanoibacninh.com/kien-thuc/can-nang-va-nguy-co-vong-mac/; https://mathanoibacninh.com/chuyen-khoa/tat-khuc-xa/can-thi/; https://mathanoibacninh.com/kien-thuc/bien-chung-mat-o-nguoi-tieu-duong/; https://mathanoibacninh.com/kien-thuc/vong-mac-tieu-duong-cac-giai-doan/; https://mathanoibacninh.com/kien-thuc/mat-mo-dot-ngot-trong-vai-phut/; https://mathanoibacninh.com/chuyen-khoa/mat-nguoi-cao-tuoi/; https://mathanoibacninh.com/kien-thuc/soi-day-mat-la-gi/; https://mathanoibacninh.com/hoi-dap/mo-mat-va-hoi-phuc/; https://mathanoibacninh.com/chuyen-khoa/dich-kinh-vong-mac/; https://mathanoibacninh.com/doi-ngu-bac-si/
173,Mắt mờ đột ngột một bên: những nguyên nhân cần loại trừ ngay,https://mathanoibacninh.com/kien-thuc/mat-mo-dot-ngot-mot-ben/,post,publish,Dịch kính – võng mạc; Kiến thức nhãn khoa,giải thích bệnh và chăm sóc mắt,Mắt mờ đột ngột một bên: những nguyên nhân cần loại trừ ngay,1,bvmat,2026-08-09 07:19:48,https://mathanoibacninh.com/kien-thuc/tac-mach-mau-vong-mac/; https://mathanoibacninh.com/kien-thuc/chop-sang-va-ruoi-bay-truoc-mat/; https://mathanoibacninh.com/kien-thuc/man-che-truoc-mat-nhu-buc-man/; https://mathanoibacninh.com/kien-thuc/bien-chung-mat-o-nguoi-tieu-duong/; https://mathanoibacninh.com/kien-thuc/thoai-hoa-diem-vang-tuoi-gia/; https://mathanoibacninh.com/kien-thuc/cao-huyet-ap-anh-huong-mat/; https://mathanoibacninh.com/chuyen-khoa/tat-khuc-xa/can-thi/; https://mathanoibacninh.com/chuyen-khoa/mat-nguoi-cao-tuoi/; https://mathanoibacninh.com/kien-thuc/muoi-dau-hieu-o-mat-phai-di-kham-ngay/; https://mathanoibacninh.com/kien-thuc/dau-mat-du-doi-kem-nhuc-dau-non/; https://mathanoibacninh.com/kien-thuc/soi-day-mat-la-gi/; https://mathanoibacninh.com/hoi-dap/mo-mat-va-hoi-phuc/; https://mathanoibacninh.com/chuyen-khoa/dich-kinh-vong-mac/; https://mathanoibacninh.com/doi-ngu-bac-si/
174,"Soi đáy mắt là gì, có phải nhỏ thuốc giãn đồng tử không?",https://mathanoibacninh.com/kien-thuc/soi-day-mat-la-gi/,post,publish,Dịch kính – võng mạc; Kiến thức nhãn khoa,điều trị/theo dõi,"Soi đáy mắt là gì, có phải nhỏ thuốc giãn đồng tử không?",1,bvmat,2026-08-09 07:19:48,https://mathanoibacninh.com/kien-thuc/cao-huyet-ap-anh-huong-mat/; https://mathanoibacninh.com/kien-thuc/bien-chung-mat-o-nguoi-tieu-duong/; https://mathanoibacninh.com/kien-thuc/tac-mach-mau-vong-mac/; https://mathanoibacninh.com/kien-thuc/nhin-thay-quang-sang-quanh-den/; https://mathanoibacninh.com/kien-thuc/can-nang-va-nguy-co-vong-mac/; https://mathanoibacninh.com/chuyen-khoa/tat-khuc-xa/can-thi/; https://mathanoibacninh.com/chuyen-khoa/mat-nguoi-cao-tuoi/; https://mathanoibacninh.com/kien-thuc/chop-sang-va-ruoi-bay-truoc-mat/; https://mathanoibacninh.com/hoi-dap/mo-mat-va-hoi-phuc/; https://mathanoibacninh.com/chuyen-khoa/dich-kinh-vong-mac/; https://mathanoibacninh.com/doi-ngu-bac-si/
175,Thoái hoá điểm vàng tuổi già: nhìn méo và mất vùng trung tâm,https://mathanoibacninh.com/kien-thuc/thoai-hoa-diem-vang-tuoi-gia/,post,publish,Dịch kính – võng mạc; Kiến thức nhãn khoa,giải thích bệnh và chăm sóc mắt,Thoái hoá điểm vàng tuổi già: nhìn méo và mất vùng trung tâm,1,bvmat,2026-08-09 07:19:49,https://mathanoibacninh.com/kien-thuc/thi-truong-mat-thu-hep-dan/; https://mathanoibacninh.com/kien-thuc/cao-huyet-ap-anh-huong-mat/; https://mathanoibacninh.com/kien-thuc/can-nang-va-nguy-co-vong-mac/; https://mathanoibacninh.com/chuyen-khoa/mat-nguoi-cao-tuoi/; https://mathanoibacninh.com/chuyen-khoa/tat-khuc-xa/can-thi/; https://mathanoibacninh.com/kien-thuc/nhuc-moi-mat-khi-nhin-may-tinh/; https://mathanoibacninh.com/kien-thuc/mat-mo-dot-ngot-mot-ben/; https://mathanoibacninh.com/chuyen-khoa/dich-kinh-vong-mac/; https://mathanoibacninh.com/kien-thuc/soi-day-mat-la-gi/; https://mathanoibacninh.com/hoi-dap/mo-mat-va-hoi-phuc/; https://mathanoibacninh.com/kien-thuc/lao-thi-va-duc-thuy-tinh-the-khac-nhau/; https://mathanoibacninh.com/doi-ngu-bac-si/
176,Võng mạc tiểu đường: các giai đoạn và điều gì quyết định thị lực,https://mathanoibacninh.com/kien-thuc/vong-mac-tieu-duong-cac-giai-doan/,post,publish,Dịch kính – võng mạc; Kiến thức nhãn khoa,giải thích bệnh và chăm sóc mắt,Võng mạc tiểu đường: các giai đoạn và điều gì quyết định thị lực,1,bvmat,2026-08-09 07:19:49,https://mathanoibacninh.com/kien-thuc/chop-sang-va-ruoi-bay-truoc-mat/; https://mathanoibacninh.com/kien-thuc/bien-chung-mat-o-nguoi-tieu-duong/; https://mathanoibacninh.com/kien-thuc/cao-huyet-ap-anh-huong-mat/; https://mathanoibacninh.com/kien-thuc/can-nang-va-nguy-co-vong-mac/; https://mathanoibacninh.com/kien-thuc/mat-mo-dot-ngot-mot-ben/; https://mathanoibacninh.com/kien-thuc/soi-day-mat-la-gi/; https://mathanoibacninh.com/hoi-dap/mo-mat-va-hoi-phuc/; https://mathanoibacninh.com/chuyen-khoa/dich-kinh-vong-mac/; https://mathanoibacninh.com/chuyen-khoa/mat-nguoi-cao-tuoi/; https://mathanoibacninh.com/chuyen-khoa/tat-khuc-xa/can-thi/; https://mathanoibacninh.com/kien-thuc/man-che-truoc-mat-nhu-buc-man/; https://mathanoibacninh.com/kien-thuc/thoai-hoa-diem-vang-tuoi-gia/; https://mathanoibacninh.com/kien-thuc/tac-mach-mau-vong-mac/; https://mathanoibacninh.com/kien-thuc/mat-bi-cham-thuong-do-vat-nhon/; https://mathanoibacninh.com/doi-ngu-bac-si/
177,Lẹo và chắp ở mí mắt: khác nhau và cách xử lý ban đầu,https://mathanoibacninh.com/kien-thuc/chalazion-va-leo-mat/,post,publish,Giác mạc – kết mạc – khô mắt; Kiến thức nhãn khoa,giải thích bệnh và chăm sóc mắt,Lẹo và chắp ở mí mắt: khác nhau và cách xử lý ban đầu,1,bvmat,2026-08-09 07:19:49,https://mathanoibacninh.com/kien-thuc/viem-bo-mi-mat/; https://mathanoibacninh.com/kien-thuc/kho-mat-nguyen-nhan-va-xu-tri/; https://mathanoibacninh.com/kien-thuc/loet-giac-mac-dau-hieu-nguy-hiem/; https://mathanoibacninh.com/chuyen-khoa/mat-tre-em/; https://mathanoibacninh.com/chuyen-khoa/giac-mac-ket-mac/; https://mathanoibacninh.com/chuyen-khoa/; https://mathanoibacninh.com/kien-thuc/bao-hiem-y-te-kham-mat-the-nao/; https://mathanoibacninh.com/kien-thuc/dau-mat-do-bao-lau-thi-khoi/; https://mathanoibacninh.com/hoi-dap/truoc-khi-di-kham/; https://mathanoibacninh.com/doi-ngu-bac-si/
178,Đau mắt đỏ bao lâu thì khỏi? Diễn biến theo ngày,https://mathanoibacninh.com/kien-thuc/dau-mat-do-bao-lau-thi-khoi/,post,publish,Giác mạc – kết mạc – khô mắt; Kiến thức nhãn khoa,giải thích bệnh và chăm sóc mắt,Đau mắt đỏ bao lâu thì khỏi? Diễn biến theo ngày,1,bvmat,2026-08-09 07:19:48,https://mathanoibacninh.com/kien-thuc/dau-mat-do-lay-qua-duong-nao/; https://mathanoibacninh.com/kien-thuc/mat-do-khong-phai-dau-mat-do/; https://mathanoibacninh.com/kien-thuc/mat-com-nhu-co-hat-cat/; https://mathanoibacninh.com/chuyen-khoa/mat-tre-em/; https://mathanoibacninh.com/kien-thuc/di-kham-mat-can-chuan-bi-gi/; https://mathanoibacninh.com/hoi-dap/truoc-khi-di-kham/; https://mathanoibacninh.com/kien-thuc/loet-giac-mac-dau-hieu-nguy-hiem/; https://mathanoibacninh.com/kien-thuc/quy-trinh-kham-mat-gom-may-buoc/; https://mathanoibacninh.com/chuyen-khoa/giac-mac-ket-mac/; https://mathanoibacninh.com/kien-thuc/nuoc-mat-nhan-tao-dung-the-nao/; https://mathanoibacninh.com/kien-thuc/chalazion-va-leo-mat/; https://mathanoibacninh.com/chuyen-khoa/; https://mathanoibacninh.com/doi-ngu-bac-si/
179,Đau mắt đỏ lây qua đường nào? Cách tránh lây cho cả nhà,https://mathanoibacninh.com/kien-thuc/dau-mat-do-lay-qua-duong-nao/,post,publish,Giác mạc – kết mạc – khô mắt; Kiến thức nhãn khoa,giải thích bệnh và chăm sóc mắt,Đau mắt đỏ lây qua đường nào? Cách tránh lây cho cả nhà,1,bvmat,2026-08-10 00:07:45,https://mathanoibacninh.com/kien-thuc/dau-mat-do-bao-lau-thi-khoi/; https://mathanoibacninh.com/chuyen-khoa/mat-tre-em/; https://mathanoibacninh.com/kien-thuc/kho-mat-nguyen-nhan-va-xu-tri/; https://mathanoibacninh.com/kien-thuc/mat-com-nhu-co-hat-cat/; https://mathanoibacninh.com/chuyen-khoa/giac-mac-ket-mac/; https://mathanoibacninh.com/chuyen-khoa/; https://mathanoibacninh.com/kien-thuc/truoc-khi-kham-mat-co-can-nhin-an/; https://mathanoibacninh.com/hoi-dap/truoc-khi-di-kham/; https://mathanoibacninh.com/kien-thuc/viem-bo-mi-mat/; https://mathanoibacninh.com/doi-ngu-bac-si/; https://mathanoibacninh.com/kien-thuc/khong-nen-tu-y-mua-khang-sinh-tri-dau-mat-do/
180,Dị vật bay vào mắt: việc nên làm và việc tuyệt đối không,https://mathanoibacninh.com/kien-thuc/di-vat-bay-vao-mat-xu-ly-the-nao/,post,publish,Giác mạc – kết mạc – khô mắt; Kiến thức nhãn khoa,giải thích bệnh và chăm sóc mắt,Dị vật bay vào mắt: việc nên làm và việc tuyệt đối không,1,bvmat,2026-08-09 07:19:49,https://mathanoibacninh.com/chuyen-khoa/mat-tre-em/; https://mathanoibacninh.com/kien-thuc/mat-com-nhu-co-hat-cat/; https://mathanoibacninh.com/kien-thuc/loet-giac-mac-dau-hieu-nguy-hiem/; https://mathanoibacninh.com/kien-thuc/quy-trinh-kham-mat-gom-may-buoc/; https://mathanoibacninh.com/kien-thuc/ket-qua-kham-mat-doc-the-nao/; https://mathanoibacninh.com/chuyen-khoa/giac-mac-ket-mac/; https://mathanoibacninh.com/chuyen-khoa/; https://mathanoibacninh.com/kien-thuc/mat-do-khong-phai-dau-mat-do/; https://mathanoibacninh.com/kien-thuc/dau-mat-do-bao-lau-thi-khoi/; https://mathanoibacninh.com/hoi-dap/truoc-khi-di-kham/; https://mathanoibacninh.com/kien-thuc/kho-mat-nguyen-nhan-va-xu-tri/; https://mathanoibacninh.com/doi-ngu-bac-si/
181,Khô mắt: vì sao càng nhỏ thuốc càng khô,https://mathanoibacninh.com/kien-thuc/kho-mat-nguyen-nhan-va-xu-tri/,post,publish,Giác mạc – kết mạc – khô mắt; Kiến thức nhãn khoa,điều trị/theo dõi,Khô mắt: vì sao càng nhỏ thuốc càng khô,1,bvmat,2026-08-09 07:19:49,https://mathanoibacninh.com/kien-thuc/mat-com-nhu-co-hat-cat/; https://mathanoibacninh.com/kien-thuc/nuoc-mat-nhan-tao-dung-the-nao/; https://mathanoibacninh.com/kien-thuc/viem-bo-mi-mat/; https://mathanoibacninh.com/kien-thuc/chalazion-va-leo-mat/; https://mathanoibacninh.com/kien-thuc/loet-giac-mac-dau-hieu-nguy-hiem/; https://mathanoibacninh.com/kien-thuc/di-vat-bay-vao-mat-xu-ly-the-nao/; https://mathanoibacninh.com/kien-thuc/quy-trinh-kham-mat-gom-may-buoc/; https://mathanoibacninh.com/chuyen-khoa/giac-mac-ket-mac/; https://mathanoibacninh.com/chuyen-khoa/; https://mathanoibacninh.com/hoi-dap/truoc-khi-di-kham/; https://mathanoibacninh.com/chuyen-khoa/mat-tre-em/; https://mathanoibacninh.com/doi-ngu-bac-si/
182,Loét giác mạc: dấu hiệu phải đi khám trong hôm nay,https://mathanoibacninh.com/kien-thuc/loet-giac-mac-dau-hieu-nguy-hiem/,post,publish,Giác mạc – kết mạc – khô mắt; Kiến thức nhãn khoa,triệu chứng/khi cần khám,Loét giác mạc: dấu hiệu phải đi khám trong hôm nay,1,bvmat,2026-08-09 07:19:49,https://mathanoibacninh.com/kien-thuc/mat-com-nhu-co-hat-cat/; https://mathanoibacninh.com/kien-thuc/di-vat-bay-vao-mat-xu-ly-the-nao/; https://mathanoibacninh.com/kien-thuc/kho-mat-nguyen-nhan-va-xu-tri/; https://mathanoibacninh.com/kien-thuc/viem-bo-mi-mat/; https://mathanoibacninh.com/kien-thuc/dau-mat-do-bao-lau-thi-khoi/; https://mathanoibacninh.com/kien-thuc/mat-do-khong-phai-dau-mat-do/; https://mathanoibacninh.com/kien-thuc/quy-trinh-kham-mat-gom-may-buoc/; https://mathanoibacninh.com/chuyen-khoa/giac-mac-ket-mac/; https://mathanoibacninh.com/chuyen-khoa/; https://mathanoibacninh.com/chuyen-khoa/mat-tre-em/; https://mathanoibacninh.com/kien-thuc/giay-chuyen-tuyen-can-nhung-gi/; https://mathanoibacninh.com/hoi-dap/truoc-khi-di-kham/; https://mathanoibacninh.com/doi-ngu-bac-si/
183,Mắt cộm như có hạt cát: khô mắt hay có dị vật thật?,https://mathanoibacninh.com/kien-thuc/mat-com-nhu-co-hat-cat/,post,publish,Giác mạc – kết mạc – khô mắt; Kiến thức nhãn khoa,giải thích bệnh và chăm sóc mắt,Mắt cộm như có hạt cát: khô mắt hay có dị vật thật?,1,bvmat,2026-08-09 07:19:49,https://mathanoibacninh.com/kien-thuc/kho-mat-nguyen-nhan-va-xu-tri/; https://mathanoibacninh.com/kien-thuc/nuoc-mat-nhan-tao-dung-the-nao/; https://mathanoibacninh.com/kien-thuc/di-vat-bay-vao-mat-xu-ly-the-nao/; https://mathanoibacninh.com/kien-thuc/viem-bo-mi-mat/; https://mathanoibacninh.com/kien-thuc/chalazion-va-leo-mat/; https://mathanoibacninh.com/kien-thuc/loet-giac-mac-dau-hieu-nguy-hiem/; https://mathanoibacninh.com/kien-thuc/quy-trinh-kham-mat-gom-may-buoc/; https://mathanoibacninh.com/kien-thuc/nho-thuoc-gian-dong-tu-anh-huong-gi/; https://mathanoibacninh.com/chuyen-khoa/giac-mac-ket-mac/; https://mathanoibacninh.com/chuyen-khoa/; https://mathanoibacninh.com/chuyen-khoa/mat-tre-em/; https://mathanoibacninh.com/hoi-dap/truoc-khi-di-kham/; https://mathanoibacninh.com/doi-ngu-bac-si/
184,Mắt đỏ nhưng không phải đau mắt đỏ: bốn khả năng nghiêm trọng hơn,https://mathanoibacninh.com/kien-thuc/mat-do-khong-phai-dau-mat-do/,post,publish,Giác mạc – kết mạc – khô mắt; Kiến thức nhãn khoa,giải thích bệnh và chăm sóc mắt,Mắt đỏ nhưng không phải đau mắt đỏ: bốn khả năng nghiêm trọng hơn,1,bvmat,2026-08-09 07:19:49,https://mathanoibacninh.com/kien-thuc/dau-mat-do-bao-lau-thi-khoi/; https://mathanoibacninh.com/kien-thuc/dau-mat-do-lay-qua-duong-nao/; https://mathanoibacninh.com/kien-thuc/loet-giac-mac-dau-hieu-nguy-hiem/; https://mathanoibacninh.com/kien-thuc/di-vat-bay-vao-mat-xu-ly-the-nao/; https://mathanoibacninh.com/chuyen-khoa/glocom/; https://mathanoibacninh.com/kien-thuc/viem-bo-mi-mat/; https://mathanoibacninh.com/kien-thuc/quy-trinh-kham-mat-gom-may-buoc/; https://mathanoibacninh.com/chuyen-khoa/giac-mac-ket-mac/; https://mathanoibacninh.com/chuyen-khoa/; https://mathanoibacninh.com/chuyen-khoa/mat-tre-em/; https://mathanoibacninh.com/kien-thuc/khi-nao-can-kham-lai-mat/; https://mathanoibacninh.com/kien-thuc/nuoc-mat-nhan-tao-dung-the-nao/; https://mathanoibacninh.com/hoi-dap/truoc-khi-di-kham/; https://mathanoibacninh.com/doi-ngu-bac-si/
185,Nước mắt nhân tạo: cách chọn và cách dùng đúng,https://mathanoibacninh.com/kien-thuc/nuoc-mat-nhan-tao-dung-the-nao/,post,publish,Giác mạc – kết mạc – khô mắt; Kiến thức nhãn khoa,giải thích bệnh và chăm sóc mắt,Nước mắt nhân tạo: cách chọn và cách dùng đúng,1,bvmat,2026-08-09 07:19:48,https://mathanoibacninh.com/kien-thuc/kho-mat-nguyen-nhan-va-xu-tri/; https://mathanoibacninh.com/kien-thuc/mat-do-khong-phai-dau-mat-do/; https://mathanoibacninh.com/kien-thuc/dau-mat-do-lay-qua-duong-nao/; https://mathanoibacninh.com/kien-thuc/loet-giac-mac-dau-hieu-nguy-hiem/; https://mathanoibacninh.com/kien-thuc/viem-bo-mi-mat/; https://mathanoibacninh.com/kien-thuc/chalazion-va-leo-mat/; https://mathanoibacninh.com/chuyen-khoa/giac-mac-ket-mac/; https://mathanoibacninh.com/chuyen-khoa/; https://mathanoibacninh.com/kien-thuc/nguoi-gia-di-kham-mat-can-nguoi-di-cung/; https://mathanoibacninh.com/hoi-dap/truoc-khi-di-kham/; https://mathanoibacninh.com/chuyen-khoa/mat-tre-em/; https://mathanoibacninh.com/doi-ngu-bac-si/
186,Viêm bờ mi: bệnh dai dẳng bị bỏ qua nhiều nhất,https://mathanoibacninh.com/kien-thuc/viem-bo-mi-mat/,post,publish,Giác mạc – kết mạc – khô mắt; Kiến thức nhãn khoa,giải thích bệnh và chăm sóc mắt,Viêm bờ mi: bệnh dai dẳng bị bỏ qua nhiều nhất,1,bvmat,2026-08-09 07:20:19,https://mathanoibacninh.com/kien-thuc/kho-mat-nguyen-nhan-va-xu-tri/; https://mathanoibacninh.com/kien-thuc/dau-mat-do-bao-lau-thi-khoi/; https://mathanoibacninh.com/kien-thuc/dau-mat-do-lay-qua-duong-nao/; https://mathanoibacninh.com/kien-thuc/chalazion-va-leo-mat/; https://mathanoibacninh.com/kien-thuc/loet-giac-mac-dau-hieu-nguy-hiem/; https://mathanoibacninh.com/kien-thuc/di-vat-bay-vao-mat-xu-ly-the-nao/; https://mathanoibacninh.com/chuyen-khoa/giac-mac-ket-mac/; https://mathanoibacninh.com/chuyen-khoa/; https://mathanoibacninh.com/chuyen-khoa/mat-tre-em/; https://mathanoibacninh.com/kien-thuc/kham-dung-tuyen-va-vuot-tuyen/; https://mathanoibacninh.com/kien-thuc/nuoc-mat-nhan-tao-dung-the-nao/; https://mathanoibacninh.com/hoi-dap/truoc-khi-di-kham/; https://mathanoibacninh.com/doi-ngu-bac-si/
187,Lác mắt ở trẻ có tự hết không?,https://mathanoibacninh.com/kien-thuc/lac-mat-o-tre-co-tu-het-khong/,post,publish,Kiến thức nhãn khoa; Nhược thị và lác ở trẻ,giải thích bệnh và chăm sóc mắt,Lác mắt ở trẻ có tự hết không?,1,bvmat,2026-08-09 07:19:49,https://mathanoibacninh.com/kien-thuc/tre-so-sinh-mat-lac-nhe/; https://mathanoibacninh.com/kien-thuc/nhuoc-thi-la-gi-o-tre/; https://mathanoibacninh.com/kien-thuc/nhuoc-thi-dieu-tri-den-tuoi-nao/; https://mathanoibacninh.com/kien-thuc/dong-tu-trang-o-tre/; https://mathanoibacninh.com/kien-thuc/tre-cham-phan-ung-anh-sang/; https://mathanoibacninh.com/kien-thuc/tre-may-tuoi-thi-do-mat-duoc/; https://mathanoibacninh.com/kien-thuc/kham-mat-cho-tre-truoc-tuoi-di-hoc/; https://mathanoibacninh.com/kien-thuc/lac-trong-lac-ngoai-khac-nhau/; https://mathanoibacninh.com/chuyen-khoa/mat-tre-em/nhuoc-thi-lac/; https://mathanoibacninh.com/chuyen-khoa/mat-tre-em/; https://mathanoibacninh.com/chuyen-khoa/mat-tre-em/kiem-soat-can-thi/; https://mathanoibacninh.com/hoi-dap/hoi-dap-mat-tre-em/; https://mathanoibacninh.com/doi-ngu-bac-si/
188,Lác trong và lác ngoài khác nhau thế nào?,https://mathanoibacninh.com/kien-thuc/lac-trong-lac-ngoai-khac-nhau/,post,publish,Kiến thức nhãn khoa; Nhược thị và lác ở trẻ,giải thích bệnh và chăm sóc mắt,Lác trong và lác ngoài khác nhau thế nào?,1,bvmat,2026-08-09 07:19:49,https://mathanoibacninh.com/kien-thuc/nhuoc-thi-la-gi-o-tre/; https://mathanoibacninh.com/kien-thuc/sup-mi-o-tre-nho/; https://mathanoibacninh.com/kien-thuc/bit-mat-dieu-tri-nhuoc-thi/; https://mathanoibacninh.com/kien-thuc/kham-mat-cho-tre-truoc-tuoi-di-hoc/; https://mathanoibacninh.com/kien-thuc/tre-so-sinh-mat-lac-nhe/; https://mathanoibacninh.com/chuyen-khoa/mat-tre-em/nhuoc-thi-lac/; https://mathanoibacninh.com/chuyen-khoa/mat-tre-em/; https://mathanoibacninh.com/chuyen-khoa/mat-tre-em/kiem-soat-can-thi/; https://mathanoibacninh.com/kien-thuc/kiem-soat-tien-trien-can-thi-la-gi/; https://mathanoibacninh.com/hoi-dap/hoi-dap-mat-tre-em/; https://mathanoibacninh.com/doi-ngu-bac-si/
189,Nhược thị điều trị được đến tuổi nào? Vì sao thời gian quan trọng,https://mathanoibacninh.com/kien-thuc/nhuoc-thi-dieu-tri-den-tuoi-nao/,post,publish,Kiến thức nhãn khoa; Nhược thị và lác ở trẻ,điều trị/theo dõi,Nhược thị điều trị được đến tuổi nào? Vì sao thời gian quan trọng,1,bvmat,2026-08-09 07:19:49,https://mathanoibacninh.com/kien-thuc/nhuoc-thi-la-gi-o-tre/; https://mathanoibacninh.com/kien-thuc/tre-cham-phan-ung-anh-sang/; https://mathanoibacninh.com/kien-thuc/dau-hieu-tre-bi-can-thi-som/; https://mathanoibacninh.com/kien-thuc/lac-mat-o-tre-co-tu-het-khong/; https://mathanoibacninh.com/kien-thuc/lac-trong-lac-ngoai-khac-nhau/; https://mathanoibacninh.com/kien-thuc/bit-mat-dieu-tri-nhuoc-thi/; https://mathanoibacninh.com/kien-thuc/dong-tu-trang-o-tre/; https://mathanoibacninh.com/kien-thuc/kham-mat-cho-tre-truoc-tuoi-di-hoc/; https://mathanoibacninh.com/chuyen-khoa/mat-tre-em/nhuoc-thi-lac/; https://mathanoibacninh.com/chuyen-khoa/mat-tre-em/; https://mathanoibacninh.com/chuyen-khoa/mat-tre-em/kiem-soat-can-thi/; https://mathanoibacninh.com/hoi-dap/hoi-dap-mat-tre-em/; https://mathanoibacninh.com/doi-ngu-bac-si/
190,Nhược thị ở trẻ là gì? Vì sao đeo kính vẫn không nhìn rõ,https://mathanoibacninh.com/kien-thuc/nhuoc-thi-la-gi-o-tre/,post,publish,Kiến thức nhãn khoa; Nhược thị và lác ở trẻ,giải thích bệnh và chăm sóc mắt,Nhược thị ở trẻ là gì? Vì sao đeo kính vẫn không nhìn rõ,1,bvmat,2026-08-09 07:19:49,https://mathanoibacninh.com/kien-thuc/lac-mat-o-tre-co-tu-het-khong/; https://mathanoibacninh.com/kien-thuc/lac-trong-lac-ngoai-khac-nhau/; https://mathanoibacninh.com/kien-thuc/sup-mi-o-tre-nho/; https://mathanoibacninh.com/kien-thuc/dong-tu-trang-o-tre/; https://mathanoibacninh.com/kien-thuc/dau-hieu-tre-bi-can-thi-som/; https://mathanoibacninh.com/kien-thuc/con-hay-nheo-mat-khi-xem-tivi/; https://mathanoibacninh.com/kien-thuc/tre-cham-phan-ung-anh-sang/; https://mathanoibacninh.com/kien-thuc/kham-mat-cho-tre-truoc-tuoi-di-hoc/; https://mathanoibacninh.com/kien-thuc/bit-mat-dieu-tri-nhuoc-thi/; https://mathanoibacninh.com/kien-thuc/nhuoc-thi-dieu-tri-den-tuoi-nao/; https://mathanoibacninh.com/chuyen-khoa/mat-tre-em/nhuoc-thi-lac/; https://mathanoibacninh.com/chuyen-khoa/mat-tre-em/; https://mathanoibacninh.com/chuyen-khoa/mat-tre-em/kiem-soat-can-thi/; https://mathanoibacninh.com/kien-thuc/con-bi-can-co-tang-do-nua-khong/; https://mathanoibacninh.com/hoi-dap/hoi-dap-mat-tre-em/; https://mathanoibacninh.com/doi-ngu-bac-si/
191,Mắt trẻ sơ sinh hơi lác: khi nào là bình thường,https://mathanoibacninh.com/kien-thuc/tre-so-sinh-mat-lac-nhe/,post,publish,Kiến thức nhãn khoa; Nhược thị và lác ở trẻ,triệu chứng/khi cần khám,Mắt trẻ sơ sinh hơi lác: khi nào là bình thường,1,bvmat,2026-08-09 07:19:49,https://mathanoibacninh.com/kien-thuc/nhuoc-thi-la-gi-o-tre/; https://mathanoibacninh.com/kien-thuc/lac-mat-o-tre-co-tu-het-khong/; https://mathanoibacninh.com/kien-thuc/nhuoc-thi-dieu-tri-den-tuoi-nao/; https://mathanoibacninh.com/kien-thuc/dong-tu-trang-o-tre/; https://mathanoibacninh.com/kien-thuc/sup-mi-o-tre-nho/; https://mathanoibacninh.com/kien-thuc/tre-cham-phan-ung-anh-sang/; https://mathanoibacninh.com/kien-thuc/kham-mat-cho-tre-truoc-tuoi-di-hoc/; https://mathanoibacninh.com/chuyen-khoa/mat-tre-em/nhuoc-thi-lac/; https://mathanoibacninh.com/chuyen-khoa/mat-tre-em/; https://mathanoibacninh.com/chuyen-khoa/mat-tre-em/kiem-soat-can-thi/; https://mathanoibacninh.com/kien-thuc/bit-mat-dieu-tri-nhuoc-thi/; https://mathanoibacninh.com/hoi-dap/hoi-dap-mat-tre-em/; https://mathanoibacninh.com/kien-thuc/con-hay-nheo-mat-khi-xem-tivi/; https://mathanoibacninh.com/doi-ngu-bac-si/
192,Bịt mắt điều trị nhược thị: vì sao phải kiên trì và bịt bao lâu,https://mathanoibacninh.com/kien-thuc/bit-mat-dieu-tri-nhuoc-thi/,post,publish,Kiến thức nhãn khoa; Nhược thị và lác ở trẻ,điều trị/theo dõi,Bịt mắt điều trị nhược thị: vì sao phải kiên trì và bịt bao lâu,1,bvmat,2026-08-09 07:19:49,https://mathanoibacninh.com/kien-thuc/nhuoc-thi-la-gi-o-tre/; https://mathanoibacninh.com/kien-thuc/nhuoc-thi-dieu-tri-den-tuoi-nao/; https://mathanoibacninh.com/kien-thuc/dong-tu-trang-o-tre/; https://mathanoibacninh.com/kien-thuc/kham-mat-cho-tre-truoc-tuoi-di-hoc/; https://mathanoibacninh.com/chuyen-khoa/mat-tre-em/nhuoc-thi-lac/; https://mathanoibacninh.com/chuyen-khoa/mat-tre-em/; https://mathanoibacninh.com/chuyen-khoa/mat-tre-em/kiem-soat-can-thi/; https://mathanoibacninh.com/kien-thuc/cach-han-che-tang-do-can-cho-tre/; https://mathanoibacninh.com/hoi-dap/hoi-dap-mat-tre-em/; https://mathanoibacninh.com/kien-thuc/tre-cham-phan-ung-anh-sang/; https://mathanoibacninh.com/doi-ngu-bac-si/
193,Đồng tử trắng hoặc ánh sáng lạ trong ảnh chụp trẻ,https://mathanoibacninh.com/kien-thuc/dong-tu-trang-o-tre/,post,publish,Kiến thức nhãn khoa; Nhược thị và lác ở trẻ,giải thích bệnh và chăm sóc mắt,Đồng tử trắng hoặc ánh sáng lạ trong ảnh chụp trẻ,1,bvmat,2026-08-09 07:19:49,https://mathanoibacninh.com/kien-thuc/tre-cham-phan-ung-anh-sang/; https://mathanoibacninh.com/kien-thuc/kham-mat-cho-tre-truoc-tuoi-di-hoc/; https://mathanoibacninh.com/chuyen-khoa/mat-tre-em/nhuoc-thi-lac/; https://mathanoibacninh.com/chuyen-khoa/mat-tre-em/; https://mathanoibacninh.com/kien-thuc/nhuoc-thi-la-gi-o-tre/; https://mathanoibacninh.com/kien-thuc/nhuoc-thi-dieu-tri-den-tuoi-nao/; https://mathanoibacninh.com/kien-thuc/sup-mi-o-tre-nho/; https://mathanoibacninh.com/kien-thuc/lac-mat-o-tre-co-tu-het-khong/; https://mathanoibacninh.com/hoi-dap/hoi-dap-mat-tre-em/; https://mathanoibacninh.com/chuyen-khoa/mat-tre-em/kiem-soat-can-thi/; https://mathanoibacninh.com/kien-thuc/thoi-gian-ngoai-troi-va-can-thi-tre/; https://mathanoibacninh.com/doi-ngu-bac-si/
194,Khám mắt cho trẻ trước tuổi đi học: những gì được kiểm tra,https://mathanoibacninh.com/kien-thuc/kham-mat-cho-tre-truoc-tuoi-di-hoc/,post,publish,Kiến thức nhãn khoa; Nhược thị và lác ở trẻ,giải thích bệnh và chăm sóc mắt,Khám mắt cho trẻ trước tuổi đi học: những gì được kiểm tra,1,bvmat,2026-08-09 07:19:49,https://mathanoibacninh.com/kien-thuc/nhuoc-thi-dieu-tri-den-tuoi-nao/; https://mathanoibacninh.com/kien-thuc/nhuoc-thi-la-gi-o-tre/; https://mathanoibacninh.com/kien-thuc/tre-so-sinh-mat-lac-nhe/; https://mathanoibacninh.com/kien-thuc/lac-trong-lac-ngoai-khac-nhau/; https://mathanoibacninh.com/kien-thuc/dong-tu-trang-o-tre/; https://mathanoibacninh.com/kien-thuc/bit-mat-dieu-tri-nhuoc-thi/; https://mathanoibacninh.com/chuyen-khoa/mat-tre-em/kiem-soat-can-thi/; https://mathanoibacninh.com/kien-thuc/tre-deo-kinh-co-bi-phu-thuoc-khong/; https://mathanoibacninh.com/chuyen-khoa/mat-tre-em/nhuoc-thi-lac/; https://mathanoibacninh.com/chuyen-khoa/mat-tre-em/; https://mathanoibacninh.com/kien-thuc/kham-mat-hoc-duong-cho-hoc-sinh/; https://mathanoibacninh.com/hoi-dap/hoi-dap-mat-tre-em/; https://mathanoibacninh.com/doi-ngu-bac-si/
199,Sụp mi ở trẻ nhỏ: vì sao ảnh hưởng đến phát triển thị lực,https://mathanoibacninh.com/kien-thuc/sup-mi-o-tre-nho/,post,publish,Kiến thức nhãn khoa; Nhược thị và lác ở trẻ,giải thích bệnh và chăm sóc mắt,Sụp mi ở trẻ nhỏ: vì sao ảnh hưởng đến phát triển thị lực,1,bvmat,2026-08-09 07:19:49,https://mathanoibacninh.com/kien-thuc/nhuoc-thi-la-gi-o-tre/; https://mathanoibacninh.com/kien-thuc/dong-tu-trang-o-tre/; https://mathanoibacninh.com/kien-thuc/lac-trong-lac-ngoai-khac-nhau/; https://mathanoibacninh.com/kien-thuc/kham-mat-cho-tre-truoc-tuoi-di-hoc/; https://mathanoibacninh.com/chuyen-khoa/mat-tre-em/nhuoc-thi-lac/; https://mathanoibacninh.com/chuyen-khoa/mat-tre-em/; https://mathanoibacninh.com/kien-thuc/bit-mat-dieu-tri-nhuoc-thi/; https://mathanoibacninh.com/kien-thuc/nhuoc-thi-dieu-tri-den-tuoi-nao/; https://mathanoibacninh.com/kien-thuc/kham-mat-hoc-duong-cho-hoc-sinh/; https://mathanoibacninh.com/chuyen-khoa/mat-tre-em/kiem-soat-can-thi/; https://mathanoibacninh.com/hoi-dap/hoi-dap-mat-tre-em/; https://mathanoibacninh.com/doi-ngu-bac-si/
200,Trẻ chậm phản ứng với ánh sáng và đồ vật: mốc thị giác theo tháng tuổi,https://mathanoibacninh.com/kien-thuc/tre-cham-phan-ung-anh-sang/,post,publish,Kiến thức nhãn khoa; Nhược thị và lác ở trẻ,giải thích bệnh và chăm sóc mắt,Trẻ chậm phản ứng với ánh sáng và đồ vật: mốc thị giác theo tháng tuổi,1,bvmat,2026-08-09 07:19:49,https://mathanoibacninh.com/kien-thuc/nhuoc-thi-la-gi-o-tre/; https://mathanoibacninh.com/kien-thuc/tre-so-sinh-mat-lac-nhe/; https://mathanoibacninh.com/kien-thuc/tre-may-tuoi-thi-do-mat-duoc/; https://mathanoibacninh.com/kien-thuc/dong-tu-trang-o-tre/; https://mathanoibacninh.com/kien-thuc/sup-mi-o-tre-nho/; https://mathanoibacninh.com/kien-thuc/nhuoc-thi-dieu-tri-den-tuoi-nao/; https://mathanoibacninh.com/kien-thuc/kham-mat-cho-tre-truoc-tuoi-di-hoc/; https://mathanoibacninh.com/chuyen-khoa/mat-tre-em/nhuoc-thi-lac/; https://mathanoibacninh.com/chuyen-khoa/mat-tre-em/; https://mathanoibacninh.com/kien-thuc/tre-hoc-online-nhieu-anh-huong-mat/; https://mathanoibacninh.com/chuyen-khoa/mat-tre-em/kiem-soat-can-thi/; https://mathanoibacninh.com/hoi-dap/hoi-dap-mat-tre-em/; https://mathanoibacninh.com/doi-ngu-bac-si/
254,Đau mắt dữ dội kèm nhức đầu và nôn: vì sao không được chờ,https://mathanoibacninh.com/kien-thuc/dau-mat-du-doi-kem-nhuc-dau-non/,post,publish,Dấu hiệu cần đi khám ngay; Kiến thức nhãn khoa,giải thích bệnh và chăm sóc mắt,Đau mắt dữ dội kèm nhức đầu và nôn: vì sao không được chờ,1,bvmat,2026-08-09 07:19:49,https://mathanoibacninh.com/kien-thuc/nhin-thay-quang-sang-quanh-den/; https://mathanoibacninh.com/chuyen-khoa/glocom/; https://mathanoibacninh.com/kien-thuc/glocom-co-chua-khoi-duoc-khong/; https://mathanoibacninh.com/kien-thuc/nhin-doi-nhin-nhoe/; https://mathanoibacninh.com/kien-thuc/sung-ne-quanh-mat-va-sot/; https://mathanoibacninh.com/lien-he/; https://mathanoibacninh.com/kien-thuc/muoi-dau-hieu-o-mat-phai-di-kham-ngay/; https://mathanoibacninh.com/kien-thuc/mat-mo-dot-ngot-trong-vai-phut/; https://mathanoibacninh.com/kien-thuc/mat-mo-dot-ngot-mot-ben/; https://mathanoibacninh.com/kien-thuc/nhuc-moi-mat-khi-nhin-may-tinh/; https://mathanoibacninh.com/kien-thuc/; https://mathanoibacninh.com/chuyen-khoa/dich-kinh-vong-mac/; https://mathanoibacninh.com/doi-ngu-bac-si/
255,Mắt bị chấn thương do vật nhọn hoặc hoá chất: sơ cứu đúng cách,https://mathanoibacninh.com/kien-thuc/mat-bi-cham-thuong-do-vat-nhon/,post,publish,Dấu hiệu cần đi khám ngay; Kiến thức nhãn khoa,giải thích bệnh và chăm sóc mắt,Mắt bị chấn thương do vật nhọn hoặc hoá chất: sơ cứu đúng cách,1,bvmat,2026-08-10 00:07:49,https://mathanoibacninh.com/kien-thuc/man-che-truoc-mat-nhu-buc-man/; https://mathanoibacninh.com/lien-he/; https://mathanoibacninh.com/chuyen-khoa/dich-kinh-vong-mac/; https://mathanoibacninh.com/chuyen-khoa/glocom/; https://mathanoibacninh.com/kien-thuc/muoi-dau-hieu-o-mat-phai-di-kham-ngay/; https://mathanoibacninh.com/kien-thuc/sung-ne-quanh-mat-va-sot/; https://mathanoibacninh.com/kien-thuc/mat-giat-va-co-mi-lien-tuc/; https://mathanoibacninh.com/kien-thuc/vong-mac-tieu-duong-cac-giai-doan/; https://mathanoibacninh.com/kien-thuc/nhuc-moi-mat-khi-nhin-may-tinh/; https://mathanoibacninh.com/kien-thuc/; https://mathanoibacninh.com/doi-ngu-bac-si/; https://mathanoibacninh.com/gioi-thieu/co-so-vat-chat/
256,Mắt giật và co mí liên tục: khi nào cần khám,https://mathanoibacninh.com/kien-thuc/mat-giat-va-co-mi-lien-tuc/,post,publish,Dấu hiệu cần đi khám ngay; Kiến thức nhãn khoa,triệu chứng/khi cần khám,Mắt giật và co mí liên tục: khi nào cần khám,1,bvmat,2026-08-10 00:07:55,https://mathanoibacninh.com/kien-thuc/nhuc-moi-mat-khi-nhin-may-tinh/; https://mathanoibacninh.com/kien-thuc/nhin-doi-nhin-nhoe/; https://mathanoibacninh.com/kien-thuc/mat-nhay-cam-voi-anh-sang/; https://mathanoibacninh.com/kien-thuc/muoi-dau-hieu-o-mat-phai-di-kham-ngay/; https://mathanoibacninh.com/kien-thuc/dau-mat-du-doi-kem-nhuc-dau-non/; https://mathanoibacninh.com/lien-he/; https://mathanoibacninh.com/chuyen-khoa/dich-kinh-vong-mac/; https://mathanoibacninh.com/chuyen-khoa/glocom/; https://mathanoibacninh.com/kien-thuc/mat-mo-dot-ngot-trong-vai-phut/; https://mathanoibacninh.com/kien-thuc/mat-bi-cham-thuong-do-vat-nhon/; https://mathanoibacninh.com/kien-thuc/tac-mach-mau-vong-mac/; https://mathanoibacninh.com/kien-thuc/; https://mathanoibacninh.com/doi-ngu-bac-si/; https://mathanoibacninh.com/khu-vuc/kham-mat-bac-giang/
257,Mắt mờ đột ngột trong vài phút rồi trở lại: có nên bỏ qua,https://mathanoibacninh.com/kien-thuc/mat-mo-dot-ngot-trong-vai-phut/,post,publish,Dấu hiệu cần đi khám ngay; Kiến thức nhãn khoa,giải thích bệnh và chăm sóc mắt,Mắt mờ đột ngột trong vài phút rồi trở lại: có nên bỏ qua,1,bvmat,2026-08-10 00:07:45,https://mathanoibacninh.com/kien-thuc/muoi-dau-hieu-o-mat-phai-di-kham-ngay/; https://mathanoibacninh.com/kien-thuc/bien-chung-mat-o-nguoi-tieu-duong/; https://mathanoibacninh.com/kien-thuc/cao-huyet-ap-anh-huong-mat/; https://mathanoibacninh.com/lien-he/; https://mathanoibacninh.com/chuyen-khoa/dich-kinh-vong-mac/; https://mathanoibacninh.com/chuyen-khoa/glocom/; https://mathanoibacninh.com/kien-thuc/nhuc-moi-mat-khi-nhin-may-tinh/; https://mathanoibacninh.com/kien-thuc/mat-nhay-cam-voi-anh-sang/; https://mathanoibacninh.com/kien-thuc/nhin-doi-nhin-nhoe/; https://mathanoibacninh.com/kien-thuc/man-che-truoc-mat-nhu-buc-man/; https://mathanoibacninh.com/kien-thuc/mat-bi-cham-thuong-do-vat-nhon/; https://mathanoibacninh.com/kien-thuc/; https://mathanoibacninh.com/doi-ngu-bac-si/; https://mathanoibacninh.com/kien-thuc/khong-nen-tu-y-mua-khang-sinh-tri-dau-mat-do/
258,Mắt nhạy cảm với ánh sáng bất thường: những khả năng cần khám,https://mathanoibacninh.com/kien-thuc/mat-nhay-cam-voi-anh-sang/,post,publish,Dấu hiệu cần đi khám ngay; Kiến thức nhãn khoa,giải thích bệnh và chăm sóc mắt,Mắt nhạy cảm với ánh sáng bất thường: những khả năng cần khám,1,bvmat,2026-08-10 00:07:55,https://mathanoibacninh.com/kien-thuc/mat-bi-cham-thuong-do-vat-nhon/; https://mathanoibacninh.com/kien-thuc/dau-mat-du-doi-kem-nhuc-dau-non/; https://mathanoibacninh.com/lien-he/; https://mathanoibacninh.com/chuyen-khoa/dich-kinh-vong-mac/; https://mathanoibacninh.com/chuyen-khoa/glocom/; https://mathanoibacninh.com/kien-thuc/nhin-thay-quang-sang-quanh-den/; https://mathanoibacninh.com/kien-thuc/nhuc-moi-mat-khi-nhin-may-tinh/; https://mathanoibacninh.com/kien-thuc/muoi-dau-hieu-o-mat-phai-di-kham-ngay/; https://mathanoibacninh.com/kien-thuc/mat-mo-dot-ngot-trong-vai-phut/; https://mathanoibacninh.com/kien-thuc/mat-giat-va-co-mi-lien-tuc/; https://mathanoibacninh.com/kien-thuc/can-nang-va-nguy-co-vong-mac/; https://mathanoibacninh.com/kien-thuc/; https://mathanoibacninh.com/doi-ngu-bac-si/; https://mathanoibacninh.com/khu-vuc/kham-mat-bac-giang/
259,Mười dấu hiệu ở mắt phải đi khám ngay trong hôm nay,https://mathanoibacninh.com/kien-thuc/muoi-dau-hieu-o-mat-phai-di-kham-ngay/,post,publish,Dấu hiệu cần đi khám ngay; Kiến thức nhãn khoa,triệu chứng/khi cần khám,Mười dấu hiệu ở mắt phải đi khám ngay trong hôm nay,1,bvmat,2026-08-09 07:19:49,https://mathanoibacninh.com/kien-thuc/mat-mo-dot-ngot-trong-vai-phut/; https://mathanoibacninh.com/kien-thuc/dau-mat-du-doi-kem-nhuc-dau-non/; https://mathanoibacninh.com/kien-thuc/nhin-thay-quang-sang-quanh-den/; https://mathanoibacninh.com/kien-thuc/mat-bi-cham-thuong-do-vat-nhon/; https://mathanoibacninh.com/kien-thuc/sung-ne-quanh-mat-va-sot/; https://mathanoibacninh.com/kien-thuc/nhin-doi-nhin-nhoe/; https://mathanoibacninh.com/kien-thuc/nhuc-moi-mat-khi-nhin-may-tinh/; https://mathanoibacninh.com/kien-thuc/mat-giat-va-co-mi-lien-tuc/; https://mathanoibacninh.com/lien-he/; https://mathanoibacninh.com/chuyen-khoa/dich-kinh-vong-mac/; https://mathanoibacninh.com/chuyen-khoa/glocom/; https://mathanoibacninh.com/kien-thuc/; https://mathanoibacninh.com/kien-thuc/chop-sang-va-ruoi-bay-truoc-mat/; https://mathanoibacninh.com/doi-ngu-bac-si/
260,"Nhìn đôi, nhìn nhoè: khi nào liên quan đến vấn đề ngoài mắt",https://mathanoibacninh.com/kien-thuc/nhin-doi-nhin-nhoe/,post,publish,Dấu hiệu cần đi khám ngay; Kiến thức nhãn khoa,triệu chứng/khi cần khám,"Nhìn đôi, nhìn nhoè: khi nào liên quan đến vấn đề ngoài mắt",1,bvmat,2026-08-09 07:19:49,https://mathanoibacninh.com/kien-thuc/sung-ne-quanh-mat-va-sot/; https://mathanoibacninh.com/kien-thuc/mat-bi-cham-thuong-do-vat-nhon/; https://mathanoibacninh.com/kien-thuc/bien-chung-mat-o-nguoi-tieu-duong/; https://mathanoibacninh.com/lien-he/; https://mathanoibacninh.com/chuyen-khoa/dich-kinh-vong-mac/; https://mathanoibacninh.com/chuyen-khoa/glocom/; https://mathanoibacninh.com/kien-thuc/nhuc-moi-mat-khi-nhin-may-tinh/; https://mathanoibacninh.com/kien-thuc/nhin-thay-quang-sang-quanh-den/; https://mathanoibacninh.com/kien-thuc/muoi-dau-hieu-o-mat-phai-di-kham-ngay/; https://mathanoibacninh.com/kien-thuc/mat-mo-dot-ngot-trong-vai-phut/; https://mathanoibacninh.com/kien-thuc/; https://mathanoibacninh.com/doi-ngu-bac-si/
261,Nhìn thấy quầng sáng quanh đèn vào buổi tối,https://mathanoibacninh.com/kien-thuc/nhin-thay-quang-sang-quanh-den/,post,publish,Dấu hiệu cần đi khám ngay; Kiến thức nhãn khoa,giải thích bệnh và chăm sóc mắt,Nhìn thấy quầng sáng quanh đèn vào buổi tối,1,bvmat,2026-08-09 07:19:49,https://mathanoibacninh.com/kien-thuc/dau-mat-du-doi-kem-nhuc-dau-non/; https://mathanoibacninh.com/kien-thuc/mat-nhay-cam-voi-anh-sang/; https://mathanoibacninh.com/kien-thuc/nhin-doi-nhin-nhoe/; https://mathanoibacninh.com/kien-thuc/mat-mo-dot-ngot-trong-vai-phut/; https://mathanoibacninh.com/kien-thuc/muoi-dau-hieu-o-mat-phai-di-kham-ngay/; https://mathanoibacninh.com/lien-he/; https://mathanoibacninh.com/chuyen-khoa/dich-kinh-vong-mac/; https://mathanoibacninh.com/chuyen-khoa/glocom/; https://mathanoibacninh.com/kien-thuc/nhuc-moi-mat-khi-nhin-may-tinh/; https://mathanoibacninh.com/kien-thuc/mat-giat-va-co-mi-lien-tuc/; https://mathanoibacninh.com/kien-thuc/soi-day-mat-la-gi/; https://mathanoibacninh.com/kien-thuc/; https://mathanoibacninh.com/doi-ngu-bac-si/
262,Nhức mỏi mắt khi nhìn máy tính lâu: khi nào chỉ là mỏi,https://mathanoibacninh.com/kien-thuc/nhuc-moi-mat-khi-nhin-may-tinh/,post,publish,Dấu hiệu cần đi khám ngay; Kiến thức nhãn khoa,triệu chứng/khi cần khám,Nhức mỏi mắt khi nhìn máy tính lâu: khi nào chỉ là mỏi,1,bvmat,2026-08-09 07:19:49,https://mathanoibacninh.com/kien-thuc/nhin-doi-nhin-nhoe/; https://mathanoibacninh.com/kien-thuc/mat-nhay-cam-voi-anh-sang/; https://mathanoibacninh.com/kien-thuc/nhin-thay-quang-sang-quanh-den/; https://mathanoibacninh.com/kien-thuc/dau-mat-du-doi-kem-nhuc-dau-non/; https://mathanoibacninh.com/kien-thuc/thoai-hoa-diem-vang-tuoi-gia/; https://mathanoibacninh.com/kien-thuc/muoi-dau-hieu-o-mat-phai-di-kham-ngay/; https://mathanoibacninh.com/kien-thuc/; https://mathanoibacninh.com/lien-he/; https://mathanoibacninh.com/chuyen-khoa/dich-kinh-vong-mac/; https://mathanoibacninh.com/chuyen-khoa/glocom/; https://mathanoibacninh.com/doi-ngu-bac-si/
263,Sưng nề quanh mắt kèm sốt: dấu hiệu nhiễm trùng lan rộng,https://mathanoibacninh.com/kien-thuc/sung-ne-quanh-mat-va-sot/,post,publish,Dấu hiệu cần đi khám ngay; Kiến thức nhãn khoa,triệu chứng/khi cần khám,Sưng nề quanh mắt kèm sốt: dấu hiệu nhiễm trùng lan rộng,1,bvmat,2026-08-09 07:19:48,https://mathanoibacninh.com/kien-thuc/nhin-doi-nhin-nhoe/; https://mathanoibacninh.com/kien-thuc/bien-chung-mat-o-nguoi-tieu-duong/; https://mathanoibacninh.com/lien-he/; https://mathanoibacninh.com/chuyen-khoa/dich-kinh-vong-mac/; https://mathanoibacninh.com/chuyen-khoa/glocom/; https://mathanoibacninh.com/kien-thuc/muoi-dau-hieu-o-mat-phai-di-kham-ngay/; https://mathanoibacninh.com/kien-thuc/mat-nhay-cam-voi-anh-sang/; https://mathanoibacninh.com/kien-thuc/nhuc-moi-mat-khi-nhin-may-tinh/; https://mathanoibacninh.com/kien-thuc/cao-huyet-ap-anh-huong-mat/; https://mathanoibacninh.com/kien-thuc/; https://mathanoibacninh.com/doi-ngu-bac-si/
267,Kiểm soát tiến triển cận thị là gì? Phân biệt với chữa cận,https://mathanoibacninh.com/kien-thuc/kiem-soat-tien-trien-can-thi-la-gi/,post,publish,Cận thị trẻ em; Kiến thức nhãn khoa,điều trị/theo dõi,Kiểm soát tiến triển cận thị là gì? Phân biệt với chữa cận,1,bvmat,2026-08-09 07:19:26,https://mathanoibacninh.com/kien-thuc/tre-may-tuoi-thi-do-mat-duoc/; https://mathanoibacninh.com/chuyen-khoa/tat-khuc-xa/can-thi/; https://mathanoibacninh.com/hoi-dap/truoc-khi-di-kham/; https://mathanoibacninh.com/kien-thuc/lac-trong-lac-ngoai-khac-nhau/; https://mathanoibacninh.com/kien-thuc/kham-khuc-xa-gom-nhung-gi/; https://mathanoibacninh.com/kien-thuc/tre-deo-kinh-co-bi-phu-thuoc-khong/; https://mathanoibacninh.com/kien-thuc/cach-han-che-tang-do-can-cho-tre/; https://mathanoibacninh.com/chuyen-khoa/mat-tre-em/kiem-soat-can-thi/; https://mathanoibacninh.com/chuyen-khoa/mat-tre-em/; https://mathanoibacninh.com/kien-thuc/con-hay-nheo-mat-khi-xem-tivi/; https://mathanoibacninh.com/kien-thuc/kham-mat-hoc-duong-cho-hoc-sinh/; https://mathanoibacninh.com/hoi-dap/hoi-dap-mat-tre-em/; https://mathanoibacninh.com/doi-ngu-bac-si/
268,Glôcôm có chữa khỏi được không? Mục tiêu điều trị thực tế,https://mathanoibacninh.com/kien-thuc/glocom-co-chua-khoi-duoc-khong/,post,publish,Glôcôm – cườm nước; Kiến thức nhãn khoa,điều trị/theo dõi,Glôcôm có chữa khỏi được không? Mục tiêu điều trị thực tế,1,bvmat,2026-08-09 07:19:26,https://mathanoibacninh.com/kien-thuc/glocom-cuom-nuoc-la-benh-gi/; https://mathanoibacninh.com/kien-thuc/cuom-nuoc-va-cuom-kho-khac-nhau/; https://mathanoibacninh.com/kien-thuc/do-nhan-ap-la-gi/; https://mathanoibacninh.com/kien-thuc/thi-truong-mat-thu-hep-dan/; https://mathanoibacninh.com/kien-thuc/dau-hieu-glocom-giai-doan-som/; https://mathanoibacninh.com/kien-thuc/glocom-co-di-truyen-khong/; https://mathanoibacninh.com/hoi-dap/truoc-khi-di-kham/; https://mathanoibacninh.com/kien-thuc/glocom-cap-dau-mat-du-doi/; https://mathanoibacninh.com/chuyen-khoa/dich-kinh-vong-mac/; https://mathanoibacninh.com/kien-thuc/thuoc-nho-mat-ha-nhan-ap-dung-dung/; https://mathanoibacninh.com/kien-thuc/mat-nguoi-cao-tuoi-kham-dinh-ky/; https://mathanoibacninh.com/kien-thuc/sau-mo-mat-kieng-an-gi-kieng-lam-gi/; https://mathanoibacninh.com/chuyen-khoa/glocom/; https://mathanoibacninh.com/chuyen-khoa/mat-nguoi-cao-tuoi/; https://mathanoibacninh.com/doi-ngu-bac-si/
269,Tắc mạch máu võng mạc: mất thị lực đột ngột không đau,https://mathanoibacninh.com/kien-thuc/tac-mach-mau-vong-mac/,post,publish,Dịch kính – võng mạc; Kiến thức nhãn khoa,giải thích bệnh và chăm sóc mắt,Tắc mạch máu võng mạc: mất thị lực đột ngột không đau,1,bvmat,2026-08-09 07:19:49,https://mathanoibacninh.com/kien-thuc/mat-mo-dot-ngot-mot-ben/; https://mathanoibacninh.com/kien-thuc/cao-huyet-ap-anh-huong-mat/; https://mathanoibacninh.com/kien-thuc/vong-mac-tieu-duong-cac-giai-doan/; https://mathanoibacninh.com/kien-thuc/nhin-thay-quang-sang-quanh-den/; https://mathanoibacninh.com/kien-thuc/chop-sang-va-ruoi-bay-truoc-mat/; https://mathanoibacninh.com/kien-thuc/mat-giat-va-co-mi-lien-tuc/; https://mathanoibacninh.com/kien-thuc/soi-day-mat-la-gi/; https://mathanoibacninh.com/hoi-dap/mo-mat-va-hoi-phuc/; https://mathanoibacninh.com/kien-thuc/can-nang-va-nguy-co-vong-mac/; https://mathanoibacninh.com/chuyen-khoa/tat-khuc-xa/can-thi/; https://mathanoibacninh.com/chuyen-khoa/mat-nguoi-cao-tuoi/; https://mathanoibacninh.com/chuyen-khoa/dich-kinh-vong-mac/; https://mathanoibacninh.com/doi-ngu-bac-si/
284,Bảo hiểm y tế khi khám mắt: cơ chế chi trả và thủ tục cơ bản,https://mathanoibacninh.com/kien-thuc/bao-hiem-y-te-kham-mat-the-nao/,post,publish,Chuẩn bị đi khám và bảo hiểm; Kiến thức nhãn khoa,giải thích bệnh và chăm sóc mắt,Bảo hiểm y tế khi khám mắt: cơ chế chi trả và thủ tục cơ bản,1,bvmat,2026-08-09 07:19:26,https://mathanoibacninh.com/chuyen-khoa/; https://mathanoibacninh.com/chuyen-khoa/mat-nguoi-cao-tuoi/; https://mathanoibacninh.com/kien-thuc/giay-chuyen-tuyen-can-nhung-gi/; https://mathanoibacninh.com/kien-thuc/kham-dung-tuyen-va-vuot-tuyen/; https://mathanoibacninh.com/kien-thuc/di-kham-mat-can-chuan-bi-gi/; https://mathanoibacninh.com/hoi-dap/; https://mathanoibacninh.com/kien-thuc/chalazion-va-leo-mat/; https://mathanoibacninh.com/hoi-dap/truoc-khi-di-kham/; https://mathanoibacninh.com/doi-ngu-bac-si/
285,Đi khám mắt cần chuẩn bị gì? Danh sách mang theo,https://mathanoibacninh.com/kien-thuc/di-kham-mat-can-chuan-bi-gi/,post,publish,Chuẩn bị đi khám và bảo hiểm; Kiến thức nhãn khoa,chuẩn bị khám,Đi khám mắt cần chuẩn bị gì? Danh sách mang theo,1,bvmat,2026-08-09 07:19:26,https://mathanoibacninh.com/kien-thuc/bao-hiem-y-te-kham-mat-the-nao/; https://mathanoibacninh.com/chuyen-khoa/mat-nguoi-cao-tuoi/; https://mathanoibacninh.com/chuyen-khoa/; https://mathanoibacninh.com/kien-thuc/nho-thuoc-gian-dong-tu-anh-huong-gi/; https://mathanoibacninh.com/kien-thuc/truoc-khi-kham-mat-co-can-nhin-an/; https://mathanoibacninh.com/kien-thuc/dau-mat-do-bao-lau-thi-khoi/; https://mathanoibacninh.com/hoi-dap/truoc-khi-di-kham/; https://mathanoibacninh.com/hoi-dap/; https://mathanoibacninh.com/doi-ngu-bac-si/
286,Giấy chuyển tuyến cần những gì và xin ở đâu,https://mathanoibacninh.com/kien-thuc/giay-chuyen-tuyen-can-nhung-gi/,post,publish,Chuẩn bị đi khám và bảo hiểm; Kiến thức nhãn khoa,chuẩn bị khám,Giấy chuyển tuyến cần những gì và xin ở đâu,1,bvmat,2026-08-09 07:19:26,https://mathanoibacninh.com/kien-thuc/ket-qua-kham-mat-doc-the-nao/; https://mathanoibacninh.com/hoi-dap/truoc-khi-di-kham/; https://mathanoibacninh.com/kien-thuc/di-kham-mat-can-chuan-bi-gi/; https://mathanoibacninh.com/chuyen-khoa/mat-nguoi-cao-tuoi/; https://mathanoibacninh.com/kien-thuc/loet-giac-mac-dau-hieu-nguy-hiem/; https://mathanoibacninh.com/kien-thuc/nho-thuoc-gian-dong-tu-anh-huong-gi/; https://mathanoibacninh.com/chuyen-khoa/; https://mathanoibacninh.com/kien-thuc/khi-nao-can-kham-lai-mat/; https://mathanoibacninh.com/hoi-dap/; https://mathanoibacninh.com/doi-ngu-bac-si/
287,Đọc kết quả khám mắt: các chỉ số thường gặp nghĩa là gì,https://mathanoibacninh.com/kien-thuc/ket-qua-kham-mat-doc-the-nao/,post,publish,Chuẩn bị đi khám và bảo hiểm; Kiến thức nhãn khoa,giải thích bệnh và chăm sóc mắt,Đọc kết quả khám mắt: các chỉ số thường gặp nghĩa là gì,1,bvmat,2026-08-09 07:19:26,https://mathanoibacninh.com/chuyen-khoa/mat-nguoi-cao-tuoi/; https://mathanoibacninh.com/kien-thuc/quy-trinh-kham-mat-gom-may-buoc/; https://mathanoibacninh.com/kien-thuc/di-vat-bay-vao-mat-xu-ly-the-nao/; https://mathanoibacninh.com/kien-thuc/di-kham-mat-can-chuan-bi-gi/; https://mathanoibacninh.com/hoi-dap/truoc-khi-di-kham/; https://mathanoibacninh.com/hoi-dap/; https://mathanoibacninh.com/chuyen-khoa/; https://mathanoibacninh.com/kien-thuc/khi-nao-can-kham-lai-mat/; https://mathanoibacninh.com/doi-ngu-bac-si/
288,Khám đúng tuyến và vượt tuyến khác nhau thế nào,https://mathanoibacninh.com/kien-thuc/kham-dung-tuyen-va-vuot-tuyen/,post,publish,Chuẩn bị đi khám và bảo hiểm; Kiến thức nhãn khoa,giải thích bệnh và chăm sóc mắt,Khám đúng tuyến và vượt tuyến khác nhau thế nào,1,bvmat,2026-08-09 07:19:26,https://mathanoibacninh.com/kien-thuc/giay-chuyen-tuyen-can-nhung-gi/; https://mathanoibacninh.com/kien-thuc/viem-bo-mi-mat/; https://mathanoibacninh.com/chuyen-khoa/; https://mathanoibacninh.com/chuyen-khoa/mat-nguoi-cao-tuoi/; https://mathanoibacninh.com/kien-thuc/ket-qua-kham-mat-doc-the-nao/; https://mathanoibacninh.com/kien-thuc/truoc-khi-kham-mat-co-can-nhin-an/; https://mathanoibacninh.com/hoi-dap/; https://mathanoibacninh.com/hoi-dap/truoc-khi-di-kham/; https://mathanoibacninh.com/doi-ngu-bac-si/
289,Khi nào cần khám lại mắt? Lịch theo từng nhóm bệnh,https://mathanoibacninh.com/kien-thuc/khi-nao-can-kham-lai-mat/,post,publish,Chuẩn bị đi khám và bảo hiểm; Kiến thức nhãn khoa,triệu chứng/khi cần khám,Khi nào cần khám lại mắt? Lịch theo từng nhóm bệnh,1,bvmat,2026-08-09 07:19:26,https://mathanoibacninh.com/kien-thuc/di-kham-mat-can-chuan-bi-gi/; https://mathanoibacninh.com/chuyen-khoa/mat-nguoi-cao-tuoi/; https://mathanoibacninh.com/kien-thuc/nguoi-gia-di-kham-mat-can-nguoi-di-cung/; https://mathanoibacninh.com/kien-thuc/truoc-khi-kham-mat-co-can-nhin-an/; https://mathanoibacninh.com/kien-thuc/mat-do-khong-phai-dau-mat-do/; https://mathanoibacninh.com/chuyen-khoa/; https://mathanoibacninh.com/hoi-dap/; https://mathanoibacninh.com/hoi-dap/truoc-khi-di-kham/; https://mathanoibacninh.com/doi-ngu-bac-si/
290,Người già đi khám mắt có cần người nhà đi cùng không,https://mathanoibacninh.com/kien-thuc/nguoi-gia-di-kham-mat-can-nguoi-di-cung/,post,publish,Chuẩn bị đi khám và bảo hiểm; Kiến thức nhãn khoa,giải thích bệnh và chăm sóc mắt,Người già đi khám mắt có cần người nhà đi cùng không,1,bvmat,2026-08-09 07:19:26,https://mathanoibacninh.com/kien-thuc/nuoc-mat-nhan-tao-dung-the-nao/; https://mathanoibacninh.com/kien-thuc/khi-nao-can-kham-lai-mat/; https://mathanoibacninh.com/chuyen-khoa/mat-nguoi-cao-tuoi/; https://mathanoibacninh.com/chuyen-khoa/; https://mathanoibacninh.com/kien-thuc/kham-dung-tuyen-va-vuot-tuyen/; https://mathanoibacninh.com/kien-thuc/bao-hiem-y-te-kham-mat-the-nao/; https://mathanoibacninh.com/hoi-dap/; https://mathanoibacninh.com/hoi-dap/truoc-khi-di-kham/; https://mathanoibacninh.com/doi-ngu-bac-si/
291,Nhỏ thuốc giãn đồng tử: mờ bao lâu và vì sao cần thiết,https://mathanoibacninh.com/kien-thuc/nho-thuoc-gian-dong-tu-anh-huong-gi/,post,publish,Chuẩn bị đi khám và bảo hiểm; Kiến thức nhãn khoa,điều trị/theo dõi,Nhỏ thuốc giãn đồng tử: mờ bao lâu và vì sao cần thiết,1,bvmat,2026-08-09 07:19:26,https://mathanoibacninh.com/kien-thuc/quy-trinh-kham-mat-gom-may-buoc/; https://mathanoibacninh.com/kien-thuc/mat-com-nhu-co-hat-cat/; https://mathanoibacninh.com/kien-thuc/nguoi-gia-di-kham-mat-can-nguoi-di-cung/; https://mathanoibacninh.com/chuyen-khoa/mat-nguoi-cao-tuoi/; https://mathanoibacninh.com/kien-thuc/giay-chuyen-tuyen-can-nhung-gi/; https://mathanoibacninh.com/hoi-dap/truoc-khi-di-kham/; https://mathanoibacninh.com/hoi-dap/; https://mathanoibacninh.com/chuyen-khoa/; https://mathanoibacninh.com/doi-ngu-bac-si/
292,Quy trình khám mắt gồm mấy bước và mất bao lâu,https://mathanoibacninh.com/kien-thuc/quy-trinh-kham-mat-gom-may-buoc/,post,publish,Chuẩn bị đi khám và bảo hiểm; Kiến thức nhãn khoa,chuẩn bị khám,Quy trình khám mắt gồm mấy bước và mất bao lâu,1,bvmat,2026-08-10 00:07:39,https://mathanoibacninh.com/chuyen-khoa/; https://mathanoibacninh.com/kien-thuc/bao-hiem-y-te-kham-mat-the-nao/; https://mathanoibacninh.com/kien-thuc/kho-mat-nguyen-nhan-va-xu-tri/; https://mathanoibacninh.com/kien-thuc/nho-thuoc-gian-dong-tu-anh-huong-gi/; https://mathanoibacninh.com/kien-thuc/ket-qua-kham-mat-doc-the-nao/; https://mathanoibacninh.com/hoi-dap/truoc-khi-di-kham/; https://mathanoibacninh.com/hoi-dap/; https://mathanoibacninh.com/kien-thuc/nguoi-gia-di-kham-mat-can-nguoi-di-cung/; https://mathanoibacninh.com/chuyen-khoa/mat-nguoi-cao-tuoi/; https://mathanoibacninh.com/doi-ngu-bac-si/; https://mathanoibacninh.com/kien-thuc/kham-khuc-xa-gom-nhung-gi-2/
293,"Trước khi khám mắt có cần nhịn ăn, có lái xe về được không",https://mathanoibacninh.com/kien-thuc/truoc-khi-kham-mat-co-can-nhin-an/,post,publish,Chuẩn bị đi khám và bảo hiểm; Kiến thức nhãn khoa,giải thích bệnh và chăm sóc mắt,"Trước khi khám mắt có cần nhịn ăn, có lái xe về được không",1,bvmat,2026-08-09 07:19:26,https://mathanoibacninh.com/kien-thuc/nho-thuoc-gian-dong-tu-anh-huong-gi/; https://mathanoibacninh.com/chuyen-khoa/mat-nguoi-cao-tuoi/; https://mathanoibacninh.com/kien-thuc/kham-dung-tuyen-va-vuot-tuyen/; https://mathanoibacninh.com/kien-thuc/quy-trinh-kham-mat-gom-may-buoc/; https://mathanoibacninh.com/kien-thuc/dau-mat-do-lay-qua-duong-nao/; https://mathanoibacninh.com/hoi-dap/truoc-khi-di-kham/; https://mathanoibacninh.com/hoi-dap/; https://mathanoibacninh.com/chuyen-khoa/; https://mathanoibacninh.com/doi-ngu-bac-si/
362,Chẩn đoán nhãn khoa,https://mathanoibacninh.com/dich-vu/chan-doan-nhan-khoa/,page,publish,,điều hướng/thông tin bệnh viện,Chẩn đoán nhãn khoa,0,,2026-08-11 10:07:59,https://mathanoibacninh.com/chuyen-khoa/; https://mathanoibacninh.com/chuyen-khoa/dich-kinh-vong-mac/; https://mathanoibacninh.com/chuyen-khoa/giac-mac-ket-mac/; https://mathanoibacninh.com/hoi-dap/truoc-khi-di-kham/; https://mathanoibacninh.com/doi-ngu-bac-si/; https://mathanoibacninh.com/dat-lich-kham/; https://mathanoibacninh.com/lien-he/; https://mathanoibacninh.com/khu-vuc/kham-mat-bac-ninh/; https://mathanoibacninh.com/khu-vuc/kham-mat-bac-giang/; https://mathanoibacninh.com/hoi-dap/hoi-dap-mat-tre-em/; https://mathanoibacninh.com/hoi-dap/mo-mat-va-hoi-phuc/
365,Phẫu thuật mộng mắt,https://mathanoibacninh.com/dich-vu/phau-thuat-mong/,page,publish,,điều hướng/thông tin bệnh viện,Phẫu thuật mộng mắt,0,,2026-08-11 10:08:02,https://mathanoibacninh.com/chuyen-khoa/giac-mac-ket-mac/; https://mathanoibacninh.com/chuyen-khoa/; https://mathanoibacninh.com/doi-ngu-bac-si/; https://mathanoibacninh.com/hoi-dap/truoc-khi-di-kham/; https://mathanoibacninh.com/dat-lich-kham/; https://mathanoibacninh.com/lien-he/; https://mathanoibacninh.com/khu-vuc/kham-mat-bac-ninh/; https://mathanoibacninh.com/khu-vuc/kham-mat-bac-giang/; https://mathanoibacninh.com/hoi-dap/mo-mat-va-hoi-phuc/; https://mathanoibacninh.com/chinh-sach/mien-tru-trach-nhiem-y-khoa/
366,Phẫu thuật quặm mi,https://mathanoibacninh.com/dich-vu/phau-thuat-quem/,page,publish,,điều hướng/thông tin bệnh viện,Phẫu thuật quặm mi,0,,2026-08-11 10:08:02,https://mathanoibacninh.com/chuyen-khoa/mat-tre-em/; https://mathanoibacninh.com/hoi-dap/hoi-dap-mat-tre-em/; https://mathanoibacninh.com/chuyen-khoa/giac-mac-ket-mac/; https://mathanoibacninh.com/chuyen-khoa/; https://mathanoibacninh.com/doi-ngu-bac-si/; https://mathanoibacninh.com/hoi-dap/truoc-khi-di-kham/; https://mathanoibacninh.com/dat-lich-kham/; https://mathanoibacninh.com/lien-he/; https://mathanoibacninh.com/khu-vuc/kham-mat-bac-ninh/; https://mathanoibacninh.com/khu-vuc/kham-mat-bac-giang/; https://mathanoibacninh.com/hoi-dap/mo-mat-va-hoi-phuc/; https://mathanoibacninh.com/chinh-sach/mien-tru-trach-nhiem-y-khoa/
367,Mi mắt và lệ đạo,https://mathanoibacninh.com/dich-vu/mi-mat-le-dao/,page,publish,,điều hướng/thông tin bệnh viện,Mi mắt và lệ đạo,0,,2026-08-11 10:08:03,https://mathanoibacninh.com/chuyen-khoa/mat-tre-em/; https://mathanoibacninh.com/hoi-dap/hoi-dap-mat-tre-em/; https://mathanoibacninh.com/chuyen-khoa/; https://mathanoibacninh.com/doi-ngu-bac-si/; https://mathanoibacninh.com/chuyen-khoa/giac-mac-ket-mac/; https://mathanoibacninh.com/hoi-dap/truoc-khi-di-kham/; https://mathanoibacninh.com/dat-lich-kham/; https://mathanoibacninh.com/lien-he/; https://mathanoibacninh.com/khu-vuc/kham-mat-bac-ninh/; https://mathanoibacninh.com/khu-vuc/kham-mat-bac-giang/; https://mathanoibacninh.com/hoi-dap/mo-mat-va-hoi-phuc/
368,Xét nghiệm trước phẫu thuật,https://mathanoibacninh.com/dich-vu/xet-nghiem-truoc-phau-thuat/,page,publish,,điều hướng/thông tin bệnh viện,Xét nghiệm trước phẫu thuật,0,,2026-08-11 10:08:04,https://mathanoibacninh.com/chuyen-khoa/dich-kinh-vong-mac/; https://mathanoibacninh.com/chuyen-khoa/mat-nguoi-cao-tu/; https://mathanoibacninh.com/hoi-dap/truoc-khi-di-kham/; https://mathanoibacninh.com/dat-lich-kham/; https://mathanoibacninh.com/lien-he/; https://mathanoibacninh.com/doi-ngu-bac-si/; https://mathanoibacninh.com/chuyen-khoa/; https://mathanoibacninh.com/khu-vuc/kham-mat-bac-ninh/; https://mathanoibacninh.com/khu-vuc/kham-mat-bac-giang/; https://mathanoibacninh.com/hoi-dap/mo-mat-va-hoi-phuc/; https://mathanoibacninh.com/chinh-sach/mien-tru-trach-nhiem-y-khoa/
565,Cộm mắt kéo dài mà khám không tìm ra dị vật: vì sao và làm gì,https://mathanoibacninh.com/kien-thuc/com-mat-keo-dai-khong-tim-ra-di-vat/,post,publish,Kiến thức nhãn khoa,giải thích bệnh và chăm sóc mắt,Cộm mắt kéo dài mà khám không tìm ra dị vật: vì sao và làm gì,0,,2026-08-23 01:18:54,https://mathanoibacninh.com/kien-thuc/mat-com-nhu-co-hat-cat/; https://mathanoibacninh.com/kien-thuc/kho-mat-nguyen-nhan-va-xu-tri/; https://mathanoibacninh.com/kien-thuc/viem-bo-mi-mat/; https://mathanoibacninh.com/kien-thuc/di-vat-bay-vao-mat-xu-ly-the-nao/; https://mathanoibacninh.com/kien-thuc/mat-bi-cham-thuong-do-vat-nhon/; https://mathanoibacninh.com/kien-thuc/mat-nhay-cam-voi-anh-sang/; https://mathanoibacninh.com/kien-thuc/loet-giac-mac-dau-hieu-nguy-hiem/; https://mathanoibacninh.com/kien-thuc/mat-do-khong-phai-dau-mat-do/; https://mathanoibacninh.com/hoi-dap/truoc-khi-di-kham/; https://mathanoibacninh.com/chuyen-khoa/giac-mac-ket-mac/; https://mathanoibacninh.com/kien-thuc/nuoc-mat-nhan-tao-dung-the-nao/; https://mathanoibacninh.com/kien-thuc/nhuc-moi-mat-khi-nhin-may-tinh/; https://mathanoibacninh.com/lien-he/; https://mathanoibacninh.com/kien-thuc/; https://mathanoibacninh.com/doi-ngu-bac-si/
566,Đau nhức phía sau nhãn cầu khi động mắt: tại sao lại đau,https://mathanoibacninh.com/kien-thuc/dau-nhuc-phia-sau-nhan-cau-khi-dong-mat/,post,publish,Kiến thức nhãn khoa,giải thích bệnh và chăm sóc mắt,Đau nhức phía sau nhãn cầu khi động mắt: tại sao lại đau,0,,2026-08-23 01:18:55,https://mathanoibacninh.com/kien-thuc/nhuc-moi-mat-khi-nhin-may-tinh/; https://mathanoibacninh.com/kien-thuc/kho-mat-nguyen-nhan-va-xu-tri/; https://mathanoibacninh.com/kien-thuc/mat-mo-dot-ngot-mot-ben/; https://mathanoibacninh.com/kien-thuc/dau-mat-du-doi-kem-nhuc-dau-non/; https://mathanoibacninh.com/kien-thuc/glocom-cap-dau-mat-du-doi/; https://mathanoibacninh.com/kien-thuc/sung-ne-quanh-mat-va-sot/; https://mathanoibacninh.com/kien-thuc/dau-quanh-hoc-mat-keo-dai-nhieu-ngay/; https://mathanoibacninh.com/kien-thuc/nhin-doi-nhin-nhoe/; https://mathanoibacninh.com/kien-thuc/do-nhan-ap-la-gi/; https://mathanoibacninh.com/hoi-dap/truoc-khi-di-kham/; https://mathanoibacninh.com/kien-thuc/nuoc-mat-nhan-tao-dung-the-nao/; https://mathanoibacninh.com/lien-he/; https://mathanoibacninh.com/kien-thuc/; https://mathanoibacninh.com/chuyen-khoa/glocom/; https://mathanoibacninh.com/doi-ngu-bac-si/
567,Đau quanh hốc mắt kéo dài nhiều ngày: khi nào cần đi khám,https://mathanoibacninh.com/kien-thuc/dau-quanh-hoc-mat-keo-dai-nhieu-ngay/,post,publish,Kiến thức nhãn khoa,triệu chứng/khi cần khám,Đau quanh hốc mắt kéo dài nhiều ngày: khi nào cần đi khám,0,,2026-08-23 01:18:56,https://mathanoibacninh.com/kien-thuc/nhuc-moi-mat-khi-nhin-may-tinh/; https://mathanoibacninh.com/kien-thuc/kho-mat-nguyen-nhan-va-xu-tri/; https://mathanoibacninh.com/kien-thuc/kham-khuc-xa-gom-nhung-gi/; https://mathanoibacninh.com/kien-thuc/glocom-cap-dau-mat-du-doi/; https://mathanoibacninh.com/kien-thuc/do-nhan-ap-la-gi/; https://mathanoibacninh.com/kien-thuc/dau-nhuc-phia-sau-nhan-cau-khi-dong-mat/; https://mathanoibacninh.com/kien-thuc/sung-ne-quanh-mat-va-sot/; https://mathanoibacninh.com/kien-thuc/muoi-dau-hieu-o-mat-phai-di-kham-ngay/; https://mathanoibacninh.com/kien-thuc/mat-nhay-cam-voi-anh-sang/; https://mathanoibacninh.com/chuyen-khoa/glocom/; https://mathanoibacninh.com/kien-thuc/nuoc-mat-nhan-tao-dung-the-nao/; https://mathanoibacninh.com/kien-thuc/thuoc-nho-mat-ha-nhan-ap-dung-dung/; https://mathanoibacninh.com/lien-he/; https://mathanoibacninh.com/kien-thuc/; https://mathanoibacninh.com/kien-thuc/dau-mat-du-doi-kem-nhuc-dau-non/; https://mathanoibacninh.com/hoi-dap/truoc-khi-di-kham/; https://mathanoibacninh.com/doi-ngu-bac-si/
568,Mắt đỏ nhưng thị lực bình thường: có cần lo không,https://mathanoibacninh.com/kien-thuc/mat-do-khong-dau-khong-mo/,post,publish,Kiến thức nhãn khoa,giải thích bệnh và chăm sóc mắt,Mắt đỏ nhưng thị lực bình thường: có cần lo không,0,,2026-08-23 01:18:56,https://mathanoibacninh.com/kien-thuc/mat-do-khong-phai-dau-mat-do/; https://mathanoibacninh.com/kien-thuc/kho-mat-nguyen-nhan-va-xu-tri/; https://mathanoibacninh.com/kien-thuc/dau-mat-do-lay-qua-duong-nao/; https://mathanoibacninh.com/kien-thuc/viem-bo-mi-mat/; https://mathanoibacninh.com/kien-thuc/cao-huyet-ap-anh-huong-mat/; https://mathanoibacninh.com/kien-thuc/glocom-cap-dau-mat-du-doi/; https://mathanoibacninh.com/kien-thuc/mat-nhay-cam-voi-anh-sang/; https://mathanoibacninh.com/hoi-dap/truoc-khi-di-kham/; https://mathanoibacninh.com/kien-thuc/nuoc-mat-nhan-tao-dung-the-nao/; https://mathanoibacninh.com/kien-thuc/khong-nen-tu-y-mua-khang-sinh-tri-dau-mat-do/; https://mathanoibacninh.com/chuyen-khoa/giac-mac-ket-mac/; https://mathanoibacninh.com/lien-he/; https://mathanoibacninh.com/kien-thuc/dau-mat-do-bao-lau-thi-khoi/; https://mathanoibacninh.com/kien-thuc/; https://mathanoibacninh.com/doi-ngu-bac-si/
569,"Mắt mờ buổi tối, ban ngày thì rõ: nguyên nhân và khi nào cần khám",https://mathanoibacninh.com/kien-thuc/mat-mo-buoi-toi-ban-ngay-thi-ro/,post,publish,Kiến thức nhãn khoa,triệu chứng/khi cần khám,"Mắt mờ buổi tối, ban ngày thì rõ: nguyên nhân và khi nào cần khám",0,,2026-08-23 01:18:57,https://mathanoibacninh.com/kien-thuc/nhin-thay-quang-sang-quanh-den/; https://mathanoibacninh.com/kien-thuc/duc-thuy-tinh-the-dau-hieu-som/; https://mathanoibacninh.com/chuyen-khoa/tat-khuc-xa/loan-thi/; https://mathanoibacninh.com/kien-thuc/doi-kinh-lien-tuc-ma-van-mo/; https://mathanoibacninh.com/kien-thuc/kho-mat-nguyen-nhan-va-xu-tri/; https://mathanoibacninh.com/kien-thuc/dau-hieu-glocom-giai-doan-som/; https://mathanoibacninh.com/kien-thuc/do-nhan-ap-la-gi/; https://mathanoibacninh.com/kien-thuc/thoai-hoa-diem-vang-tuoi-gia/; https://mathanoibacninh.com/kien-thuc/khi-nao-can-kham-lai-mat/; https://mathanoibacninh.com/hoi-dap/truoc-khi-di-kham/; https://mathanoibacninh.com/kien-thuc/nuoc-mat-nhan-tao-dung-the-nao/; https://mathanoibacninh.com/chuyen-khoa/mat-nguoi-cao-tuoi/; https://mathanoibacninh.com/lien-he/; https://mathanoibacninh.com/kien-thuc/; https://mathanoibacninh.com/kien-thuc/glocom-cuom-nuoc-la-benh-gi/; https://mathanoibacninh.com/kien-thuc/mat-nhay-cam-voi-anh-sang/; https://mathanoibacninh.com/kien-thuc/dau-mat-du-doi-kem-nhuc-dau-non/; https://mathanoibacninh.com/kien-thuc/mat-mo-dan-theo-thoi-gian-o-nguoi-truong-thanh/; https://mathanoibacninh.com/kien-thuc/nguoi-gia-mat-mo-nhin-khong-ro/; https://mathanoibacninh.com/doi-ngu-bac-si/
570,Mắt mờ dần ở người trưởng thành: lão thị hay bệnh lý,https://mathanoibacninh.com/kien-thuc/mat-mo-dan-theo-thoi-gian-o-nguoi-truong-thanh/,post,publish,Kiến thức nhãn khoa,giải thích bệnh và chăm sóc mắt,Mắt mờ dần ở người trưởng thành: lão thị hay bệnh lý,0,,2026-08-23 01:18:58,https://mathanoibacninh.com/kien-thuc/duc-thuy-tinh-the-dau-hieu-som/; https://mathanoibacninh.com/kien-thuc/lao-thi-va-duc-thuy-tinh-the-khac-nhau/; https://mathanoibacninh.com/kien-thuc/glocom-cuom-nuoc-la-benh-gi/; https://mathanoibacninh.com/kien-thuc/thi-truong-mat-thu-hep-dan/; https://mathanoibacninh.com/kien-thuc/thoai-hoa-diem-vang-tuoi-gia/; https://mathanoibacninh.com/kien-thuc/bien-chung-mat-o-nguoi-tieu-duong/; https://mathanoibacninh.com/kien-thuc/cao-huyet-ap-anh-huong-mat/; https://mathanoibacninh.com/kien-thuc/mat-mo-dot-ngot-trong-vai-phut/; https://mathanoibacninh.com/kien-thuc/dau-mat-du-doi-kem-nhuc-dau-non/; https://mathanoibacninh.com/lien-he/; https://mathanoibacninh.com/kien-thuc/nhuc-moi-mat-khi-nhin-may-tinh/; https://mathanoibacninh.com/kien-thuc/thuoc-nho-mat-ha-nhan-ap-dung-dung/; https://mathanoibacninh.com/kien-thuc/; https://mathanoibacninh.com/kien-thuc/mat-nguoi-cao-tuoi-kham-dinh-ky/; https://mathanoibacninh.com/doi-ngu-bac-si/
571,"Nhìn méo, đường thẳng thành cong: tổn thương hoàng điểm",https://mathanoibacninh.com/kien-thuc/mat-mo-kem-nhin-meo-duong-thang-thanh-cong/,post,publish,Kiến thức nhãn khoa,giải thích bệnh và chăm sóc mắt,"Nhìn méo, đường thẳng thành cong: tổn thương hoàng điểm",0,,2026-08-23 01:18:58,https://mathanoibacninh.com/kien-thuc/thoai-hoa-diem-vang-tuoi-gia/; https://mathanoibacninh.com/kien-thuc/bien-chung-mat-o-nguoi-tieu-duong/; https://mathanoibacninh.com/kien-thuc/can-nang-va-nguy-co-vong-mac/; https://mathanoibacninh.com/kien-thuc/soi-day-mat-la-gi/; https://mathanoibacninh.com/hoi-dap/truoc-khi-di-kham/; https://mathanoibacninh.com/chuyen-khoa/dich-kinh-vong-mac/; https://mathanoibacninh.com/lien-he/; https://mathanoibacninh.com/kien-thuc/; https://mathanoibacninh.com/kien-thuc/tac-mach-mau-vong-mac/; https://mathanoibacninh.com/kien-thuc/chop-sang-va-ruoi-bay-truoc-mat/; https://mathanoibacninh.com/doi-ngu-bac-si/
572,Mắt mờ kèm thấy màn che hoặc mất mảng tầm nhìn: cảnh báo võng mạc,https://mathanoibacninh.com/kien-thuc/mat-mo-kem-thay-man-che-hoac-mat-mang-tam-nhin/,post,publish,Kiến thức nhãn khoa,giải thích bệnh và chăm sóc mắt,Mắt mờ kèm thấy màn che hoặc mất mảng tầm nhìn: cảnh báo võng mạc,0,,2026-08-23 01:18:59,https://mathanoibacninh.com/kien-thuc/chop-sang-va-ruoi-bay-truoc-mat/; https://mathanoibacninh.com/chuyen-khoa/dich-kinh-vong-mac/; https://mathanoibacninh.com/kien-thuc/tac-mach-mau-vong-mac/; https://mathanoibacninh.com/kien-thuc/vong-mac-tieu-duong-cac-giai-doan/; https://mathanoibacninh.com/kien-thuc/thi-truong-mat-thu-hep-dan/; https://mathanoibacninh.com/kien-thuc/can-nang-va-nguy-co-vong-mac/; https://mathanoibacninh.com/kien-thuc/mat-bi-cham-thuong-do-vat-nhon/; https://mathanoibacninh.com/kien-thuc/khi-nao-can-kham-lai-mat/; https://mathanoibacninh.com/kien-thuc/nho-thuoc-gian-dong-tu-anh-huong-gi/; https://mathanoibacninh.com/kien-thuc/soi-day-mat-la-gi/; https://mathanoibacninh.com/hoi-dap/truoc-khi-di-kham/; https://mathanoibacninh.com/lien-he/; https://mathanoibacninh.com/kien-thuc/muoi-dau-hieu-o-mat-phai-di-kham-ngay/; https://mathanoibacninh.com/doi-ngu-bac-si/
573,"Mắt mờ khi nhìn gần, nhìn xa vẫn rõ: lão thị hay vấn đề khác",https://mathanoibacninh.com/kien-thuc/mat-mo-khi-nhin-gan-nhin-xa-thi-ro/,post,publish,Kiến thức nhãn khoa,giải thích bệnh và chăm sóc mắt,"Mắt mờ khi nhìn gần, nhìn xa vẫn rõ: lão thị hay vấn đề khác",0,,2026-08-23 01:19:00,https://mathanoibacninh.com/kien-thuc/vien-thi-o-nguoi-truong-thanh/; https://mathanoibacninh.com/chuyen-khoa/tat-khuc-xa/vien-thi/; https://mathanoibacninh.com/kien-thuc/kho-mat-nguyen-nhan-va-xu-tri/; https://mathanoibacninh.com/kien-thuc/nuoc-mat-nhan-tao-dung-the-nao/; https://mathanoibacninh.com/kien-thuc/nhuc-moi-mat-khi-nhin-may-tinh/; https://mathanoibacninh.com/kien-thuc/bien-chung-mat-o-nguoi-tieu-duong/; https://mathanoibacninh.com/kien-thuc/lao-thi-va-duc-thuy-tinh-the-khac-nhau/; https://mathanoibacninh.com/kien-thuc/duc-thuy-tinh-the-dau-hieu-som/; https://mathanoibacninh.com/kien-thuc/kham-khuc-xa-gom-nhung-gi/; https://mathanoibacninh.com/kien-thuc/do-nhan-ap-la-gi/; https://mathanoibacninh.com/chuyen-khoa/mat-nguoi-cao-tuoi/; https://mathanoibacninh.com/lien-he/; https://mathanoibacninh.com/kien-thuc/mat-mo-dan-theo-thoi-gian-o-nguoi-truong-thanh/; https://mathanoibacninh.com/kien-thuc/; https://mathanoibacninh.com/doi-ngu-bac-si/
574,"Mắt mờ khi nhìn xa, nhìn gần thì rõ: cận thị hay bệnh lý",https://mathanoibacninh.com/kien-thuc/mat-mo-khi-nhin-xa-nhin-gan-thi-ro/,post,publish,Kiến thức nhãn khoa,giải thích bệnh và chăm sóc mắt,"Mắt mờ khi nhìn xa, nhìn gần thì rõ: cận thị hay bệnh lý",0,,2026-08-23 01:19:00,https://mathanoibacninh.com/kien-thuc/can-thi-la-gi-nguyen-nhan-va-dau-hieu/; https://mathanoibacninh.com/chuyen-khoa/tat-khuc-xa/can-thi/; https://mathanoibacninh.com/kien-thuc/loan-thi-la-gi-khac-can-thi-the-nao/; https://mathanoibacninh.com/kien-thuc/duc-thuy-tinh-the-dau-hieu-som/; https://mathanoibacninh.com/kien-thuc/kho-mat-nguyen-nhan-va-xu-tri/; https://mathanoibacninh.com/kien-thuc/bien-chung-mat-o-nguoi-tieu-duong/; https://mathanoibacninh.com/kien-thuc/can-thi-tang-do-nhanh-o-nguoi-truong-thanh/; https://mathanoibacninh.com/kien-thuc/do-can-bao-nhieu-la-nang/; https://mathanoibacninh.com/kien-thuc/kham-khuc-xa-gom-nhung-gi/; https://mathanoibacninh.com/kien-thuc/soi-day-mat-la-gi/; https://mathanoibacninh.com/kien-thuc/can-nang-va-nguy-co-vong-mac/; https://mathanoibacninh.com/lien-he/; https://mathanoibacninh.com/kien-thuc/; https://mathanoibacninh.com/chuyen-khoa/tat-khuc-xa/loan-thi/; https://mathanoibacninh.com/doi-ngu-bac-si/
575,"Mắt mờ một bên, bên kia vẫn rõ: khi nào cần lo",https://mathanoibacninh.com/kien-thuc/mat-mo-mot-ben-ben-kia-van-ro/,post,publish,Kiến thức nhãn khoa,triệu chứng/khi cần khám,"Mắt mờ một bên, bên kia vẫn rõ: khi nào cần lo",0,,2026-08-23 01:19:01,https://mathanoibacninh.com/kien-thuc/khi-nao-can-kham-lai-mat/; https://mathanoibacninh.com/kien-thuc/lech-do-hai-mat/; https://mathanoibacninh.com/kien-thuc/doi-kinh-lien-tuc-ma-van-mo/; https://mathanoibacninh.com/kien-thuc/duc-thuy-tinh-the-dau-hieu-som/; https://mathanoibacninh.com/kien-thuc/chop-sang-va-ruoi-bay-truoc-mat/; https://mathanoibacninh.com/chuyen-khoa/dich-kinh-vong-mac/; https://mathanoibacninh.com/kien-thuc/tac-mach-mau-vong-mac/; https://mathanoibacninh.com/kien-thuc/dau-mat-du-doi-kem-nhuc-dau-non/; https://mathanoibacninh.com/chuyen-khoa/glocom/; https://mathanoibacninh.com/kien-thuc/nhin-mo-do-mat-hay-do-nao/; https://mathanoibacninh.com/kien-thuc/thoai-hoa-diem-vang-tuoi-gia/; https://mathanoibacninh.com/kien-thuc/bien-chung-mat-o-nguoi-tieu-duong/; https://mathanoibacninh.com/kien-thuc/mat-mo-dot-ngot-trong-vai-phut/; https://mathanoibacninh.com/kien-thuc/can-nang-va-nguy-co-vong-mac/; https://mathanoibacninh.com/kien-thuc/soi-day-mat-la-gi/; https://mathanoibacninh.com/kien-thuc/nho-thuoc-gian-dong-tu-anh-huong-gi/; https://mathanoibacninh.com/hoi-dap/truoc-khi-di-kham/; https://mathanoibacninh.com/kien-thuc/mat-mo-mot-ben-khong-phai-can-thi/; https://mathanoibacninh.com/lien-he/; https://mathanoibacninh.com/kien-thuc/; https://mathanoibacninh.com/kien-thuc/mat-mo-dot-ngot-mot-ben/; https://mathanoibacninh.com/kien-thuc/muoi-dau-hieu-o-mat-phai-di-kham-ngay/; https://mathanoibacninh.com/doi-ngu-bac-si/
576,Về chúng tôi,https://mathanoibacninh.com/ve-chung-toi/,page,publish,,điều hướng/thông tin bệnh viện,Về chúng tôi,0,,2026-08-21 10:40:14,
589,Ánh sáng xanh từ màn hình: bằng chứng nói gì và không nói gì,https://mathanoibacninh.com/kien-thuc/anh-sang-xanh-tu-man-hinh/,post,publish,Kiến thức nhãn khoa,giải thích bệnh và chăm sóc mắt,Ánh sáng xanh từ màn hình: bằng chứng nói gì và không nói gì,1,bvmat,2026-08-23 00:25:58,https://mathanoibacninh.com/kien-thuc/quy-tac-20-20-20-cho-nguoi-lam-may-tinh/; https://mathanoibacninh.com/chuyen-khoa/tat-khuc-xa/can-thi/; https://mathanoibacninh.com/kien-thuc/lech-do-hai-mat/; https://mathanoibacninh.com/kien-thuc/kham-suc-khoe-thi-luc-cho-cong-nhan/; https://mathanoibacninh.com/chuyen-khoa/giac-mac-ket-mac/; https://mathanoibacninh.com/kien-thuc/lai-xe-ban-dem-nhin-kem/; https://mathanoibacninh.com/khu-vuc/; https://mathanoibacninh.com/khu-vuc/kham-mat-bac-giang/; https://mathanoibacninh.com/kien-thuc/bac-giang-gio-thuoc-tinh-nao/; https://mathanoibacninh.com/lien-he/; https://mathanoibacninh.com/doi-ngu-bac-si/
590,Bắc Giang giờ thuộc tỉnh nào? Khám mắt và dùng bảo hiểm y tế ở đâu,https://mathanoibacninh.com/kien-thuc/bac-giang-gio-thuoc-tinh-nao/,post,publish,Kiến thức nhãn khoa,chuẩn bị khám,Bắc Giang giờ thuộc tỉnh nào? Khám mắt và dùng bảo hiểm y tế ở đâu,1,bvmat,2026-08-23 00:25:57,https://mathanoibacninh.com/khu-vuc/; https://mathanoibacninh.com/khu-vuc/kham-mat-bac-giang/; https://mathanoibacninh.com/kien-thuc/mat-va-cong-viec-nha-may/; https://mathanoibacninh.com/kien-thuc/bui-va-hoa-chat-trong-moi-truong-lam-viec/; https://mathanoibacninh.com/kien-thuc/han-dien-va-tia-cuc-tim/; https://mathanoibacninh.com/kien-thuc/quy-tac-20-20-20-cho-nguoi-lam-may-tinh/; https://mathanoibacninh.com/kien-thuc/anh-sang-xanh-tu-man-hinh/; https://mathanoibacninh.com/chuyen-khoa/tat-khuc-xa/can-thi/; https://mathanoibacninh.com/kien-thuc/can-thi-la-gi-nguyen-nhan-va-dau-hieu/; https://mathanoibacninh.com/kien-thuc/can-thi-tang-do-nhanh-o-nguoi-truong-thanh/; https://mathanoibacninh.com/kien-thuc/lai-xe-ban-dem-nhin-kem/; https://mathanoibacninh.com/kien-thuc/kham-mat-ngoai-gio-hanh-chinh/; https://mathanoibacninh.com/chuyen-khoa/giac-mac-ket-mac/; https://mathanoibacninh.com/lien-he/; https://mathanoibacninh.com/doi-ngu-bac-si/
591,Bụi và hoá chất trong môi trường làm việc: tổn thương tích tụ,https://mathanoibacninh.com/kien-thuc/bui-va-hoa-chat-trong-moi-truong-lam-viec/,post,publish,Kiến thức nhãn khoa,giải thích bệnh và chăm sóc mắt,Bụi và hoá chất trong môi trường làm việc: tổn thương tích tụ,1,bvmat,2026-08-23 00:25:57,https://mathanoibacninh.com/kien-thuc/quy-tac-20-20-20-cho-nguoi-lam-may-tinh/; https://mathanoibacninh.com/kien-thuc/loan-thi-la-gi-khac-can-thi-the-nao/; https://mathanoibacninh.com/chuyen-khoa/tat-khuc-xa/can-thi/; https://mathanoibacninh.com/kien-thuc/deo-kinh-bao-ho-dung-cach/; https://mathanoibacninh.com/kien-thuc/han-dien-va-tia-cuc-tim/; https://mathanoibacninh.com/chuyen-khoa/giac-mac-ket-mac/; https://mathanoibacninh.com/kien-thuc/kham-suc-khoe-thi-luc-cho-cong-nhan/; https://mathanoibacninh.com/khu-vuc/; https://mathanoibacninh.com/khu-vuc/kham-mat-bac-giang/; https://mathanoibacninh.com/doi-ngu-bac-si/
592,Đeo kính bảo hộ đúng cách: vì sao nhiều người bỏ không dùng,https://mathanoibacninh.com/kien-thuc/deo-kinh-bao-ho-dung-cach/,post,publish,Kiến thức nhãn khoa,giải thích bệnh và chăm sóc mắt,Đeo kính bảo hộ đúng cách: vì sao nhiều người bỏ không dùng,1,bvmat,2026-08-23 00:25:56,https://mathanoibacninh.com/kien-thuc/mat-va-cong-viec-nha-may/; https://mathanoibacninh.com/kien-thuc/quy-tac-20-20-20-cho-nguoi-lam-may-tinh/; https://mathanoibacninh.com/kien-thuc/han-dien-va-tia-cuc-tim/; https://mathanoibacninh.com/kien-thuc/nhin-mo-do-mat-hay-do-nao/; https://mathanoibacninh.com/chuyen-khoa/tat-khuc-xa/can-thi/; https://mathanoibacninh.com/chuyen-khoa/giac-mac-ket-mac/; https://mathanoibacninh.com/kien-thuc/kham-mat-ngoai-gio-hanh-chinh/; https://mathanoibacninh.com/khu-vuc/; https://mathanoibacninh.com/khu-vuc/kham-mat-bac-giang/; https://mathanoibacninh.com/kien-thuc/bac-giang-gio-thuoc-tinh-nao/; https://mathanoibacninh.com/doi-ngu-bac-si/
593,Hàn điện và tia cực tím: vì sao mắt đau sau nhiều giờ,https://mathanoibacninh.com/kien-thuc/han-dien-va-tia-cuc-tim/,post,publish,Kiến thức nhãn khoa,giải thích bệnh và chăm sóc mắt,Hàn điện và tia cực tím: vì sao mắt đau sau nhiều giờ,1,bvmat,2026-08-23 00:25:55,https://mathanoibacninh.com/kien-thuc/anh-sang-xanh-tu-man-hinh/; https://mathanoibacninh.com/kien-thuc/bui-va-hoa-chat-trong-moi-truong-lam-viec/; https://mathanoibacninh.com/chuyen-khoa/giac-mac-ket-mac/; https://mathanoibacninh.com/khu-vuc/; https://mathanoibacninh.com/khu-vuc/kham-mat-bac-giang/; https://mathanoibacninh.com/kien-thuc/vien-thi-o-nguoi-truong-thanh/; https://mathanoibacninh.com/chuyen-khoa/tat-khuc-xa/can-thi/; https://mathanoibacninh.com/kien-thuc/deo-kinh-bao-ho-dung-cach/; https://mathanoibacninh.com/kien-thuc/quy-tac-20-20-20-cho-nguoi-lam-may-tinh/; https://mathanoibacninh.com/doi-ngu-bac-si/
594,Khám mắt ngoài giờ hành chính: vì sao công nhân khó đi khám,https://mathanoibacninh.com/kien-thuc/kham-mat-ngoai-gio-hanh-chinh/,post,publish,Kiến thức nhãn khoa,giải thích bệnh và chăm sóc mắt,Khám mắt ngoài giờ hành chính: vì sao công nhân khó đi khám,1,bvmat,2026-08-23 00:25:55,https://mathanoibacninh.com/kien-thuc/bui-va-hoa-chat-trong-moi-truong-lam-viec/; https://mathanoibacninh.com/kien-thuc/han-dien-va-tia-cuc-tim/; https://mathanoibacninh.com/kien-thuc/mat-va-cong-viec-nha-may/; https://mathanoibacninh.com/kien-thuc/can-thi-la-gi-nguyen-nhan-va-dau-hieu/; https://mathanoibacninh.com/kien-thuc/kham-suc-khoe-thi-luc-cho-cong-nhan/; https://mathanoibacninh.com/kien-thuc/deo-kinh-bao-ho-dung-cach/; https://mathanoibacninh.com/kien-thuc/bac-giang-gio-thuoc-tinh-nao/; https://mathanoibacninh.com/khu-vuc/; https://mathanoibacninh.com/khu-vuc/kham-mat-bac-giang/; https://mathanoibacninh.com/kien-thuc/quy-tac-20-20-20-cho-nguoi-lam-may-tinh/; https://mathanoibacninh.com/kien-thuc/can-thi-tang-do-nhanh-o-nguoi-truong-thanh/; https://mathanoibacninh.com/chuyen-khoa/giac-mac-ket-mac/; https://mathanoibacninh.com/chuyen-khoa/tat-khuc-xa/can-thi/; https://mathanoibacninh.com/lien-he/; https://mathanoibacninh.com/doi-ngu-bac-si/
595,Khám sức khoẻ thị lực cho công nhân: nội dung tối thiểu cần có,https://mathanoibacninh.com/kien-thuc/kham-suc-khoe-thi-luc-cho-cong-nhan/,post,publish,Kiến thức nhãn khoa,giải thích bệnh và chăm sóc mắt,Khám sức khoẻ thị lực cho công nhân: nội dung tối thiểu cần có,1,bvmat,2026-08-23 00:25:54,https://mathanoibacninh.com/kien-thuc/kham-khuc-xa-gom-nhung-gi/; https://mathanoibacninh.com/chuyen-khoa/tat-khuc-xa/can-thi/; https://mathanoibacninh.com/chuyen-khoa/giac-mac-ket-mac/; https://mathanoibacninh.com/kien-thuc/bui-va-hoa-chat-trong-moi-truong-lam-viec/; https://mathanoibacninh.com/kien-thuc/mat-va-cong-viec-nha-may/; https://mathanoibacninh.com/kien-thuc/deo-kinh-bao-ho-dung-cach/; https://mathanoibacninh.com/kien-thuc/kham-mat-ngoai-gio-hanh-chinh/; https://mathanoibacninh.com/khu-vuc/; https://mathanoibacninh.com/khu-vuc/kham-mat-bac-giang/; https://mathanoibacninh.com/doi-ngu-bac-si/
596,Lái xe ban đêm nhìn kém: nguyên nhân từ mắt và cách kiểm tra,https://mathanoibacninh.com/kien-thuc/lai-xe-ban-dem-nhin-kem/,post,publish,Kiến thức nhãn khoa,giải thích bệnh và chăm sóc mắt,Lái xe ban đêm nhìn kém: nguyên nhân từ mắt và cách kiểm tra,1,bvmat,2026-08-23 00:25:53,https://mathanoibacninh.com/kien-thuc/doi-kinh-lien-tuc-ma-van-mo/; https://mathanoibacninh.com/chuyen-khoa/tat-khuc-xa/can-thi/; https://mathanoibacninh.com/kien-thuc/mat-va-cong-viec-nha-may/; https://mathanoibacninh.com/kien-thuc/deo-kinh-bao-ho-dung-cach/; https://mathanoibacninh.com/chuyen-khoa/giac-mac-ket-mac/; https://mathanoibacninh.com/kien-thuc/kham-suc-khoe-thi-luc-cho-cong-nhan/; https://mathanoibacninh.com/khu-vuc/; https://mathanoibacninh.com/khu-vuc/kham-mat-bac-giang/; https://mathanoibacninh.com/lien-he/; https://mathanoibacninh.com/doi-ngu-bac-si/
597,Mắt và công việc trong nhà máy: bốn yếu tố gây tổn thương,https://mathanoibacninh.com/kien-thuc/mat-va-cong-viec-nha-may/,post,publish,Kiến thức nhãn khoa,giải thích bệnh và chăm sóc mắt,Mắt và công việc trong nhà máy: bốn yếu tố gây tổn thương,1,bvmat,2026-08-23 00:25:53,https://mathanoibacninh.com/kien-thuc/bui-va-hoa-chat-trong-moi-truong-lam-viec/; https://mathanoibacninh.com/kien-thuc/han-dien-va-tia-cuc-tim/; https://mathanoibacninh.com/kien-thuc/can-thi-tang-do-nhanh-o-nguoi-truong-thanh/; https://mathanoibacninh.com/kien-thuc/do-can-bao-nhieu-la-nang/; https://mathanoibacninh.com/kien-thuc/kham-suc-khoe-thi-luc-cho-cong-nhan/; https://mathanoibacninh.com/kien-thuc/lai-xe-ban-dem-nhin-kem/; https://mathanoibacninh.com/kien-thuc/deo-kinh-bao-ho-dung-cach/; https://mathanoibacninh.com/kien-thuc/quy-tac-20-20-20-cho-nguoi-lam-may-tinh/; https://mathanoibacninh.com/chuyen-khoa/giac-mac-ket-mac/; https://mathanoibacninh.com/chuyen-khoa/tat-khuc-xa/can-thi/; https://mathanoibacninh.com/khu-vuc/; https://mathanoibacninh.com/khu-vuc/kham-mat-bac-giang/; https://mathanoibacninh.com/lien-he/; https://mathanoibacninh.com/doi-ngu-bac-si/
598,Quy tắc 20-20-20 và những gì thực sự giúp mắt khi làm máy tính,https://mathanoibacninh.com/kien-thuc/quy-tac-20-20-20-cho-nguoi-lam-may-tinh/,post,publish,Kiến thức nhãn khoa,giải thích bệnh và chăm sóc mắt,Quy tắc 20-20-20 và những gì thực sự giúp mắt khi làm máy tính,1,bvmat,2026-08-23 00:25:52,https://mathanoibacninh.com/chuyen-khoa/giac-mac-ket-mac/; https://mathanoibacninh.com/kien-thuc/kham-mat-ngoai-gio-hanh-chinh/; https://mathanoibacninh.com/chuyen-khoa/tat-khuc-xa/can-thi/; https://mathanoibacninh.com/kien-thuc/mat-mo-mot-ben-khong-phai-can-thi/; https://mathanoibacninh.com/kien-thuc/lai-xe-ban-dem-nhin-kem/; https://mathanoibacninh.com/kien-thuc/anh-sang-xanh-tu-man-hinh/; https://mathanoibacninh.com/khu-vuc/; https://mathanoibacninh.com/khu-vuc/kham-mat-bac-giang/; https://mathanoibacninh.com/lien-he/; https://mathanoibacninh.com/doi-ngu-bac-si/
616,Chảy nước mắt một bên kéo dài nhiều tháng: vì sao và làm gì,https://mathanoibacninh.com/kien-thuc/chay-nuoc-mat-mot-ben-keo-dai-nhieu-thang/,post,publish,Kiến thức nhãn khoa,giải thích bệnh và chăm sóc mắt,Chảy nước mắt một bên kéo dài nhiều tháng: vì sao và làm gì,0,,2026-08-23 00:38:30,https://mathanoibacninh.com/kien-thuc/kho-mat-nguyen-nhan-va-xu-tri/; https://mathanoibacninh.com/kien-thuc/viem-bo-mi-mat/; https://mathanoibacninh.com/kien-thuc/sung-ne-quanh-mat-va-sot/; https://mathanoibacninh.com/kien-thuc/com-mat-keo-dai-khong-tim-ra-di-vat/; https://mathanoibacninh.com/chuyen-khoa/mat-tre-em/; https://mathanoibacninh.com/kien-thuc/mat-nguoi-cao-tuoi-kham-dinh-ky/; https://mathanoibacninh.com/hoi-dap/truoc-khi-di-kham/; https://mathanoibacninh.com/kien-thuc/di-kham-mat-can-chuan-bi-gi/; https://mathanoibacninh.com/kien-thuc/nuoc-mat-nhan-tao-dung-the-nao/; https://mathanoibacninh.com/lien-he/; https://mathanoibacninh.com/chuyen-khoa/giac-mac-ket-mac/; https://mathanoibacninh.com/khu-vuc/kham-mat-bac-ninh/; https://mathanoibacninh.com/kien-thuc/; https://mathanoibacninh.com/kien-thuc/mat-do-khong-phai-dau-mat-do/; https://mathanoibacninh.com/doi-ngu-bac-si/
617,Chảy nước mắt nhiều khi ra gió hoặc ra nắng: vì sao,https://mathanoibacninh.com/kien-thuc/chay-nuoc-mat-nhieu-khi-ra-gio-hoac-nang/,post,publish,Kiến thức nhãn khoa,giải thích bệnh và chăm sóc mắt,Chảy nước mắt nhiều khi ra gió hoặc ra nắng: vì sao,0,,2026-08-23 00:38:31,https://mathanoibacninh.com/kien-thuc/kho-mat-nguyen-nhan-va-xu-tri/; https://mathanoibacninh.com/kien-thuc/nhuc-moi-mat-khi-nhin-may-tinh/; https://mathanoibacninh.com/kien-thuc/mat-nhay-cam-voi-anh-sang/; https://mathanoibacninh.com/kien-thuc/viem-bo-mi-mat/; https://mathanoibacninh.com/kien-thuc/chalazion-va-leo-mat/; https://mathanoibacninh.com/kien-thuc/mat-nguoi-cao-tuoi-kham-dinh-ky/; https://mathanoibacninh.com/kien-thuc/kham-khuc-xa-gom-nhung-gi/; https://mathanoibacninh.com/kien-thuc/mat-com-nhu-co-hat-cat/; https://mathanoibacninh.com/kien-thuc/com-mat-keo-dai-khong-tim-ra-di-vat/; https://mathanoibacninh.com/kien-thuc/di-vat-bay-vao-mat-xu-ly-the-nao/; https://mathanoibacninh.com/chuyen-khoa/giac-mac-ket-mac/; https://mathanoibacninh.com/hoi-dap/truoc-khi-di-kham/; https://mathanoibacninh.com/kien-thuc/nuoc-mat-nhan-tao-dung-the-nao/; https://mathanoibacninh.com/lien-he/; https://mathanoibacninh.com/kien-thuc/; https://mathanoibacninh.com/khu-vuc/kham-mat-bac-ninh/; https://mathanoibacninh.com/doi-ngu-bac-si/
618,Ghèn trong dính kéo thành sợi ở khoé mắt: vì sao và làm gì,https://mathanoibacninh.com/kien-thuc/ghen-trong-dinh-nhu-keo-chi/,post,publish,Kiến thức nhãn khoa,giải thích bệnh và chăm sóc mắt,Ghèn trong dính kéo thành sợi ở khoé mắt: vì sao và làm gì,0,,2026-08-23 00:38:31,https://mathanoibacninh.com/kien-thuc/mat-do-khong-phai-dau-mat-do/; https://mathanoibacninh.com/kien-thuc/nhuc-moi-mat-khi-nhin-may-tinh/; https://mathanoibacninh.com/kien-thuc/kho-mat-nguyen-nhan-va-xu-tri/; https://mathanoibacninh.com/kien-thuc/dau-mat-do-bao-lau-thi-khoi/; https://mathanoibacninh.com/kien-thuc/viem-bo-mi-mat/; https://mathanoibacninh.com/kien-thuc/chalazion-va-leo-mat/; https://mathanoibacninh.com/kien-thuc/loet-giac-mac-dau-hieu-nguy-hiem/; https://mathanoibacninh.com/hoi-dap/truoc-khi-di-kham/; https://mathanoibacninh.com/kien-thuc/di-kham-mat-can-chuan-bi-gi/; https://mathanoibacninh.com/kien-thuc/nuoc-mat-nhan-tao-dung-the-nao/; https://mathanoibacninh.com/chuyen-khoa/tat-khuc-xa/loan-thi/; https://mathanoibacninh.com/chuyen-khoa/giac-mac-ket-mac/; https://mathanoibacninh.com/kien-thuc/khong-nen-tu-y-mua-khang-sinh-tri-dau-mat-do/; https://mathanoibacninh.com/lien-he/; https://mathanoibacninh.com/kien-thuc/; https://mathanoibacninh.com/kien-thuc/mat-com-nhu-co-hat-cat/; https://mathanoibacninh.com/kien-thuc/com-mat-keo-dai-khong-tim-ra-di-vat/; https://mathanoibacninh.com/doi-ngu-bac-si/
619,Hai mắt nhìn không cùng hướng ở người trưởng thành,https://mathanoibacninh.com/kien-thuc/hai-mat-nhin-khong-cung-huong-o-nguoi-truong-thanh/,post,publish,Kiến thức nhãn khoa,giải thích bệnh và chăm sóc mắt,Hai mắt nhìn không cùng hướng ở người trưởng thành,0,,2026-08-23 00:38:32,https://mathanoibacninh.com/kien-thuc/nhuoc-thi-la-gi-o-tre/; https://mathanoibacninh.com/kien-thuc/bien-chung-mat-o-nguoi-tieu-duong/; https://mathanoibacninh.com/kien-thuc/cao-huyet-ap-anh-huong-mat/; https://mathanoibacninh.com/kien-thuc/dau-quanh-hoc-mat-keo-dai-nhieu-ngay/; https://mathanoibacninh.com/kien-thuc/lac-trong-lac-ngoai-khac-nhau/; https://mathanoibacninh.com/kien-thuc/nhin-doi-nhin-nhoe/; https://mathanoibacninh.com/kien-thuc/muoi-dau-hieu-o-mat-phai-di-kham-ngay/; https://mathanoibacninh.com/kien-thuc/lech-do-hai-mat/; https://mathanoibacninh.com/hoi-dap/truoc-khi-di-kham/; https://mathanoibacninh.com/lien-he/; https://mathanoibacninh.com/kien-thuc/lac-mat-o-tre-co-tu-het-khong/; https://mathanoibacninh.com/kien-thuc/; https://mathanoibacninh.com/chuyen-khoa/; https://mathanoibacninh.com/chuyen-khoa/mat-tre-em/nhuoc-thi-lac/; https://mathanoibacninh.com/doi-ngu-bac-si/
620,"Lồi mắt một bên, khác hẳn trước: nguyên nhân và khi nào cần khám",https://mathanoibacninh.com/kien-thuc/loi-mat-mot-ben-khac-han-truoc/,post,publish,Kiến thức nhãn khoa,triệu chứng/khi cần khám,"Lồi mắt một bên, khác hẳn trước: nguyên nhân và khi nào cần khám",0,,2026-08-23 00:38:33,https://mathanoibacninh.com/kien-thuc/sung-ne-quanh-mat-va-sot/; https://mathanoibacninh.com/kien-thuc/can-nang-va-nguy-co-vong-mac/; https://mathanoibacninh.com/kien-thuc/mat-bi-cham-thuong-do-vat-nhon/; https://mathanoibacninh.com/kien-thuc/sup-mi-mot-ben-moi-xuat-hien/; https://mathanoibacninh.com/hoi-dap/truoc-khi-di-kham/; https://mathanoibacninh.com/kien-thuc/ket-qua-kham-mat-doc-the-nao/; https://mathanoibacninh.com/kien-thuc/nuoc-mat-nhan-tao-dung-the-nao/; https://mathanoibacninh.com/kien-thuc/thuoc-nho-mat-ha-nhan-ap-dung-dung/; https://mathanoibacninh.com/lien-he/; https://mathanoibacninh.com/kien-thuc/; https://mathanoibacninh.com/chuyen-khoa/mat-nguoi-cao-tuoi/; https://mathanoibacninh.com/kien-thuc/nhin-doi-nhin-nhoe/; https://mathanoibacninh.com/kien-thuc/muoi-dau-hieu-o-mat-phai-di-kham-ngay/; https://mathanoibacninh.com/doi-ngu-bac-si/
621,Mắt đỏ kèm ghèn vàng dính mi buổi sáng: nguyên nhân và xử lý,https://mathanoibacninh.com/kien-thuc/mat-do-kem-ghen-vang-dinh-mi-buoi-sang/,post,publish,Kiến thức nhãn khoa,giải thích bệnh và chăm sóc mắt,Mắt đỏ kèm ghèn vàng dính mi buổi sáng: nguyên nhân và xử lý,0,,2026-08-23 00:38:33,https://mathanoibacninh.com/kien-thuc/dau-mat-do-lay-qua-duong-nao/; https://mathanoibacninh.com/kien-thuc/viem-bo-mi-mat/; https://mathanoibacninh.com/kien-thuc/loet-giac-mac-dau-hieu-nguy-hiem/; https://mathanoibacninh.com/kien-thuc/di-vat-bay-vao-mat-xu-ly-the-nao/; https://mathanoibacninh.com/kien-thuc/kho-mat-nguyen-nhan-va-xu-tri/; https://mathanoibacninh.com/kien-thuc/chalazion-va-leo-mat/; https://mathanoibacninh.com/hoi-dap/truoc-khi-di-kham/; https://mathanoibacninh.com/kien-thuc/nuoc-mat-nhan-tao-dung-the-nao/; https://mathanoibacninh.com/kien-thuc/dau-mat-do-bao-lau-thi-khoi/; https://mathanoibacninh.com/kien-thuc/khong-nen-tu-y-mua-khang-sinh-tri-dau-mat-do/; https://mathanoibacninh.com/kien-thuc/mat-do-khong-phai-dau-mat-do/; https://mathanoibacninh.com/chuyen-khoa/giac-mac-ket-mac/; https://mathanoibacninh.com/lien-he/; https://mathanoibacninh.com/kien-thuc/; https://mathanoibacninh.com/doi-ngu-bac-si/
622,Mắt đỏ kéo dài nhiều tuần không đỡ: nguyên nhân thật sự,https://mathanoibacninh.com/kien-thuc/mat-do-keo-dai-nhieu-tuan-khong-do/,post,publish,Kiến thức nhãn khoa,giải thích bệnh và chăm sóc mắt,Mắt đỏ kéo dài nhiều tuần không đỡ: nguyên nhân thật sự,0,,2026-08-23 00:38:34,https://mathanoibacninh.com/kien-thuc/dau-mat-do-bao-lau-thi-khoi/; https://mathanoibacninh.com/kien-thuc/viem-bo-mi-mat/; https://mathanoibacninh.com/kien-thuc/chalazion-va-leo-mat/; https://mathanoibacninh.com/kien-thuc/kho-mat-nguyen-nhan-va-xu-tri/; https://mathanoibacninh.com/kien-thuc/nhuc-moi-mat-khi-nhin-may-tinh/; https://mathanoibacninh.com/kien-thuc/do-nhan-ap-la-gi/; https://mathanoibacninh.com/kien-thuc/dau-hieu-glocom-giai-doan-som/; https://mathanoibacninh.com/chuyen-khoa/giac-mac-ket-mac/; https://mathanoibacninh.com/kien-thuc/com-mat-keo-dai-khong-tim-ra-di-vat/; https://mathanoibacninh.com/kien-thuc/mat-com-nhu-co-hat-cat/; https://mathanoibacninh.com/kien-thuc/loet-giac-mac-dau-hieu-nguy-hiem/; https://mathanoibacninh.com/kien-thuc/mat-do-khong-phai-dau-mat-do/; https://mathanoibacninh.com/kien-thuc/mat-do-khong-dau-khong-mo/; https://mathanoibacninh.com/hoi-dap/truoc-khi-di-kham/; https://mathanoibacninh.com/kien-thuc/nuoc-mat-nhan-tao-dung-the-nao/; https://mathanoibacninh.com/kien-thuc/khong-nen-tu-y-mua-khang-sinh-tri-dau-mat-do/; https://mathanoibacninh.com/lien-he/; https://mathanoibacninh.com/khu-vuc/kham-mat-bac-ninh/; https://mathanoibacninh.com/kien-thuc/; https://mathanoibacninh.com/kien-thuc/mat-nhay-cam-voi-anh-sang/; https://mathanoibacninh.com/kien-thuc/muoi-dau-hieu-o-mat-phai-di-kham-ngay/; https://mathanoibacninh.com/doi-ngu-bac-si/
623,Mắt đỏ một mảng tím sẫm dưới kết mạc: có nguy hiểm không,https://mathanoibacninh.com/kien-thuc/mat-do-mot-mang-tim-sam-duoi-ket-mac/,post,publish,Kiến thức nhãn khoa,triệu chứng/khi cần khám,Mắt đỏ một mảng tím sẫm dưới kết mạc: có nguy hiểm không,0,,2026-08-23 00:38:35,https://mathanoibacninh.com/kien-thuc/mat-do-khong-dau-khong-mo/; https://mathanoibacninh.com/kien-thuc/di-vat-bay-vao-mat-xu-ly-the-nao/; https://mathanoibacninh.com/kien-thuc/nuoc-mat-nhan-tao-dung-the-nao/; https://mathanoibacninh.com/kien-thuc/mat-bi-cham-thuong-do-vat-nhon/; https://mathanoibacninh.com/kien-thuc/mat-do-khong-phai-dau-mat-do/; https://mathanoibacninh.com/kien-thuc/dau-mat-do-bao-lau-thi-khoi/; https://mathanoibacninh.com/kien-thuc/dau-mat-du-doi-kem-nhuc-dau-non/; https://mathanoibacninh.com/chuyen-khoa/giac-mac-ket-mac/; https://mathanoibacninh.com/kien-thuc/muoi-dau-hieu-o-mat-phai-di-kham-ngay/; https://mathanoibacninh.com/kien-thuc/do-nhan-ap-la-gi/; https://mathanoibacninh.com/hoi-dap/truoc-khi-di-kham/; https://mathanoibacninh.com/kien-thuc/cao-huyet-ap-anh-huong-mat/; https://mathanoibacninh.com/lien-he/; https://mathanoibacninh.com/kien-thuc/; https://mathanoibacninh.com/doi-ngu-bac-si/
624,Mắt đỏ sau khi bơi hoặc tắm biển: nguyên nhân và xử lý,https://mathanoibacninh.com/kien-thuc/mat-do-sau-khi-boi-hoac-tam-bien/,post,publish,Kiến thức nhãn khoa,giải thích bệnh và chăm sóc mắt,Mắt đỏ sau khi bơi hoặc tắm biển: nguyên nhân và xử lý,0,,2026-08-23 00:38:35,https://mathanoibacninh.com/kien-thuc/mat-com-nhu-co-hat-cat/; https://mathanoibacninh.com/kien-thuc/dau-mat-do-lay-qua-duong-nao/; https://mathanoibacninh.com/kien-thuc/mat-do-khong-phai-dau-mat-do/; https://mathanoibacninh.com/kien-thuc/loet-giac-mac-dau-hieu-nguy-hiem/; https://mathanoibacninh.com/kien-thuc/kho-mat-nguyen-nhan-va-xu-tri/; https://mathanoibacninh.com/kien-thuc/di-vat-bay-vao-mat-xu-ly-the-nao/; https://mathanoibacninh.com/kien-thuc/mat-nhay-cam-voi-anh-sang/; https://mathanoibacninh.com/hoi-dap/truoc-khi-di-kham/; https://mathanoibacninh.com/kien-thuc/nuoc-mat-nhan-tao-dung-the-nao/; https://mathanoibacninh.com/kien-thuc/khong-nen-tu-y-mua-khang-sinh-tri-dau-mat-do/; https://mathanoibacninh.com/lien-he/; https://mathanoibacninh.com/chuyen-khoa/giac-mac-ket-mac/; https://mathanoibacninh.com/kien-thuc/; https://mathanoibacninh.com/doi-ngu-bac-si/
625,Mắt nóng rát kèm chảy nước mắt: nguyên nhân và cách xử lý,https://mathanoibacninh.com/kien-thuc/mat-nong-rat-kem-chay-nuoc-mat/,post,publish,Kiến thức nhãn khoa,giải thích bệnh và chăm sóc mắt,Mắt nóng rát kèm chảy nước mắt: nguyên nhân và cách xử lý,0,,2026-08-23 00:38:36,https://mathanoibacninh.com/kien-thuc/mat-com-nhu-co-hat-cat/; https://mathanoibacninh.com/kien-thuc/kho-mat-nguyen-nhan-va-xu-tri/; https://mathanoibacninh.com/kien-thuc/viem-bo-mi-mat/; https://mathanoibacninh.com/kien-thuc/nhuc-moi-mat-khi-nhin-may-tinh/; https://mathanoibacninh.com/kien-thuc/nuoc-mat-nhan-tao-dung-the-nao/; https://mathanoibacninh.com/kien-thuc/kham-khuc-xa-gom-nhung-gi/; https://mathanoibacninh.com/kien-thuc/loet-giac-mac-dau-hieu-nguy-hiem/; https://mathanoibacninh.com/kien-thuc/chalazion-va-leo-mat/; https://mathanoibacninh.com/kien-thuc/mat-giat-va-co-mi-lien-tuc/; https://mathanoibacninh.com/hoi-dap/truoc-khi-di-kham/; https://mathanoibacninh.com/lien-he/; https://mathanoibacninh.com/kien-thuc/; https://mathanoibacninh.com/chuyen-khoa/giac-mac-ket-mac/; https://mathanoibacninh.com/kien-thuc/mat-nhay-cam-voi-anh-sang/; https://mathanoibacninh.com/doi-ngu-bac-si/
626,Mắt tiết dịch lẫn máu: nguyên nhân và khi nào phải đi khám,https://mathanoibacninh.com/kien-thuc/mat-tiet-dich-lan-mau/,post,publish,Kiến thức nhãn khoa,triệu chứng/khi cần khám,Mắt tiết dịch lẫn máu: nguyên nhân và khi nào phải đi khám,0,,2026-08-23 00:38:37,https://mathanoibacninh.com/kien-thuc/mat-mo-kem-thay-man-che-hoac-mat-mang-tam-nhin/; https://mathanoibacninh.com/kien-thuc/dau-mat-do-lay-qua-duong-nao/; https://mathanoibacninh.com/kien-thuc/dau-mat-do-bao-lau-thi-khoi/; https://mathanoibacninh.com/kien-thuc/di-vat-bay-vao-mat-xu-ly-the-nao/; https://mathanoibacninh.com/kien-thuc/mat-bi-cham-thuong-do-vat-nhon/; https://mathanoibacninh.com/kien-thuc/sung-ne-quanh-mat-va-sot/; https://mathanoibacninh.com/kien-thuc/chalazion-va-leo-mat/; https://mathanoibacninh.com/kien-thuc/cao-huyet-ap-anh-huong-mat/; https://mathanoibacninh.com/chuyen-khoa/mat-tre-em/; https://mathanoibacninh.com/hoi-dap/truoc-khi-di-kham/; https://mathanoibacninh.com/kien-thuc/quy-trinh-kham-mat-gom-may-buoc/; https://mathanoibacninh.com/kien-thuc/khong-nen-tu-y-mua-khang-sinh-tri-dau-mat-do/; https://mathanoibacninh.com/kien-thuc/mat-do-khong-phai-dau-mat-do/; https://mathanoibacninh.com/chuyen-khoa/giac-mac-ket-mac/; https://mathanoibacninh.com/lien-he/; https://mathanoibacninh.com/kien-thuc/; https://mathanoibacninh.com/kien-thuc/muoi-dau-hieu-o-mat-phai-di-kham-ngay/; https://mathanoibacninh.com/doi-ngu-bac-si/
627,Sụp mi một bên mới xuất hiện: nguyên nhân và khi nào cần cấp cứu,https://mathanoibacninh.com/kien-thuc/sup-mi-mot-ben-moi-xuat-hien/,post,publish,Kiến thức nhãn khoa,triệu chứng/khi cần khám,Sụp mi một bên mới xuất hiện: nguyên nhân và khi nào cần cấp cứu,0,,2026-08-23 00:38:37,https://mathanoibacninh.com/kien-thuc/nhin-doi-nhin-nhoe/; https://mathanoibacninh.com/kien-thuc/dau-nhuc-phia-sau-nhan-cau-khi-dong-mat/; https://mathanoibacninh.com/kien-thuc/chalazion-va-leo-mat/; https://mathanoibacninh.com/kien-thuc/muoi-dau-hieu-o-mat-phai-di-kham-ngay/; https://mathanoibacninh.com/kien-thuc/dau-quanh-hoc-mat-keo-dai-nhieu-ngay/; https://mathanoibacninh.com/kien-thuc/mat-mo-dot-ngot-mot-ben/; https://mathanoibacninh.com/lien-he/; https://mathanoibacninh.com/kien-thuc/sup-mi-o-tre-nho/; https://mathanoibacninh.com/kien-thuc/; https://mathanoibacninh.com/kien-thuc/mat-mo-dot-ngot-trong-vai-phut/; https://mathanoibacninh.com/kien-thuc/dau-hieu-glocom-giai-doan-som/; https://mathanoibacninh.com/kien-thuc/quy-trinh-kham-mat-gom-may-buoc/; https://mathanoibacninh.com/hoi-dap/truoc-khi-di-kham/; https://mathanoibacninh.com/doi-ngu-bac-si/
628,Sụp mi nặng dần về cuối ngày: vì sao và khi nào khám,https://mathanoibacninh.com/kien-thuc/sup-mi-nang-dan-ve-cuoi-ngay/,post,publish,Kiến thức nhãn khoa,triệu chứng/khi cần khám,Sụp mi nặng dần về cuối ngày: vì sao và khi nào khám,0,,2026-08-23 00:38:38,https://mathanoibacninh.com/kien-thuc/nhin-doi-nhin-nhoe/; https://mathanoibacninh.com/kien-thuc/chalazion-va-leo-mat/; https://mathanoibacninh.com/kien-thuc/kho-mat-nguyen-nhan-va-xu-tri/; https://mathanoibacninh.com/kien-thuc/nhuc-moi-mat-khi-nhin-may-tinh/; https://mathanoibacninh.com/kien-thuc/mat-giat-va-co-mi-lien-tuc/; https://mathanoibacninh.com/kien-thuc/sup-mi-o-tre-nho/; https://mathanoibacninh.com/kien-thuc/muoi-dau-hieu-o-mat-phai-di-kham-ngay/; https://mathanoibacninh.com/chuyen-khoa/; https://mathanoibacninh.com/hoi-dap/truoc-khi-di-kham/; https://mathanoibacninh.com/lien-he/; https://mathanoibacninh.com/kien-thuc/; https://mathanoibacninh.com/doi-ngu-bac-si/
629,"Khô mắt nặng, nhỏ thuốc nhiều tháng vẫn không đỡ",https://mathanoibacninh.com/kien-thuc/kho-mat-nang-khong-do-du-da-nho-thuoc/,post,publish,Kiến thức nhãn khoa,điều trị/theo dõi,"Khô mắt nặng, nhỏ thuốc nhiều tháng vẫn không đỡ",0,,2026-08-23 00:43:59,https://mathanoibacninh.com/kien-thuc/kho-mat-nguyen-nhan-va-xu-tri/; https://mathanoibacninh.com/kien-thuc/viem-bo-mi-mat/; https://mathanoibacninh.com/kien-thuc/com-mat-keo-dai-khong-tim-ra-di-vat/; https://mathanoibacninh.com/kien-thuc/nuoc-mat-nhan-tao-dung-the-nao/; https://mathanoibacninh.com/kien-thuc/nhuc-moi-mat-khi-nhin-may-tinh/; https://mathanoibacninh.com/kien-thuc/mat-nguoi-cao-tuoi-kham-dinh-ky/; https://mathanoibacninh.com/kien-thuc/thuoc-nho-mat-ha-nhan-ap-dung-dung/; https://mathanoibacninh.com/kien-thuc/mat-com-nhu-co-hat-cat/; https://mathanoibacninh.com/kien-thuc/loet-giac-mac-dau-hieu-nguy-hiem/; https://mathanoibacninh.com/kien-thuc/mat-nhay-cam-voi-anh-sang/; https://mathanoibacninh.com/hoi-dap/truoc-khi-di-kham/; https://mathanoibacninh.com/chuyen-khoa/giac-mac-ket-mac/; https://mathanoibacninh.com/lien-he/; https://mathanoibacninh.com/kien-thuc/; https://mathanoibacninh.com/chuyen-khoa/mat-nguoi-cao-tuoi/; https://mathanoibacninh.com/doi-ngu-bac-si/
630,Kính không còn đúng độ: khi nào cần đo lại,https://mathanoibacninh.com/kien-thuc/kinh-khong-con-dung-do-khi-nao-do-lai/,post,publish,Kiến thức nhãn khoa,triệu chứng/khi cần khám,Kính không còn đúng độ: khi nào cần đo lại,0,,2026-08-23 00:43:59,https://mathanoibacninh.com/kien-thuc/can-thi-tang-do-nhanh-o-nguoi-truong-thanh/; https://mathanoibacninh.com/kien-thuc/do-can-bao-nhieu-la-nang/; https://mathanoibacninh.com/kien-thuc/loan-thi-la-gi-khac-can-thi-the-nao/; https://mathanoibacninh.com/kien-thuc/doi-kinh-lien-tuc-ma-van-mo/; https://mathanoibacninh.com/kien-thuc/lech-do-hai-mat/; https://mathanoibacninh.com/kien-thuc/kho-mat-nguyen-nhan-va-xu-tri/; https://mathanoibacninh.com/kien-thuc/duc-thuy-tinh-the-dau-hieu-som/; https://mathanoibacninh.com/kien-thuc/nhuc-moi-mat-khi-nhin-may-tinh/; https://mathanoibacninh.com/kien-thuc/khi-nao-can-kham-lai-mat/; https://mathanoibacninh.com/kien-thuc/muoi-dau-hieu-o-mat-phai-di-kham-ngay/; https://mathanoibacninh.com/kien-thuc/kham-khuc-xa-gom-nhung-gi/; https://mathanoibacninh.com/hoi-dap/truoc-khi-di-kham/; https://mathanoibacninh.com/kien-thuc/di-kham-mat-can-chuan-bi-gi/; https://mathanoibacninh.com/lien-he/; https://mathanoibacninh.com/kien-thuc/; https://mathanoibacninh.com/chuyen-khoa/tat-khuc-xa/can-thi/; https://mathanoibacninh.com/doi-ngu-bac-si/
631,Lão thị: vì sao sau 40 tuổi nhìn gần mờ,https://mathanoibacninh.com/kien-thuc/lao-thi-vi-sao-sau-40-tuoi-nhin-gan-mo/,post,publish,Kiến thức nhãn khoa,giải thích bệnh và chăm sóc mắt,Lão thị: vì sao sau 40 tuổi nhìn gần mờ,0,,2026-08-23 00:44:00,https://mathanoibacninh.com/kien-thuc/doi-kinh-lien-tuc-ma-van-mo/; https://mathanoibacninh.com/kien-thuc/khi-nao-can-kham-lai-mat/; https://mathanoibacninh.com/kien-thuc/mat-mo-khi-nhin-gan-nhin-xa-thi-ro/; https://mathanoibacninh.com/kien-thuc/vien-thi-o-nguoi-truong-thanh/; https://mathanoibacninh.com/chuyen-khoa/tat-khuc-xa/vien-thi/; https://mathanoibacninh.com/kien-thuc/duc-thuy-tinh-the-dau-hieu-som/; https://mathanoibacninh.com/kien-thuc/lao-thi-va-duc-thuy-tinh-the-khac-nhau/; https://mathanoibacninh.com/kien-thuc/nhin-thay-quang-sang-quanh-den/; https://mathanoibacninh.com/kien-thuc/mat-mo-dan-theo-thoi-gian-o-nguoi-truong-thanh/; https://mathanoibacninh.com/kien-thuc/mat-mo-khi-nhin-xa-nhin-gan-thi-ro/; https://mathanoibacninh.com/kien-thuc/nhuc-moi-mat-khi-nhin-may-tinh/; https://mathanoibacninh.com/kien-thuc/kham-khuc-xa-gom-nhung-gi/; https://mathanoibacninh.com/hoi-dap/truoc-khi-di-kham/; https://mathanoibacninh.com/lien-he/; https://mathanoibacninh.com/kien-thuc/; https://mathanoibacninh.com/chuyen-khoa/mat-nguoi-cao-tuoi/; https://mathanoibacninh.com/doi-ngu-bac-si/
632,"Mi dưới lật ra ngoài, lộ niêm mạc: vì sao và xử lý",https://mathanoibacninh.com/kien-thuc/mi-duoi-lat-ra-ngoai-lo-niem-mac/,post,publish,Kiến thức nhãn khoa,giải thích bệnh và chăm sóc mắt,"Mi dưới lật ra ngoài, lộ niêm mạc: vì sao và xử lý",0,,2026-08-23 00:44:01,https://mathanoibacninh.com/kien-thuc/mat-com-nhu-co-hat-cat/; https://mathanoibacninh.com/kien-thuc/mat-nguoi-cao-tuoi-kham-dinh-ky/; https://mathanoibacninh.com/kien-thuc/viem-bo-mi-mat/; https://mathanoibacninh.com/kien-thuc/kho-mat-nguyen-nhan-va-xu-tri/; https://mathanoibacninh.com/kien-thuc/loet-giac-mac-dau-hieu-nguy-hiem/; https://mathanoibacninh.com/kien-thuc/muoi-dau-hieu-o-mat-phai-di-kham-ngay/; https://mathanoibacninh.com/kien-thuc/nguoi-gia-mat-mo-nhin-khong-ro/; https://mathanoibacninh.com/hoi-dap/truoc-khi-di-kham/; https://mathanoibacninh.com/chuyen-khoa/giac-mac-ket-mac/; https://mathanoibacninh.com/kien-thuc/nuoc-mat-nhan-tao-dung-the-nao/; https://mathanoibacninh.com/lien-he/; https://mathanoibacninh.com/doi-ngu-bac-si/; https://mathanoibacninh.com/kien-thuc/bo-me-80-tuoi-mo-mat-duoc-khong/; https://mathanoibacninh.com/kien-thuc/; https://mathanoibacninh.com/chuyen-khoa/mat-nguoi-cao-tuoi/
633,"Mi quặp vào trong, lông mi chọc vào mắt: nhận biết và xử lý",https://mathanoibacninh.com/kien-thuc/mi-quap-vao-trong-long-mi-choc-mat/,post,publish,Kiến thức nhãn khoa,giải thích bệnh và chăm sóc mắt,"Mi quặp vào trong, lông mi chọc vào mắt: nhận biết và xử lý",0,,2026-08-23 00:44:01,https://mathanoibacninh.com/kien-thuc/com-mat-keo-dai-khong-tim-ra-di-vat/; https://mathanoibacninh.com/kien-thuc/mat-nguoi-cao-tuoi-kham-dinh-ky/; https://mathanoibacninh.com/kien-thuc/viem-bo-mi-mat/; https://mathanoibacninh.com/kien-thuc/mat-giat-va-co-mi-lien-tuc/; https://mathanoibacninh.com/kien-thuc/mat-com-nhu-co-hat-cat/; https://mathanoibacninh.com/kien-thuc/loet-giac-mac-dau-hieu-nguy-hiem/; https://mathanoibacninh.com/chuyen-khoa/giac-mac-ket-mac/; https://mathanoibacninh.com/kien-thuc/muoi-dau-hieu-o-mat-phai-di-kham-ngay/; https://mathanoibacninh.com/hoi-dap/truoc-khi-di-kham/; https://mathanoibacninh.com/kien-thuc/nuoc-mat-nhan-tao-dung-the-nao/; https://mathanoibacninh.com/kien-thuc/kho-mat-nguyen-nhan-va-xu-tri/; https://mathanoibacninh.com/lien-he/; https://mathanoibacninh.com/kien-thuc/; https://mathanoibacninh.com/chuyen-khoa/mat-nguoi-cao-tuoi/; https://mathanoibacninh.com/doi-ngu-bac-si/
634,Mộng mắt (màng mắt): khi nào cần mổ,https://mathanoibacninh.com/kien-thuc/mong-mat-khi-nao-can-mo/,post,publish,Kiến thức nhãn khoa,triệu chứng/khi cần khám,Mộng mắt (màng mắt): khi nào cần mổ,0,,2026-08-23 00:44:02,https://mathanoibacninh.com/kien-thuc/kho-mat-nguyen-nhan-va-xu-tri/; https://mathanoibacninh.com/kien-thuc/nuoc-mat-nhan-tao-dung-the-nao/; https://mathanoibacninh.com/kien-thuc/mat-com-nhu-co-hat-cat/; https://mathanoibacninh.com/kien-thuc/loan-thi-la-gi-khac-can-thi-the-nao/; https://mathanoibacninh.com/kien-thuc/doi-kinh-lien-tuc-ma-van-mo/; https://mathanoibacninh.com/kien-thuc/mat-nhay-cam-voi-anh-sang/; https://mathanoibacninh.com/hoi-dap/mo-mat-va-hoi-phuc/; https://mathanoibacninh.com/kien-thuc/loet-giac-mac-dau-hieu-nguy-hiem/; https://mathanoibacninh.com/kien-thuc/muoi-dau-hieu-o-mat-phai-di-kham-ngay/; https://mathanoibacninh.com/chuyen-khoa/tat-khuc-xa/loan-thi/; https://mathanoibacninh.com/chuyen-khoa/giac-mac-ket-mac/; https://mathanoibacninh.com/hoi-dap/truoc-khi-di-kham/; https://mathanoibacninh.com/lien-he/; https://mathanoibacninh.com/kien-thuc/sau-mo-mat-kieng-an-gi-kieng-lam-gi/; https://mathanoibacninh.com/kien-thuc/; https://mathanoibacninh.com/doi-ngu-bac-si/
635,Sẹo giác mạc sau chấn thương hoặc sau loét: vì sao mắt vẫn mờ,https://mathanoibacninh.com/kien-thuc/seo-giac-mac-sau-chan-thuong-hoac-loet/,post,publish,Kiến thức nhãn khoa,giải thích bệnh và chăm sóc mắt,Sẹo giác mạc sau chấn thương hoặc sau loét: vì sao mắt vẫn mờ,0,,2026-08-23 00:44:03,https://mathanoibacninh.com/kien-thuc/loet-giac-mac-dau-hieu-nguy-hiem/; https://mathanoibacninh.com/kien-thuc/mat-mo-mot-ben-ben-kia-van-ro/; https://mathanoibacninh.com/kien-thuc/nhin-thay-quang-sang-quanh-den/; https://mathanoibacninh.com/kien-thuc/mat-nhay-cam-voi-anh-sang/; https://mathanoibacninh.com/kien-thuc/doi-kinh-lien-tuc-ma-van-mo/; https://mathanoibacninh.com/kien-thuc/mat-bi-cham-thuong-do-vat-nhon/; https://mathanoibacninh.com/kien-thuc/di-vat-bay-vao-mat-xu-ly-the-nao/; https://mathanoibacninh.com/kien-thuc/muoi-dau-hieu-o-mat-phai-di-kham-ngay/; https://mathanoibacninh.com/kien-thuc/mat-mo-mot-ben-khong-phai-can-thi/; https://mathanoibacninh.com/kien-thuc/ket-qua-kham-mat-doc-the-nao/; https://mathanoibacninh.com/hoi-dap/truoc-khi-di-kham/; https://mathanoibacninh.com/kien-thuc/loan-thi-la-gi-khac-can-thi-the-nao/; https://mathanoibacninh.com/chuyen-khoa/tat-khuc-xa/loan-thi/; https://mathanoibacninh.com/kien-thuc/nuoc-mat-nhan-tao-dung-the-nao/; https://mathanoibacninh.com/chuyen-khoa/giac-mac-ket-mac/; https://mathanoibacninh.com/lien-he/; https://mathanoibacninh.com/kien-thuc/; https://mathanoibacninh.com/doi-ngu-bac-si/
636,Viêm kết mạc dị ứng theo mùa: nhận biết và xử lý,https://mathanoibacninh.com/kien-thuc/viem-ket-mac-di-ung-theo-mua/,post,publish,Kiến thức nhãn khoa,giải thích bệnh và chăm sóc mắt,Viêm kết mạc dị ứng theo mùa: nhận biết và xử lý,0,,2026-08-23 00:44:03,https://mathanoibacninh.com/kien-thuc/dau-mat-do-lay-qua-duong-nao/; https://mathanoibacninh.com/kien-thuc/khong-nen-tu-y-mua-khang-sinh-tri-dau-mat-do/; https://mathanoibacninh.com/kien-thuc/kho-mat-nguyen-nhan-va-xu-tri/; https://mathanoibacninh.com/kien-thuc/viem-bo-mi-mat/; https://mathanoibacninh.com/kien-thuc/mat-com-nhu-co-hat-cat/; https://mathanoibacninh.com/kien-thuc/mat-do-khong-phai-dau-mat-do/; https://mathanoibacninh.com/chuyen-khoa/mat-tre-em/; https://mathanoibacninh.com/kien-thuc/mat-nhay-cam-voi-anh-sang/; https://mathanoibacninh.com/kien-thuc/loet-giac-mac-dau-hieu-nguy-hiem/; https://mathanoibacninh.com/hoi-dap/truoc-khi-di-kham/; https://mathanoibacninh.com/kien-thuc/nuoc-mat-nhan-tao-dung-the-nao/; https://mathanoibacninh.com/chuyen-khoa/giac-mac-ket-mac/; https://mathanoibacninh.com/lien-he/; https://mathanoibacninh.com/kien-thuc/; https://mathanoibacninh.com/kien-thuc/dau-mat-do-bao-lau-thi-khoi/; https://mathanoibacninh.com/doi-ngu-bac-si/
653,Bong võng mạc: dấu hiệu cảnh báo và khi nào cần cấp cứu,https://mathanoibacninh.com/kien-thuc/bong-vong-mac-dau-hieu-canh-bao/,post,publish,Kiến thức nhãn khoa,triệu chứng/khi cần khám,Bong võng mạc: dấu hiệu cảnh báo và khi nào cần cấp cứu,0,,2026-08-23 12:28:55,https://mathanoibacninh.com/kien-thuc/can-nang-va-nguy-co-vong-mac/; https://mathanoibacninh.com/kien-thuc/vong-mac-tieu-duong-cac-giai-doan/; https://mathanoibacninh.com/kien-thuc/muoi-dau-hieu-o-mat-phai-di-kham-ngay/; https://mathanoibacninh.com/kien-thuc/chop-sang-va-ruoi-bay-truoc-mat/; https://mathanoibacninh.com/lien-he/; https://mathanoibacninh.com/chuyen-khoa/dich-kinh-vong-mac/; https://mathanoibacninh.com/kien-thuc/; https://mathanoibacninh.com/kien-thuc/man-che-truoc-mat-nhu-buc-man/; https://mathanoibacninh.com/kien-thuc/tac-mach-mau-vong-mac/; https://mathanoibacninh.com/kien-thuc/mat-mo-dot-ngot-mot-ben/; https://mathanoibacninh.com/hoi-dap/truoc-khi-di-kham/; https://mathanoibacninh.com/doi-ngu-bac-si/
654,Glôcôm góc mở: mất thị trường âm thầm khó nhận ra,https://mathanoibacninh.com/kien-thuc/glocom-goc-mo-mat-thi-truong-am-tham/,post,publish,Kiến thức nhãn khoa,giải thích bệnh và chăm sóc mắt,Glôcôm góc mở: mất thị trường âm thầm khó nhận ra,0,,2026-08-23 12:28:56,https://mathanoibacninh.com/kien-thuc/do-nhan-ap-la-gi/; https://mathanoibacninh.com/kien-thuc/thi-truong-mat-thu-hep-dan/; https://mathanoibacninh.com/kien-thuc/glocom-cap-dau-mat-du-doi/; https://mathanoibacninh.com/kien-thuc/glocom-co-di-truyen-khong/; https://mathanoibacninh.com/kien-thuc/ai-de-bi-glocom/; https://mathanoibacninh.com/kien-thuc/glocom-cuom-nuoc-la-benh-gi/; https://mathanoibacninh.com/kien-thuc/soi-day-mat-la-gi/; https://mathanoibacninh.com/kien-thuc/thuoc-nho-mat-ha-nhan-ap-dung-dung/; https://mathanoibacninh.com/kien-thuc/glocom-co-chua-khoi-duoc-khong/; https://mathanoibacninh.com/kien-thuc/cuom-nuoc-va-cuom-kho-khac-nhau/; https://mathanoibacninh.com/lien-he/; https://mathanoibacninh.com/chuyen-khoa/glocom/; https://mathanoibacninh.com/kien-thuc/; https://mathanoibacninh.com/kien-thuc/dau-hieu-glocom-giai-doan-som/; https://mathanoibacninh.com/doi-ngu-bac-si/
655,Lỗ hoàng điểm: vì sao đường thẳng thành cong,https://mathanoibacninh.com/kien-thuc/lo-hoang-diem-vi-sao-nhin-meo/,post,publish,Kiến thức nhãn khoa,giải thích bệnh và chăm sóc mắt,Lỗ hoàng điểm: vì sao đường thẳng thành cong,0,,2026-08-23 12:28:57,https://mathanoibacninh.com/kien-thuc/can-nang-va-nguy-co-vong-mac/; https://mathanoibacninh.com/kien-thuc/mat-mo-dot-ngot-mot-ben/; https://mathanoibacninh.com/kien-thuc/chop-sang-va-ruoi-bay-truoc-mat/; https://mathanoibacninh.com/kien-thuc/soi-day-mat-la-gi/; https://mathanoibacninh.com/lien-he/; https://mathanoibacninh.com/chuyen-khoa/dich-kinh-vong-mac/; https://mathanoibacninh.com/kien-thuc/thoai-hoa-diem-vang-tuoi-gia/; https://mathanoibacninh.com/kien-thuc/; https://mathanoibacninh.com/chuyen-khoa/mat-nguoi-cao-tuoi/; https://mathanoibacninh.com/kien-thuc/mat-mo-kem-nhin-meo-duong-thang-thanh-cong/; https://mathanoibacninh.com/kien-thuc/sau-mo-mat-kieng-an-gi-kieng-lam-gi/; https://mathanoibacninh.com/hoi-dap/truoc-khi-di-kham/; https://mathanoibacninh.com/doi-ngu-bac-si/
656,Màng trước võng mạc: vì sao ảnh mờ và biến dạng,https://mathanoibacninh.com/kien-thuc/mang-truoc-vong-mac-la-gi/,post,publish,Kiến thức nhãn khoa,giải thích bệnh và chăm sóc mắt,Màng trước võng mạc: vì sao ảnh mờ và biến dạng,0,,2026-08-23 12:28:58,https://mathanoibacninh.com/lien-he/; https://mathanoibacninh.com/kien-thuc/; https://mathanoibacninh.com/chuyen-khoa/dich-kinh-vong-mac/; https://mathanoibacninh.com/kien-thuc/mat-mo-kem-nhin-meo-duong-thang-thanh-cong/; https://mathanoibacninh.com/kien-thuc/bong-vong-mac-dau-hieu-canh-bao/; https://mathanoibacninh.com/kien-thuc/tac-mach-mau-vong-mac/; https://mathanoibacninh.com/kien-thuc/thoai-hoa-diem-vang-tuoi-gia/; https://mathanoibacninh.com/kien-thuc/mat-mo-dan-theo-thoi-gian-o-nguoi-truong-thanh/; https://mathanoibacninh.com/kien-thuc/khi-nao-can-kham-lai-mat/; https://mathanoibacninh.com/kien-thuc/quy-trinh-kham-mat-gom-may-buoc/; https://mathanoibacninh.com/kien-thuc/do-nhan-ap-la-gi/; https://mathanoibacninh.com/doi-ngu-bac-si/
657,Thoái hoá hoàng điểm dạng khô: tiến triển từ từ,https://mathanoibacninh.com/kien-thuc/thoai-hoa-hoang-diem-dang-kho/,post,publish,Kiến thức nhãn khoa,giải thích bệnh và chăm sóc mắt,Thoái hoá hoàng điểm dạng khô: tiến triển từ từ,0,,2026-08-23 12:28:58,https://mathanoibacninh.com/kien-thuc/man-che-truoc-mat-nhu-buc-man/; https://mathanoibacninh.com/kien-thuc/thoai-hoa-diem-vang-tuoi-gia/; https://mathanoibacninh.com/kien-thuc/cao-huyet-ap-anh-huong-mat/; https://mathanoibacninh.com/kien-thuc/mat-mo-dot-ngot-mot-ben/; https://mathanoibacninh.com/kien-thuc/mat-nguoi-cao-tuoi-kham-dinh-ky/; https://mathanoibacninh.com/kien-thuc/duc-thuy-tinh-the-dau-hieu-som/; https://mathanoibacninh.com/lien-he/; https://mathanoibacninh.com/kien-thuc/; https://mathanoibacninh.com/chuyen-khoa/dich-kinh-vong-mac/; https://mathanoibacninh.com/chuyen-khoa/mat-nguoi-cao-tuoi/; https://mathanoibacninh.com/hoi-dap/truoc-khi-di-kham/; https://mathanoibacninh.com/doi-ngu-bac-si/
658,Thoái hoá hoàng điểm thể ướt: tiến triển nhanh,https://mathanoibacninh.com/kien-thuc/thoai-hoa-hoang-diem-dang-uot/,post,publish,Kiến thức nhãn khoa,giải thích bệnh và chăm sóc mắt,Thoái hoá hoàng điểm thể ướt: tiến triển nhanh,0,,2026-08-23 12:28:59,https://mathanoibacninh.com/kien-thuc/thoai-hoa-diem-vang-tuoi-gia/; https://mathanoibacninh.com/kien-thuc/cao-huyet-ap-anh-huong-mat/; https://mathanoibacninh.com/kien-thuc/mat-mo-dot-ngot-mot-ben/; https://mathanoibacninh.com/kien-thuc/mat-mo-kem-nhin-meo-duong-thang-thanh-cong/; https://mathanoibacninh.com/kien-thuc/soi-day-mat-la-gi/; https://mathanoibacninh.com/kien-thuc/mat-nguoi-cao-tuoi-kham-dinh-ky/; https://mathanoibacninh.com/kien-thuc/duc-thuy-tinh-the-dau-hieu-som/; https://mathanoibacninh.com/lien-he/; https://mathanoibacninh.com/kien-thuc/; https://mathanoibacninh.com/chuyen-khoa/dich-kinh-vong-mac/; https://mathanoibacninh.com/chuyen-khoa/mat-nguoi-cao-tuoi/; https://mathanoibacninh.com/hoi-dap/truoc-khi-di-kham/; https://mathanoibacninh.com/doi-ngu-bac-si/
659,"Viêm màng bồ đào: mắt đỏ, đau, sợ ánh sáng kéo dài",https://mathanoibacninh.com/kien-thuc/viem-mang-bo-dao-la-gi/,post,publish,Kiến thức nhãn khoa,giải thích bệnh và chăm sóc mắt,"Viêm màng bồ đào: mắt đỏ, đau, sợ ánh sáng kéo dài",0,,2026-08-23 12:29:00,https://mathanoibacninh.com/kien-thuc/mat-do-khong-phai-dau-mat-do/; https://mathanoibacninh.com/kien-thuc/chop-sang-va-ruoi-bay-truoc-mat/; https://mathanoibacninh.com/kien-thuc/do-nhan-ap-la-gi/; https://mathanoibacninh.com/kien-thuc/quy-trinh-kham-mat-gom-may-buoc/; https://mathanoibacninh.com/kien-thuc/thuoc-nho-mat-ha-nhan-ap-dung-dung/; https://mathanoibacninh.com/kien-thuc/nho-thuoc-gian-dong-tu-anh-huong-gi/; https://mathanoibacninh.com/lien-he/; https://mathanoibacninh.com/kien-thuc/; https://mathanoibacninh.com/chuyen-khoa/glocom/; https://mathanoibacninh.com/chuyen-khoa/dich-kinh-vong-mac/; https://mathanoibacninh.com/kien-thuc/glocom-cuom-nuoc-la-benh-gi/; https://mathanoibacninh.com/kien-thuc/duc-thuy-tinh-the-dau-hieu-som/; https://mathanoibacninh.com/kien-thuc/mat-nhay-cam-voi-anh-sang/; https://mathanoibacninh.com/hoi-dap/truoc-khi-di-kham/; https://mathanoibacninh.com/doi-ngu-bac-si/
660,Xuất huyết dịch kính: khi máu chảy vào buồng dịch kính,https://mathanoibacninh.com/kien-thuc/xuat-huyet-dich-kinh/,post,publish,Kiến thức nhãn khoa,giải thích bệnh và chăm sóc mắt,Xuất huyết dịch kính: khi máu chảy vào buồng dịch kính,0,,2026-08-23 12:29:00,https://mathanoibacninh.com/kien-thuc/vong-mac-tieu-duong-cac-giai-doan/; https://mathanoibacninh.com/kien-thuc/tac-mach-mau-vong-mac/; https://mathanoibacninh.com/kien-thuc/bien-chung-mat-o-nguoi-tieu-duong/; https://mathanoibacninh.com/kien-thuc/bong-vong-mac-dau-hieu-canh-bao/; https://mathanoibacninh.com/kien-thuc/cao-huyet-ap-anh-huong-mat/; https://mathanoibacninh.com/kien-thuc/muoi-dau-hieu-o-mat-phai-di-kham-ngay/; https://mathanoibacninh.com/kien-thuc/soi-day-mat-la-gi/; https://mathanoibacninh.com/kien-thuc/chop-sang-va-ruoi-bay-truoc-mat/; https://mathanoibacninh.com/lien-he/; https://mathanoibacninh.com/chuyen-khoa/dich-kinh-vong-mac/; https://mathanoibacninh.com/kien-thuc/; https://mathanoibacninh.com/kien-thuc/mat-mo-dot-ngot-mot-ben/; https://mathanoibacninh.com/hoi-dap/truoc-khi-di-kham/; https://mathanoibacninh.com/doi-ngu-bac-si/
661,Basedow và lồi mắt: khi tuyến giáp kéo theo cả hai con mắt,https://mathanoibacninh.com/kien-thuc/benh-basedow-graves-loi-mat/,post,publish,Kiến thức nhãn khoa,giải thích bệnh và chăm sóc mắt,Basedow và lồi mắt: khi tuyến giáp kéo theo cả hai con mắt,0,,2026-08-23 14:38:01,https://mathanoibacninh.com/kien-thuc/nhin-doi-nhin-nhoe/; https://mathanoibacninh.com/kien-thuc/kho-mat-nguyen-nhan-va-xu-tri/; https://mathanoibacninh.com/kien-thuc/quy-trinh-kham-mat-gom-may-buoc/; https://mathanoibacninh.com/kien-thuc/nuoc-mat-nhan-tao-dung-the-nao/; https://mathanoibacninh.com/kien-thuc/mat-nhay-cam-voi-anh-sang/; https://mathanoibacninh.com/lien-he/; https://mathanoibacninh.com/chuyen-khoa/; https://mathanoibacninh.com/kien-thuc/kham-mat-cho-tre-truoc-tuoi-di-hoc/; https://mathanoibacninh.com/kien-thuc/; https://mathanoibacninh.com/kien-thuc/dau-nhuc-phia-sau-nhan-cau-khi-dong-mat/; https://mathanoibacninh.com/kien-thuc/hai-mat-nhin-khong-cung-huong-o-nguoi-truong-thanh/; https://mathanoibacninh.com/kien-thuc/loi-mat-mot-ben-khac-han-truoc/; https://mathanoibacninh.com/kien-thuc/mat-com-nhu-co-hat-cat/; https://mathanoibacninh.com/kien-thuc/soi-day-mat-la-gi/; https://mathanoibacninh.com/doi-ngu-bac-si/
662,"Mắt và thai kỳ: thay đổi gì, khi nào cần lo",https://mathanoibacninh.com/kien-thuc/mat-va-thai-ky/,post,publish,Kiến thức nhãn khoa,triệu chứng/khi cần khám,"Mắt và thai kỳ: thay đổi gì, khi nào cần lo",0,,2026-08-23 14:38:02,https://mathanoibacninh.com/kien-thuc/khi-nao-can-kham-lai-mat/; https://mathanoibacninh.com/kien-thuc/kho-mat-nguyen-nhan-va-xu-tri/; https://mathanoibacninh.com/kien-thuc/nhin-thay-quang-sang-quanh-den/; https://mathanoibacninh.com/kien-thuc/mat-mo-dot-ngot-mot-ben/; https://mathanoibacninh.com/kien-thuc/soi-day-mat-la-gi/; https://mathanoibacninh.com/kien-thuc/nuoc-mat-nhan-tao-dung-the-nao/; https://mathanoibacninh.com/kien-thuc/bien-chung-mat-o-nguoi-tieu-duong/; https://mathanoibacninh.com/lien-he/; https://mathanoibacninh.com/chuyen-khoa/dich-kinh-vong-mac/; https://mathanoibacninh.com/kien-thuc/; https://mathanoibacninh.com/kien-thuc/cao-huyet-ap-anh-huong-mat/; https://mathanoibacninh.com/kien-thuc/vong-mac-tieu-duong-cac-giai-doan/; https://mathanoibacninh.com/kien-thuc/can-nang-va-nguy-co-vong-mac/; https://mathanoibacninh.com/hoi-dap/truoc-khi-di-kham/; https://mathanoibacninh.com/doi-ngu-bac-si/
663,Nhãn áp cao nhưng chưa tổn thương thần kinh thị giác,https://mathanoibacninh.com/kien-thuc/nhan-ap-cao-chua-ton-thuong/,post,publish,Kiến thức nhãn khoa,giải thích bệnh và chăm sóc mắt,Nhãn áp cao nhưng chưa tổn thương thần kinh thị giác,0,,2026-08-23 14:38:02,https://mathanoibacninh.com/kien-thuc/do-nhan-ap-la-gi/; https://mathanoibacninh.com/kien-thuc/glocom-cuom-nuoc-la-benh-gi/; https://mathanoibacninh.com/kien-thuc/glocom-goc-mo-mat-thi-truong-am-tham/; https://mathanoibacninh.com/kien-thuc/glocom-co-di-truyen-khong/; https://mathanoibacninh.com/kien-thuc/ai-de-bi-glocom/; https://mathanoibacninh.com/kien-thuc/glocom-cap-dau-mat-du-doi/; https://mathanoibacninh.com/kien-thuc/dau-mat-du-doi-kem-nhuc-dau-non/; https://mathanoibacninh.com/kien-thuc/thi-truong-mat-thu-hep-dan/; https://mathanoibacninh.com/kien-thuc/soi-day-mat-la-gi/; https://mathanoibacninh.com/kien-thuc/khi-nao-can-kham-lai-mat/; https://mathanoibacninh.com/kien-thuc/thuoc-nho-mat-ha-nhan-ap-dung-dung/; https://mathanoibacninh.com/kien-thuc/dau-hieu-glocom-giai-doan-som/; https://mathanoibacninh.com/lien-he/; https://mathanoibacninh.com/chuyen-khoa/glocom/; https://mathanoibacninh.com/kien-thuc/; https://mathanoibacninh.com/hoi-dap/truoc-khi-di-kham/; https://mathanoibacninh.com/doi-ngu-bac-si/
664,Tăng huyết áp và võng mạc: khi mạch máu mắt bị tổn thương,https://mathanoibacninh.com/kien-thuc/tang-huyet-ap-va-vong-mac/,post,publish,Kiến thức nhãn khoa,giải thích bệnh và chăm sóc mắt,Tăng huyết áp và võng mạc: khi mạch máu mắt bị tổn thương,0,,2026-08-23 14:38:03,https://mathanoibacninh.com/kien-thuc/tac-mach-mau-vong-mac/; https://mathanoibacninh.com/kien-thuc/muoi-dau-hieu-o-mat-phai-di-kham-ngay/; https://mathanoibacninh.com/kien-thuc/mat-mo-dot-ngot-mot-ben/; https://mathanoibacninh.com/kien-thuc/bien-chung-mat-o-nguoi-tieu-duong/; https://mathanoibacninh.com/kien-thuc/soi-day-mat-la-gi/; https://mathanoibacninh.com/lien-he/; https://mathanoibacninh.com/chuyen-khoa/dich-kinh-vong-mac/; https://mathanoibacninh.com/kien-thuc/cao-huyet-ap-anh-huong-mat/; https://mathanoibacninh.com/kien-thuc/; https://mathanoibacninh.com/kien-thuc/vong-mac-tieu-duong-cac-giai-doan/; https://mathanoibacninh.com/hoi-dap/truoc-khi-di-kham/; https://mathanoibacninh.com/doi-ngu-bac-si/
1243,Khám mắt tại xã Chi Lăng,https://mathanoibacninh.com/khu-vuc/kham-mat-bac-ninh/xa-chi-lang/,page,publish,,điều hướng/thông tin bệnh viện,Khám mắt tại xã Chi Lăng,0,,2026-09-24 22:12:14,
1244,Khám mắt tại xã Phù Lãng,https://mathanoibacninh.com/khu-vuc/kham-mat-bac-ninh/xa-phu-lang/,page,publish,,điều hướng/thông tin bệnh viện,Khám mắt tại xã Phù Lãng,0,,2026-09-24 22:12:15,
1245,Khám mắt tại xã Yên Phong,https://mathanoibacninh.com/khu-vuc/kham-mat-bac-ninh/xa-yen-phong/,page,publish,,điều hướng/thông tin bệnh viện,Khám mắt tại xã Yên Phong,0,,2026-09-24 22:12:16,
1246,Khám mắt tại xã Văn Môn,https://mathanoibacninh.com/khu-vuc/kham-mat-bac-ninh/xa-van-mon/,page,publish,,điều hướng/thông tin bệnh viện,Khám mắt tại xã Văn Môn,0,,2026-09-24 22:12:17,
1247,Khám mắt tại xã Tam Giang,https://mathanoibacninh.com/khu-vuc/kham-mat-bac-ninh/xa-tam-giang/,page,publish,,điều hướng/thông tin bệnh viện,Khám mắt tại xã Tam Giang,0,,2026-09-24 22:12:18,
1248,Khám mắt tại xã Yên Trung,https://mathanoibacninh.com/khu-vuc/kham-mat-bac-ninh/xa-yen-trung/,page,publish,,điều hướng/thông tin bệnh viện,Khám mắt tại xã Yên Trung,0,,2026-09-24 22:12:19,
1249,Khám mắt tại xã Tam Đa,https://mathanoibacninh.com/khu-vuc/kham-mat-bac-ninh/xa-tam-da/,page,publish,,điều hướng/thông tin bệnh viện,Khám mắt tại xã Tam Đa,0,,2026-09-24 22:12:20,
1250,Khám mắt tại xã Tiên Du,https://mathanoibacninh.com/khu-vuc/kham-mat-bac-ninh/xa-tien-du/,page,publish,,điều hướng/thông tin bệnh viện,Khám mắt tại xã Tiên Du,0,,2026-09-24 22:12:21,
1251,Khám mắt tại xã Liên Bão,https://mathanoibacninh.com/khu-vuc/kham-mat-bac-ninh/xa-lien-bao/,page,publish,,điều hướng/thông tin bệnh viện,Khám mắt tại xã Liên Bão,0,,2026-09-24 22:12:22,
1252,Khám mắt tại xã Tân Chi,https://mathanoibacninh.com/khu-vuc/kham-mat-bac-ninh/xa-tan-chi/,page,publish,,điều hướng/thông tin bệnh viện,Khám mắt tại xã Tân Chi,0,,2026-09-24 22:12:23,
1253,Khám mắt tại xã Đại Đồng,https://mathanoibacninh.com/khu-vuc/kham-mat-bac-ninh/xa-dai-dong/,page,publish,,điều hướng/thông tin bệnh viện,Khám mắt tại xã Đại Đồng,0,,2026-09-24 22:12:23,
1254,Khám mắt tại xã Phật Tích,https://mathanoibacninh.com/khu-vuc/kham-mat-bac-ninh/xa-phat-tich/,page,publish,,điều hướng/thông tin bệnh viện,Khám mắt tại xã Phật Tích,0,,2026-09-24 22:12:24,
1255,Khám mắt tại xã Gia Bình,https://mathanoibacninh.com/khu-vuc/kham-mat-bac-ninh/xa-gia-binh/,page,publish,,điều hướng/thông tin bệnh viện,Khám mắt tại xã Gia Bình,0,,2026-09-24 22:12:25,
1256,Khám mắt tại xã Nhân Thắng,https://mathanoibacninh.com/khu-vuc/kham-mat-bac-ninh/xa-nhan-thang/,page,publish,,điều hướng/thông tin bệnh viện,Khám mắt tại xã Nhân Thắng,0,,2026-09-24 22:12:26,
1257,Khám mắt tại xã Đại Lai,https://mathanoibacninh.com/khu-vuc/kham-mat-bac-ninh/xa-dai-lai/,page,publish,,điều hướng/thông tin bệnh viện,Khám mắt tại xã Đại Lai,0,,2026-09-24 22:12:27,
1258,Khám mắt tại xã Cao Đức,https://mathanoibacninh.com/khu-vuc/kham-mat-bac-ninh/xa-cao-duc/,page,publish,,điều hướng/thông tin bệnh viện,Khám mắt tại xã Cao Đức,0,,2026-09-24 22:12:27,
1259,Khám mắt tại xã Đông Cứu,https://mathanoibacninh.com/khu-vuc/kham-mat-bac-ninh/xa-dong-cuu/,page,publish,,điều hướng/thông tin bệnh viện,Khám mắt tại xã Đông Cứu,0,,2026-09-24 22:12:28,
1260,Khám mắt tại xã Lương Tài,https://mathanoibacninh.com/khu-vuc/kham-mat-bac-ninh/xa-luong-tai/,page,publish,,điều hướng/thông tin bệnh viện,Khám mắt tại xã Lương Tài,0,,2026-09-24 22:12:29,
1261,Khám mắt tại xã Lâm Thao,https://mathanoibacninh.com/khu-vuc/kham-mat-bac-ninh/xa-lam-thao/,page,publish,,điều hướng/thông tin bệnh viện,Khám mắt tại xã Lâm Thao,0,,2026-09-24 22:12:30,
1262,Khám mắt tại xã Trung Chính,https://mathanoibacninh.com/khu-vuc/kham-mat-bac-ninh/xa-trung-chinh/,page,publish,,điều hướng/thông tin bệnh viện,Khám mắt tại xã Trung Chính,0,,2026-09-24 22:12:31,
1263,Khám mắt tại xã Trung Kênh,https://mathanoibacninh.com/khu-vuc/kham-mat-bac-ninh/xa-trung-kenh/,page,publish,,điều hướng/thông tin bệnh viện,Khám mắt tại xã Trung Kênh,0,,2026-09-24 22:12:32,
1264,Khám mắt tại xã Đại Sơn,https://mathanoibacninh.com/khu-vuc/kham-mat-bac-ninh/xa-dai-son/,page,publish,,điều hướng/thông tin bệnh viện,Khám mắt tại xã Đại Sơn,0,,2026-09-24 22:12:32,
1265,Khám mắt tại xã Sơn Động,https://mathanoibacninh.com/khu-vuc/kham-mat-bac-giang/xa-son-dong/,page,publish,,điều hướng/thông tin bệnh viện,Khám mắt tại xã Sơn Động,0,,2026-09-24 22:12:33,
1266,Khám mắt tại xã Tây Yên Tử,https://mathanoibacninh.com/khu-vuc/kham-mat-bac-giang/xa-tay-yen-tu/,page,publish,,điều hướng/thông tin bệnh viện,Khám mắt tại xã Tây Yên Tử,0,,2026-09-24 22:12:34,
1267,Khám mắt tại xã Dương Hưu,https://mathanoibacninh.com/khu-vuc/kham-mat-bac-giang/xa-duong-huu/,page,publish,,điều hướng/thông tin bệnh viện,Khám mắt tại xã Dương Hưu,0,,2026-09-24 22:12:35,
1268,Khám mắt tại xã Yên Định,https://mathanoibacninh.com/khu-vuc/kham-mat-bac-giang/xa-yen-dinh/,page,publish,,điều hướng/thông tin bệnh viện,Khám mắt tại xã Yên Định,0,,2026-09-24 22:12:36,
1269,Khám mắt tại xã An Lạc,https://mathanoibacninh.com/khu-vuc/kham-mat-bac-giang/xa-an-lac/,page,publish,,điều hướng/thông tin bệnh viện,Khám mắt tại xã An Lạc,0,,2026-09-24 22:12:37,
1270,Khám mắt tại xã Vân Sơn,https://mathanoibacninh.com/khu-vuc/kham-mat-bac-giang/xa-van-son/,page,publish,,điều hướng/thông tin bệnh viện,Khám mắt tại xã Vân Sơn,0,,2026-09-24 22:12:37,
1271,Khám mắt tại xã Biển Động,https://mathanoibacninh.com/khu-vuc/kham-mat-bac-giang/xa-bien-dong/,page,publish,,điều hướng/thông tin bệnh viện,Khám mắt tại xã Biển Động,0,,2026-09-24 22:12:38,
1272,Khám mắt tại xã Lục Ngạn,https://mathanoibacninh.com/khu-vuc/kham-mat-bac-giang/xa-luc-ngan/,page,publish,,điều hướng/thông tin bệnh viện,Khám mắt tại xã Lục Ngạn,0,,2026-09-24 22:12:39,
1273,Khám mắt tại xã Đèo Gia,https://mathanoibacninh.com/khu-vuc/kham-mat-bac-giang/xa-deo-gia/,page,publish,,điều hướng/thông tin bệnh viện,Khám mắt tại xã Đèo Gia,0,,2026-09-24 22:12:40,
1274,Khám mắt tại xã Sơn Hải,https://mathanoibacninh.com/khu-vuc/kham-mat-bac-giang/xa-son-hai/,page,publish,,điều hướng/thông tin bệnh viện,Khám mắt tại xã Sơn Hải,0,,2026-09-24 22:12:41,
1275,Khám mắt tại xã Tân Sơn,https://mathanoibacninh.com/khu-vuc/kham-mat-bac-giang/xa-tan-son/,page,publish,,điều hướng/thông tin bệnh viện,Khám mắt tại xã Tân Sơn,0,,2026-09-24 22:12:42,
1276,Khám mắt tại xã Biên Sơn,https://mathanoibacninh.com/khu-vuc/kham-mat-bac-giang/xa-bien-son/,page,publish,,điều hướng/thông tin bệnh viện,Khám mắt tại xã Biên Sơn,0,,2026-09-24 22:12:43,
1277,Khám mắt tại xã Sa Lý,https://mathanoibacninh.com/khu-vuc/kham-mat-bac-giang/xa-sa-ly/,page,publish,,điều hướng/thông tin bệnh viện,Khám mắt tại xã Sa Lý,0,,2026-09-24 22:12:43,
1278,Khám mắt tại xã Nam Dương,https://mathanoibacninh.com/khu-vuc/kham-mat-bac-giang/xa-nam-duong/,page,publish,,điều hướng/thông tin bệnh viện,Khám mắt tại xã Nam Dương,0,,2026-09-24 22:12:44,
1279,Khám mắt tại xã Kiên Lao,https://mathanoibacninh.com/khu-vuc/kham-mat-bac-giang/xa-kien-lao/,page,publish,,điều hướng/thông tin bệnh viện,Khám mắt tại xã Kiên Lao,0,,2026-09-24 22:12:45,
1280,Khám mắt tại xã Lục Sơn,https://mathanoibacninh.com/khu-vuc/kham-mat-bac-giang/xa-luc-son/,page,publish,,điều hướng/thông tin bệnh viện,Khám mắt tại xã Lục Sơn,0,,2026-09-24 22:12:46,
1281,Khám mắt tại xã Trường Sơn,https://mathanoibacninh.com/khu-vuc/kham-mat-bac-giang/xa-truong-son/,page,publish,,điều hướng/thông tin bệnh viện,Khám mắt tại xã Trường Sơn,0,,2026-09-24 22:12:47,
1282,Khám mắt tại xã Cẩm Lý,https://mathanoibacninh.com/khu-vuc/kham-mat-bac-giang/xa-cam-ly/,page,publish,,điều hướng/thông tin bệnh viện,Khám mắt tại xã Cẩm Lý,0,,2026-09-24 22:12:48,
1283,Khám mắt tại xã Đông Phú,https://mathanoibacninh.com/khu-vuc/kham-mat-bac-giang/xa-dong-phu/,page,publish,,điều hướng/thông tin bệnh viện,Khám mắt tại xã Đông Phú,0,,2026-09-24 22:12:49,
1284,Khám mắt tại xã Nghĩa Phương,https://mathanoibacninh.com/khu-vuc/kham-mat-bac-giang/xa-nghia-phuong/,page,publish,,điều hướng/thông tin bệnh viện,Khám mắt tại xã Nghĩa Phương,0,,2026-09-24 22:12:49,
1285,Khám mắt tại xã Lục Nam,https://mathanoibacninh.com/khu-vuc/kham-mat-bac-giang/xa-luc-nam/,page,publish,,điều hướng/thông tin bệnh viện,Khám mắt tại xã Lục Nam,0,,2026-09-24 22:12:50,
1286,Khám mắt tại xã Bắc Lũng,https://mathanoibacninh.com/khu-vuc/kham-mat-bac-giang/xa-bac-lung/,page,publish,,điều hướng/thông tin bệnh viện,Khám mắt tại xã Bắc Lũng,0,,2026-09-24 22:12:51,
1287,Khám mắt tại xã Bảo Đài,https://mathanoibacninh.com/khu-vuc/kham-mat-bac-giang/xa-bao-dai/,page,publish,,điều hướng/thông tin bệnh viện,Khám mắt tại xã Bảo Đài,0,,2026-09-24 22:12:52,
1288,Khám mắt tại xã Lạng Giang,https://mathanoibacninh.com/khu-vuc/kham-mat-bac-giang/xa-lang-giang/,page,publish,,điều hướng/thông tin bệnh viện,Khám mắt tại xã Lạng Giang,0,,2026-09-24 22:12:53,
1289,Khám mắt tại xã Mỹ Thái,https://mathanoibacninh.com/khu-vuc/kham-mat-bac-giang/xa-my-thai/,page,publish,,điều hướng/thông tin bệnh viện,Khám mắt tại xã Mỹ Thái,0,,2026-09-24 22:12:54,
1290,Khám mắt tại xã Kép,https://mathanoibacninh.com/khu-vuc/kham-mat-bac-giang/xa-kep/,page,publish,,điều hướng/thông tin bệnh viện,Khám mắt tại xã Kép,0,,2026-09-24 22:12:55,
1291,Khám mắt tại xã Tân Dĩnh,https://mathanoibacninh.com/khu-vuc/kham-mat-bac-giang/xa-tan-dinh/,page,publish,,điều hướng/thông tin bệnh viện,Khám mắt tại xã Tân Dĩnh,0,,2026-09-24 22:12:56,
1292,Khám mắt tại xã Tiên Lục,https://mathanoibacninh.com/khu-vuc/kham-mat-bac-giang/xa-tien-luc/,page,publish,,điều hướng/thông tin bệnh viện,Khám mắt tại xã Tiên Lục,0,,2026-09-24 22:12:57,
1293,Khám mắt tại xã Yên Thế,https://mathanoibacninh.com/khu-vuc/kham-mat-bac-giang/xa-yen-the/,page,publish,,điều hướng/thông tin bệnh viện,Khám mắt tại xã Yên Thế,0,,2026-09-24 22:12:57,
1294,Khám mắt tại xã Bố Hạ,https://mathanoibacninh.com/khu-vuc/kham-mat-bac-giang/xa-bo-ha/,page,publish,,điều hướng/thông tin bệnh viện,Khám mắt tại xã Bố Hạ,0,,2026-09-24 22:12:58,
1295,Khám mắt tại xã Đồng Kỳ,https://mathanoibacninh.com/khu-vuc/kham-mat-bac-giang/xa-dong-ky/,page,publish,,điều hướng/thông tin bệnh viện,Khám mắt tại xã Đồng Kỳ,0,,2026-09-24 22:12:59,
1296,Khám mắt tại xã Xuân Lương,https://mathanoibacninh.com/khu-vuc/kham-mat-bac-giang/xa-xuan-luong/,page,publish,,điều hướng/thông tin bệnh viện,Khám mắt tại xã Xuân Lương,0,,2026-09-24 22:13:00,
1297,Khám mắt tại xã Tam Tiến,https://mathanoibacninh.com/khu-vuc/kham-mat-bac-giang/xa-tam-tien/,page,publish,,điều hướng/thông tin bệnh viện,Khám mắt tại xã Tam Tiến,0,,2026-09-24 22:13:01,
1298,Khám mắt tại xã Tân Yên,https://mathanoibacninh.com/khu-vuc/kham-mat-bac-giang/xa-tan-yen/,page,publish,,điều hướng/thông tin bệnh viện,Khám mắt tại xã Tân Yên,0,,2026-09-24 22:13:02,
1299,Khám mắt tại xã Ngọc Thiện,https://mathanoibacninh.com/khu-vuc/kham-mat-bac-giang/xa-ngoc-thien/,page,publish,,điều hướng/thông tin bệnh viện,Khám mắt tại xã Ngọc Thiện,0,,2026-09-24 22:13:03,
1300,Khám mắt tại xã Nhã Nam,https://mathanoibacninh.com/khu-vuc/kham-mat-bac-giang/xa-nha-nam/,page,publish,,điều hướng/thông tin bệnh viện,Khám mắt tại xã Nhã Nam,0,,2026-09-24 22:13:04,
1301,Khám mắt tại xã Phúc Hoà,https://mathanoibacninh.com/khu-vuc/kham-mat-bac-giang/xa-phuc-hoa/,page,publish,,điều hướng/thông tin bệnh viện,Khám mắt tại xã Phúc Hoà,0,,2026-09-24 22:13:04,
1302,Khám mắt tại xã Quang Trung,https://mathanoibacninh.com/khu-vuc/kham-mat-bac-giang/xa-quang-trung/,page,publish,,điều hướng/thông tin bệnh viện,Khám mắt tại xã Quang Trung,0,,2026-09-24 22:13:05,
1303,Khám mắt tại xã Hợp Thịnh,https://mathanoibacninh.com/khu-vuc/kham-mat-bac-giang/xa-hop-thinh/,page,publish,,điều hướng/thông tin bệnh viện,Khám mắt tại xã Hợp Thịnh,0,,2026-09-24 22:13:06,
1304,Khám mắt tại xã Hiệp Hòa,https://mathanoibacninh.com/khu-vuc/kham-mat-bac-giang/xa-hiep-hoa/,page,publish,,điều hướng/thông tin bệnh viện,Khám mắt tại xã Hiệp Hòa,0,,2026-09-24 22:13:07,
1305,Khám mắt tại xã Hoàng Vân,https://mathanoibacninh.com/khu-vuc/kham-mat-bac-giang/xa-hoang-van/,page,publish,,điều hướng/thông tin bệnh viện,Khám mắt tại xã Hoàng Vân,0,,2026-09-24 22:13:08,
1306,Khám mắt tại xã Đồng Việt,https://mathanoibacninh.com/khu-vuc/kham-mat-bac-giang/xa-dong-viet/,page,publish,,điều hướng/thông tin bệnh viện,Khám mắt tại xã Đồng Việt,0,,2026-09-24 22:13:09,
1307,Khám mắt tại xã Xuân Cẩm,https://mathanoibacninh.com/khu-vuc/kham-mat-bac-giang/xa-xuan-cam/,page,publish,,điều hướng/thông tin bệnh viện,Khám mắt tại xã Xuân Cẩm,0,,2026-09-24 22:13:10,
1308,Khám mắt tại phường Kinh Bắc,https://mathanoibacninh.com/khu-vuc/kham-mat-bac-ninh/phuong-kinh-bac/,page,publish,,điều hướng/thông tin bệnh viện,Khám mắt tại phường Kinh Bắc,0,,2026-09-24 22:13:10,
1309,Khám mắt tại phường Võ Cường,https://mathanoibacninh.com/khu-vuc/kham-mat-bac-ninh/phuong-vo-cuong/,page,publish,,điều hướng/thông tin bệnh viện,Khám mắt tại phường Võ Cường,0,,2026-09-24 22:13:11,
1310,Khám mắt tại phường Vũ Ninh,https://mathanoibacninh.com/khu-vuc/kham-mat-bac-ninh/phuong-vu-ninh/,page,publish,,điều hướng/thông tin bệnh viện,Khám mắt tại phường Vũ Ninh,0,,2026-09-24 22:13:12,
1311,Khám mắt tại phường Hạp Lĩnh,https://mathanoibacninh.com/khu-vuc/kham-mat-bac-ninh/phuong-hap-linh/,page,publish,,điều hướng/thông tin bệnh viện,Khám mắt tại phường Hạp Lĩnh,0,,2026-09-24 22:13:13,
1312,Khám mắt tại phường Nam Sơn,https://mathanoibacninh.com/khu-vuc/kham-mat-bac-ninh/phuong-nam-son/,page,publish,,điều hướng/thông tin bệnh viện,Khám mắt tại phường Nam Sơn,0,,2026-09-24 22:13:14,
1313,Khám mắt tại phường Từ Sơn,https://mathanoibacninh.com/khu-vuc/kham-mat-bac-ninh/phuong-tu-son/,page,publish,,điều hướng/thông tin bệnh viện,Khám mắt tại phường Từ Sơn,0,,2026-09-24 22:13:15,
1314,Khám mắt tại phường Tam Sơn,https://mathanoibacninh.com/khu-vuc/kham-mat-bac-ninh/phuong-tam-son/,page,publish,,điều hướng/thông tin bệnh viện,Khám mắt tại phường Tam Sơn,0,,2026-09-24 22:13:15,
1315,Khám mắt tại phường Đồng Nguyên,https://mathanoibacninh.com/khu-vuc/kham-mat-bac-ninh/phuong-dong-nguyen/,page,publish,,điều hướng/thông tin bệnh viện,Khám mắt tại phường Đồng Nguyên,0,,2026-09-24 22:13:16,
1316,Khám mắt tại phường Phù Khê,https://mathanoibacninh.com/khu-vuc/kham-mat-bac-ninh/phuong-phu-khe/,page,publish,,điều hướng/thông tin bệnh viện,Khám mắt tại phường Phù Khê,0,,2026-09-24 22:13:17,
1317,Khám mắt tại phường Thuận Thành,https://mathanoibacninh.com/khu-vuc/kham-mat-bac-ninh/phuong-thuan-thanh/,page,publish,,điều hướng/thông tin bệnh viện,Khám mắt tại phường Thuận Thành,0,,2026-09-24 22:13:18,
1318,Khám mắt tại phường Mão Điền,https://mathanoibacninh.com/khu-vuc/kham-mat-bac-ninh/phuong-mao-dien/,page,publish,,điều hướng/thông tin bệnh viện,Khám mắt tại phường Mão Điền,0,,2026-09-24 22:13:19,
1319,Khám mắt tại phường Trạm Lộ,https://mathanoibacninh.com/khu-vuc/kham-mat-bac-ninh/phuong-tram-lo/,page,publish,,điều hướng/thông tin bệnh viện,Khám mắt tại phường Trạm Lộ,0,,2026-09-24 22:13:20,
1320,Khám mắt tại phường Trí Quả,https://mathanoibacninh.com/khu-vuc/kham-mat-bac-ninh/phuong-tri-qua/,page,publish,,điều hướng/thông tin bệnh viện,Khám mắt tại phường Trí Quả,0,,2026-09-24 22:13:21,
1321,Khám mắt tại phường Song Liễu,https://mathanoibacninh.com/khu-vuc/kham-mat-bac-ninh/phuong-song-lieu/,page,publish,,điều hướng/thông tin bệnh viện,Khám mắt tại phường Song Liễu,0,,2026-09-24 22:13:22,
1322,Khám mắt tại phường Ninh Xá,https://mathanoibacninh.com/khu-vuc/kham-mat-bac-ninh/phuong-ninh-xa/,page,publish,,điều hướng/thông tin bệnh viện,Khám mắt tại phường Ninh Xá,0,,2026-09-24 22:13:22,
1323,Khám mắt tại phường Quế Võ,https://mathanoibacninh.com/khu-vuc/kham-mat-bac-ninh/phuong-que-vo/,page,publish,,điều hướng/thông tin bệnh viện,Khám mắt tại phường Quế Võ,0,,2026-09-24 22:13:23,
1324,Khám mắt tại phường Phương Liễu,https://mathanoibacninh.com/khu-vuc/kham-mat-bac-ninh/phuong-phuong-lieu/,page,publish,,điều hướng/thông tin bệnh viện,Khám mắt tại phường Phương Liễu,0,,2026-09-24 22:13:24,
1325,Khám mắt tại phường Nhân Hòa,https://mathanoibacninh.com/khu-vuc/kham-mat-bac-ninh/phuong-nhan-hoa/,page,publish,,điều hướng/thông tin bệnh viện,Khám mắt tại phường Nhân Hòa,0,,2026-09-24 22:13:25,
1326,Khám mắt tại phường Đào Viên,https://mathanoibacninh.com/khu-vuc/kham-mat-bac-ninh/phuong-dao-vien/,page,publish,,điều hướng/thông tin bệnh viện,Khám mắt tại phường Đào Viên,0,,2026-09-24 22:13:26,
1327,Khám mắt tại phường Bồng Lai,https://mathanoibacninh.com/khu-vuc/kham-mat-bac-ninh/phuong-bong-lai/,page,publish,,điều hướng/thông tin bệnh viện,Khám mắt tại phường Bồng Lai,0,,2026-09-24 22:13:27,
1328,Khám mắt tại phường Chũ,https://mathanoibacninh.com/khu-vuc/kham-mat-bac-giang/phuong-chu/,page,publish,,điều hướng/thông tin bệnh viện,Khám mắt tại phường Chũ,0,,2026-09-24 22:13:27,
1329,Khám mắt tại phường Phượng Sơn,https://mathanoibacninh.com/khu-vuc/kham-mat-bac-giang/phuong-phuong-son/,page,publish,,điều hướng/thông tin bệnh viện,Khám mắt tại phường Phượng Sơn,0,,2026-09-24 22:13:28,
1330,Khám mắt tại phường Tự Lạn,https://mathanoibacninh.com/khu-vuc/kham-mat-bac-giang/phuong-tu-lan/,page,publish,,điều hướng/thông tin bệnh viện,Khám mắt tại phường Tự Lạn,0,,2026-09-24 22:13:29,
1331,Khám mắt tại phường Việt Yên,https://mathanoibacninh.com/khu-vuc/kham-mat-bac-giang/phuong-viet-yen/,page,publish,,điều hướng/thông tin bệnh viện,Khám mắt tại phường Việt Yên,0,,2026-09-24 22:13:30,
1332,Khám mắt tại phường Nếnh,https://mathanoibacninh.com/khu-vuc/kham-mat-bac-giang/phuong-nenh/,page,publish,,điều hướng/thông tin bệnh viện,Khám mắt tại phường Nếnh,0,,2026-09-24 22:13:31,
1333,Khám mắt tại phường Vân Hà,https://mathanoibacninh.com/khu-vuc/kham-mat-bac-giang/phuong-van-ha/,page,publish,,điều hướng/thông tin bệnh viện,Khám mắt tại phường Vân Hà,0,,2026-09-24 22:13:32,
1334,Khám mắt tại phường Bắc Giang,https://mathanoibacninh.com/khu-vuc/kham-mat-bac-giang/phuong-bac-giang/,page,publish,,điều hướng/thông tin bệnh viện,Khám mắt tại phường Bắc Giang,0,,2026-09-24 22:13:32,
1335,Khám mắt tại phường Đa Mai,https://mathanoibacninh.com/khu-vuc/kham-mat-bac-giang/phuong-da-mai/,page,publish,,điều hướng/thông tin bệnh viện,Khám mắt tại phường Đa Mai,0,,2026-09-24 22:13:33,
1336,Khám mắt tại phường Tiền Phong,https://mathanoibacninh.com/khu-vuc/kham-mat-bac-giang/phuong-tien-phong/,page,publish,,điều hướng/thông tin bệnh viện,Khám mắt tại phường Tiền Phong,0,,2026-09-24 22:13:34,
1337,Khám mắt tại phường Tân An,https://mathanoibacninh.com/khu-vuc/kham-mat-bac-giang/phuong-tan-an/,page,publish,,điều hướng/thông tin bệnh viện,Khám mắt tại phường Tân An,0,,2026-09-24 22:13:35,
1338,Khám mắt tại phường Yên Dũng,https://mathanoibacninh.com/khu-vuc/kham-mat-bac-giang/phuong-yen-dung/,page,publish,,điều hướng/thông tin bệnh viện,Khám mắt tại phường Yên Dũng,0,,2026-09-24 22:13:36,
1339,Khám mắt tại phường Tân Tiến,https://mathanoibacninh.com/khu-vuc/kham-mat-bac-giang/phuong-tan-tien/,page,publish,,điều hướng/thông tin bệnh viện,Khám mắt tại phường Tân Tiến,0,,2026-09-24 22:13:37,
1340,Khám mắt tại phường Cảnh Thụy,https://mathanoibacninh.com/khu-vuc/kham-mat-bac-giang/phuong-canh-thuy/,page,publish,,điều hướng/thông tin bệnh viện,Khám mắt tại phường Cảnh Thụy,0,,2026-09-24 22:13:37,
1341,Khám mắt tại xã Tuấn Đạo,https://mathanoibacninh.com/khu-vuc/kham-mat-bac-giang/xa-tuan-dao/,page,publish,,điều hướng/thông tin bệnh viện,Khám mắt tại xã Tuấn Đạo,0,,2026-09-24 22:13:38,
