URL,URL cuoi,HTTP,Loai trang,WP ID,WP trang thai duyet,Nhan UI,Ngay UI,time datetime,time datetime chuan hoa,Ngay duyet UI/khac,datePublished,datePublished chuan hoa,dateModified,dateModified chuan hoa,Tat ca schema ngay,lastReviewed/dateReviewed,WP ngay duyet,article:published_time,article:modified_time,Sitemap lastmod,Sitemap lastmod chuan hoa,Sitemap,WP post_date,WP post_modified,Mui gio,Nguon,Trang thai,Issue ID,Ghi chu
https://mathanoibacninh.com/,https://mathanoibacninh.com/,200,taxonomy/archive,,,,,,,,,,,,[],,,,,,,,,,Asia/Ho_Chi_Minh (+07:00),public HTML/JSON-LD; OBS sitemap; WP-CLI published post fields,Khớp/không có ngày áp dụng,,
https://mathanoibacninh.com/2026/08/11/hello-world/,https://mathanoibacninh.com/2026/08/11/hello-world/,404,taxonomy/archive,,,,,,,,,,,,[],,,,,,,,,,Asia/Ho_Chi_Minh (+07:00),public HTML/JSON-LD; OBS sitemap; WP-CLI published post fields,Không đánh giá ngày (HTTP không phải 200),,
https://mathanoibacninh.com/?page_id=13,https://mathanoibacninh.com/?page_id=13,404,taxonomy/archive,,,,,,,,,,,,[],,,,,,,,,,Asia/Ho_Chi_Minh (+07:00),public HTML/JSON-LD; OBS sitemap; WP-CLI published post fields,Không đánh giá ngày (HTTP không phải 200),,
https://mathanoibacninh.com/Phone,https://mathanoibacninh.com/Phone,404,taxonomy/archive,,,,,,,,,,,,[],,,,,,,,,,Asia/Ho_Chi_Minh (+07:00),public HTML/JSON-LD; OBS sitemap; WP-CLI published post fields,Không đánh giá ngày (HTTP không phải 200),,
https://mathanoibacninh.com/bang-gia/,https://mathanoibacninh.com/bang-gia/,200,page,42,,,,,,,2026-08-11T02:15:46+07:00,2026-08-11T02:15:46+07:00,2026-10-01T02:12:47+07:00,2026-10-01T02:12:47+07:00,"[{""@id"":"""",""@type"":""Article"",""datePublished"":""2026-08-11T02:15:46+07:00"",""dateModified"":""2026-10-01T02:12:47+07:00"",""dateReviewed"":"""",""lastReviewed"":"""",""script_index"":1}]",,,2026-08-11T02:15:46+07:00,2026-10-01T02:12:47+07:00,2026-10-01T02:12:47+00:00,2026-10-01T09:12:47+07:00,https://mathanoibacninh.com/obs-sitemap-pages.xml,2026-08-11 09:15:46,2026-10-01 09:12:47,Asia/Ho_Chi_Minh (+07:00),public HTML/JSON-LD; OBS sitemap; WP-CLI published post fields,Cần kiểm tra,D01;D02;D09,one schema entity datePublished differs from WP post_date; one schema entity dateModified differs from WP post_modified; OG article time differs from corresponding WP date
https://mathanoibacninh.com/benhvienmathanoibacninh/bang-gia/,https://mathanoibacninh.com/bang-gia/,200,taxonomy/archive,,,,,,,,2026-08-11T02:15:46+07:00,2026-08-11T02:15:46+07:00,2026-10-01T02:12:47+07:00,2026-10-01T02:12:47+07:00,"[{""@id"":"""",""@type"":""Article"",""datePublished"":""2026-08-11T02:15:46+07:00"",""dateModified"":""2026-10-01T02:12:47+07:00"",""dateReviewed"":"""",""lastReviewed"":"""",""script_index"":1}]",,,2026-08-11T02:15:46+07:00,2026-10-01T02:12:47+07:00,,,,,,Asia/Ho_Chi_Minh (+07:00),public HTML/JSON-LD; OBS sitemap; WP-CLI published post fields,Khớp/không có ngày áp dụng,,
https://mathanoibacninh.com/benhvienmathanoibacninh/chuyen-khoa/,https://mathanoibacninh.com/chuyen-khoa/,200,taxonomy/archive,,,,,,,,2026-08-06T05:10:33+07:00,2026-08-06T05:10:33+07:00,2026-08-10T11:34:01+07:00,2026-08-10T11:34:01+07:00,"[{""@id"":""https://mathanoibacninh.com/chuyen-khoa/#noi-dung-y-khoa"",""@type"":""MedicalWebPage"",""datePublished"":""2026-08-06T05:10:33+07:00"",""dateModified"":""2026-08-10T11:34:01+07:00"",""dateReviewed"":"""",""lastReviewed"":"""",""script_index"":0},{""@id"":"""",""@type"":""Article"",""datePublished"":""2026-08-05T22:10:33+07:00"",""dateModified"":""2026-08-10T04:34:01+07:00"",""dateReviewed"":"""",""lastReviewed"":"""",""script_index"":1}]",,,2026-08-05T22:10:33+07:00,2026-08-10T04:34:01+07:00,,,,,,Asia/Ho_Chi_Minh (+07:00),public HTML/JSON-LD; OBS sitemap; WP-CLI published post fields,Khớp/không có ngày áp dụng,,
https://mathanoibacninh.com/benhvienmathanoibacninh/chuyen-khoa/dich-kinh-vong-mac/,https://mathanoibacninh.com/chuyen-khoa/dich-kinh-vong-mac/,200,taxonomy/archive,,,,,,,,2026-08-05T22:10:33+07:00,2026-08-05T22:10:33+07:00,2026-08-23T01:57:34+07:00,2026-08-23T01:57:34+07:00,"[{""@id"":"""",""@type"":""Article"",""datePublished"":""2026-08-05T22:10:33+07:00"",""dateModified"":""2026-08-23T01:57:34+07:00"",""dateReviewed"":"""",""lastReviewed"":"""",""script_index"":1}]",,,2026-08-05T22:10:33+07:00,2026-08-23T01:57:34+07:00,,,,,,Asia/Ho_Chi_Minh (+07:00),public HTML/JSON-LD; OBS sitemap; WP-CLI published post fields,Khớp/không có ngày áp dụng,,
https://mathanoibacninh.com/benhvienmathanoibacninh/chuyen-khoa/giac-mac-ket-mac/,https://mathanoibacninh.com/chuyen-khoa/giac-mac-ket-mac/,200,taxonomy/archive,,,,,,,,2026-08-05T22:10:33+07:00,2026-08-05T22:10:33+07:00,2026-08-23T01:57:34+07:00,2026-08-23T01:57:34+07:00,"[{""@id"":"""",""@type"":""Article"",""datePublished"":""2026-08-05T22:10:33+07:00"",""dateModified"":""2026-08-23T01:57:34+07:00"",""dateReviewed"":"""",""lastReviewed"":"""",""script_index"":1}]",,,2026-08-05T22:10:33+07:00,2026-08-23T01:57:34+07:00,,,,,,Asia/Ho_Chi_Minh (+07:00),public HTML/JSON-LD; OBS sitemap; WP-CLI published post fields,Khớp/không có ngày áp dụng,,
https://mathanoibacninh.com/benhvienmathanoibacninh/chuyen-khoa/tat-khuc-xa/can-thi/,https://mathanoibacninh.com/chuyen-khoa/tat-khuc-xa/can-thi/,200,taxonomy/archive,,,Cập nhật 23/8/2026 ·5 phút đọc,23/8/2026,2026-08-23T10:00:00+07:00,2026-08-23T10:00:00+07:00,,2026-08-05T22:10:33+07:00,2026-08-05T22:10:33+07:00,2026-08-23T03:00:00+07:00,2026-08-23T03:00:00+07:00,"[{""@id"":"""",""@type"":""Article"",""datePublished"":""2026-08-05T22:10:33+07:00"",""dateModified"":""2026-08-23T03:00:00+07:00"",""dateReviewed"":"""",""lastReviewed"":"""",""script_index"":1}]",,,2026-08-05T22:10:33+07:00,2026-08-23T03:00:00+07:00,,,,,,Asia/Ho_Chi_Minh (+07:00),public HTML/JSON-LD; OBS sitemap; WP-CLI published post fields,Khớp/không có ngày áp dụng,,
https://mathanoibacninh.com/benhvienmathanoibacninh/chuyen-khoa/tat-khuc-xa/loan-thi/,https://mathanoibacninh.com/chuyen-khoa/tat-khuc-xa/loan-thi/,200,taxonomy/archive,,,Cập nhật 23/8/2026 ·5 phút đọc,23/8/2026,2026-08-23T10:00:00+07:00,2026-08-23T10:00:00+07:00,,2026-08-05T22:10:33+07:00,2026-08-05T22:10:33+07:00,2026-08-23T03:00:00+07:00,2026-08-23T03:00:00+07:00,"[{""@id"":"""",""@type"":""Article"",""datePublished"":""2026-08-05T22:10:33+07:00"",""dateModified"":""2026-08-23T03:00:00+07:00"",""dateReviewed"":"""",""lastReviewed"":"""",""script_index"":1}]",,,2026-08-05T22:10:33+07:00,2026-08-23T03:00:00+07:00,,,,,,Asia/Ho_Chi_Minh (+07:00),public HTML/JSON-LD; OBS sitemap; WP-CLI published post fields,Khớp/không có ngày áp dụng,,
https://mathanoibacninh.com/benhvienmathanoibacninh/chuyen-khoa/tat-khuc-xa/vien-thi/,https://mathanoibacninh.com/chuyen-khoa/tat-khuc-xa/vien-thi/,200,taxonomy/archive,,,Cập nhật 23/8/2026 ·6 phút đọc,23/8/2026,2026-08-23T10:00:00+07:00,2026-08-23T10:00:00+07:00,,2026-08-05T22:10:33+07:00,2026-08-05T22:10:33+07:00,2026-08-23T03:00:00+07:00,2026-08-23T03:00:00+07:00,"[{""@id"":"""",""@type"":""Article"",""datePublished"":""2026-08-05T22:10:33+07:00"",""dateModified"":""2026-08-23T03:00:00+07:00"",""dateReviewed"":"""",""lastReviewed"":"""",""script_index"":1}]",,,2026-08-05T22:10:33+07:00,2026-08-23T03:00:00+07:00,,,,,,Asia/Ho_Chi_Minh (+07:00),public HTML/JSON-LD; OBS sitemap; WP-CLI published post fields,Khớp/không có ngày áp dụng,,
https://mathanoibacninh.com/benhvienmathanoibacninh/dich-vu/,https://mathanoibacninh.com/dich-vu/,200,taxonomy/archive,,,,,,,,2026-08-11T02:15:45+07:00,2026-08-11T02:15:45+07:00,2026-08-11T02:15:45+07:00,2026-08-11T02:15:45+07:00,"[{""@id"":"""",""@type"":""Article"",""datePublished"":""2026-08-11T02:15:45+07:00"",""dateModified"":""2026-08-11T02:15:45+07:00"",""dateReviewed"":"""",""lastReviewed"":"""",""script_index"":1}]",,,2026-08-11T02:15:45+07:00,2026-08-11T02:15:45+07:00,,,,,,Asia/Ho_Chi_Minh (+07:00),public HTML/JSON-LD; OBS sitemap; WP-CLI published post fields,Khớp/không có ngày áp dụng,,
https://mathanoibacninh.com/benhvienmathanoibacninh/dich-vu/chan-doan-nhan-khoa/,https://mathanoibacninh.com/dich-vu/chan-doan-nhan-khoa/,200,taxonomy/archive,,,Cập nhật nội dung: 11/08/2026,11/08/2026,2026-08-11T10:07:59+07:00,2026-08-11T10:07:59+07:00,,2026-08-11T09:15:48+07:00,2026-08-11T09:15:48+07:00,2026-08-11T10:07:59+07:00,2026-08-11T10:07:59+07:00,"[{""@id"":""https://mathanoibacninh.com/dich-vu/chan-doan-nhan-khoa/#noi-dung-y-khoa"",""@type"":""MedicalWebPage"",""datePublished"":""2026-08-11T09:15:48+07:00"",""dateModified"":""2026-08-11T10:07:59+07:00"",""dateReviewed"":"""",""lastReviewed"":"""",""script_index"":0},{""@id"":"""",""@type"":""Article"",""datePublished"":""2026-08-11T02:15:48+07:00"",""dateModified"":""2026-08-11T03:07:59+07:00"",""dateReviewed"":"""",""lastReviewed"":"""",""script_index"":1}]",,,2026-08-11T02:15:48+07:00,2026-08-11T03:07:59+07:00,,,,,,Asia/Ho_Chi_Minh (+07:00),public HTML/JSON-LD; OBS sitemap; WP-CLI published post fields,Khớp/không có ngày áp dụng,,
https://mathanoibacninh.com/benhvienmathanoibacninh/doi-ngu-bac-si/,https://mathanoibacninh.com/doi-ngu-bac-si/,200,taxonomy/archive,,,,,,,,2026-08-06T05:10:33+07:00,2026-08-06T05:10:33+07:00,2026-10-01T09:12:49+07:00,2026-10-01T09:12:49+07:00,"[{""@id"":""https://mathanoibacninh.com/doi-ngu-bac-si/#noi-dung-y-khoa"",""@type"":""MedicalWebPage"",""datePublished"":""2026-08-06T05:10:33+07:00"",""dateModified"":""2026-10-01T09:12:49+07:00"",""dateReviewed"":"""",""lastReviewed"":"""",""script_index"":0},{""@id"":"""",""@type"":""Article"",""datePublished"":""2026-08-05T22:10:33+07:00"",""dateModified"":""2026-10-01T02:12:49+07:00"",""dateReviewed"":"""",""lastReviewed"":"""",""script_index"":1}]",,,2026-08-05T22:10:33+07:00,2026-10-01T02:12:49+07:00,,,,,,Asia/Ho_Chi_Minh (+07:00),public HTML/JSON-LD; OBS sitemap; WP-CLI published post fields,Khớp/không có ngày áp dụng,,
https://mathanoibacninh.com/benhvienmathanoibacninh/hoi-dap/truoc-khi-di-kham/,https://mathanoibacninh.com/hoi-dap/truoc-khi-di-kham/,200,taxonomy/archive,,,Cập nhật nội dung: 10/08/2026,10/08/2026,2026-08-10T10:02:35+07:00,2026-08-10T10:02:35+07:00,,2026-08-06T05:10:33+07:00,2026-08-06T05:10:33+07:00,2026-08-10T10:02:35+07:00,2026-08-10T10:02:35+07:00,"[{""@id"":""https://mathanoibacninh.com/hoi-dap/truoc-khi-di-kham/#noi-dung-y-khoa"",""@type"":""MedicalWebPage"",""datePublished"":""2026-08-06T05:10:33+07:00"",""dateModified"":""2026-08-10T10:02:35+07:00"",""dateReviewed"":"""",""lastReviewed"":"""",""script_index"":0},{""@id"":"""",""@type"":""Article"",""datePublished"":""2026-08-05T22:10:33+07:00"",""dateModified"":""2026-08-10T03:02:35+07:00"",""dateReviewed"":"""",""lastReviewed"":"""",""script_index"":1}]",,,2026-08-05T22:10:33+07:00,2026-08-10T03:02:35+07:00,,,,,,Asia/Ho_Chi_Minh (+07:00),public HTML/JSON-LD; OBS sitemap; WP-CLI published post fields,Khớp/không có ngày áp dụng,,
https://mathanoibacninh.com/benhvienmathanoibacninh/kien-thuc/,https://mathanoibacninh.com/kien-thuc/,200,taxonomy/archive,,,,,,,,2026-08-05T22:10:33+07:00,2026-08-05T22:10:33+07:00,2026-08-05T22:10:33+07:00,2026-08-05T22:10:33+07:00,"[{""@id"":"""",""@type"":""Article"",""datePublished"":""2026-08-05T22:10:33+07:00"",""dateModified"":""2026-08-05T22:10:33+07:00"",""dateReviewed"":"""",""lastReviewed"":"""",""script_index"":1}]",,,2026-08-05T22:10:33+07:00,2026-08-05T22:10:33+07:00,,,,,,Asia/Ho_Chi_Minh (+07:00),public HTML/JSON-LD; OBS sitemap; WP-CLI published post fields,Khớp/không có ngày áp dụng,,
https://mathanoibacninh.com/benhvienmathanoibacninh/lien-he/,https://mathanoibacninh.com/lien-he/,200,taxonomy/archive,,,,,,,"Cập nhật lần cuối 01/10/2026 · Thông tin tham khảo, không thay thế thăm khám trực tiếp.",2026-08-06T05:10:33+07:00,2026-08-06T05:10:33+07:00,2026-10-01T09:12:46+07:00,2026-10-01T09:12:46+07:00,"[{""@id"":""https://mathanoibacninh.com/lien-he/#noi-dung-lien-he-seo"",""@type"":[""MedicalWebPage"",""Article""],""datePublished"":""2026-08-06T05:10:33+07:00"",""dateModified"":""2026-10-01T09:12:46+07:00"",""dateReviewed"":"""",""lastReviewed"":"""",""script_index"":0}]",,,,,,,,,,Asia/Ho_Chi_Minh (+07:00),public HTML/JSON-LD; OBS sitemap; WP-CLI published post fields,Khớp/không có ngày áp dụng,,
https://mathanoibacninh.com/category/dich-vu/phau-thuat-khuc-xa/phau-thuat-khuc-xa-femtolasik/,https://mathanoibacninh.com/category/dich-vu/phau-thuat-khuc-xa/phau-thuat-khuc-xa-femtolasik/,404,taxonomy/archive,,,,,,,,,,,,[],,,,,,,,,,Asia/Ho_Chi_Minh (+07:00),public HTML/JSON-LD; OBS sitemap; WP-CLI published post fields,Không đánh giá ngày (HTTP không phải 200),,
https://mathanoibacninh.com/chinh-sach/,https://mathanoibacninh.com/chinh-sach/,200,page,60,,,,,,,2026-08-05T22:10:33+07:00,2026-08-05T22:10:33+07:00,2026-08-05T22:10:33+07:00,2026-08-05T22:10:33+07:00,"[{""@id"":"""",""@type"":""Article"",""datePublished"":""2026-08-05T22:10:33+07:00"",""dateModified"":""2026-08-05T22:10:33+07:00"",""dateReviewed"":"""",""lastReviewed"":"""",""script_index"":1}]",,,2026-08-05T22:10:33+07:00,2026-08-05T22:10:33+07:00,2026-08-05T22:10:33+00:00,2026-08-06T05:10:33+07:00,https://mathanoibacninh.com/obs-sitemap-pages.xml,2026-08-06 05:10:33,2026-08-06 05:10:33,Asia/Ho_Chi_Minh (+07:00),public HTML/JSON-LD; OBS sitemap; WP-CLI published post fields,Cần kiểm tra,D01;D02;D09,one schema entity datePublished differs from WP post_date; one schema entity dateModified differs from WP post_modified; OG article time differs from corresponding WP date
https://mathanoibacninh.com/chinh-sach/mien-tru-trach-nhiem-y-khoa/,https://mathanoibacninh.com/chinh-sach/mien-tru-trach-nhiem-y-khoa/,200,page,62,,,,,,,2026-08-05T22:10:33+07:00,2026-08-05T22:10:33+07:00,2026-08-11T11:22:36+07:00,2026-08-11T11:22:36+07:00,"[{""@id"":"""",""@type"":""Article"",""datePublished"":""2026-08-05T22:10:33+07:00"",""dateModified"":""2026-08-11T11:22:36+07:00"",""dateReviewed"":"""",""lastReviewed"":"""",""script_index"":1}]",,,2026-08-05T22:10:33+07:00,2026-08-11T11:22:36+07:00,2026-08-11T11:22:36+00:00,2026-08-11T18:22:36+07:00,https://mathanoibacninh.com/obs-sitemap-pages.xml,2026-08-06 05:10:33,2026-08-11 18:22:36,Asia/Ho_Chi_Minh (+07:00),public HTML/JSON-LD; OBS sitemap; WP-CLI published post fields,Cần kiểm tra,D01;D02;D09,one schema entity datePublished differs from WP post_date; one schema entity dateModified differs from WP post_modified; OG article time differs from corresponding WP date
https://mathanoibacninh.com/chinh-sach/quyen-rieng-tu/,https://mathanoibacninh.com/chinh-sach/quyen-rieng-tu/,200,page,61,,,Cập nhật lần cuối: 11/08/2026,,,,2026-08-05T22:10:33+07:00,2026-08-05T22:10:33+07:00,2026-08-05T22:10:33+07:00,2026-08-05T22:10:33+07:00,"[{""@id"":"""",""@type"":""Article"",""datePublished"":""2026-08-05T22:10:33+07:00"",""dateModified"":""2026-08-05T22:10:33+07:00"",""dateReviewed"":"""",""lastReviewed"":"""",""script_index"":1}]",,,2026-08-05T22:10:33+07:00,2026-08-05T22:10:33+07:00,2026-08-05T22:10:33+00:00,2026-08-06T05:10:33+07:00,https://mathanoibacninh.com/obs-sitemap-pages.xml,2026-08-06 05:10:33,2026-08-06 05:10:33,Asia/Ho_Chi_Minh (+07:00),public HTML/JSON-LD; OBS sitemap; WP-CLI published post fields,Cần kiểm tra,D01;D02;D09;D05,one schema entity datePublished differs from WP post_date; one schema entity dateModified differs from WP post_modified; OG article time differs from corresponding WP date; privacy policy visible last-updated differs from WP post_modified
https://mathanoibacninh.com/chuyen-khoa/,https://mathanoibacninh.com/chuyen-khoa/,200,page,12,,,,,,,2026-08-06T05:10:33+07:00,2026-08-06T05:10:33+07:00,2026-08-10T11:34:01+07:00,2026-08-10T11:34:01+07:00,"[{""@id"":""https://mathanoibacninh.com/chuyen-khoa/#noi-dung-y-khoa"",""@type"":""MedicalWebPage"",""datePublished"":""2026-08-06T05:10:33+07:00"",""dateModified"":""2026-08-10T11:34:01+07:00"",""dateReviewed"":"""",""lastReviewed"":"""",""script_index"":0},{""@id"":"""",""@type"":""Article"",""datePublished"":""2026-08-05T22:10:33+07:00"",""dateModified"":""2026-08-10T04:34:01+07:00"",""dateReviewed"":"""",""lastReviewed"":"""",""script_index"":1}]",,,2026-08-05T22:10:33+07:00,2026-08-10T04:34:01+07:00,2026-08-10T04:34:01+00:00,2026-08-10T11:34:01+07:00,https://mathanoibacninh.com/obs-sitemap-pages.xml,2026-08-06 05:10:33,2026-08-10 11:34:01,Asia/Ho_Chi_Minh (+07:00),public HTML/JSON-LD; OBS sitemap; WP-CLI published post fields,Cần kiểm tra,D01;D02;D09,one schema entity datePublished differs from WP post_date; one schema entity dateModified differs from WP post_modified; OG article time differs from corresponding WP date
https://mathanoibacninh.com/chuyen-khoa/dich-kinh-vong-mac/,https://mathanoibacninh.com/chuyen-khoa/dich-kinh-vong-mac/,200,page,19,,,,,,,2026-08-05T22:10:33+07:00,2026-08-05T22:10:33+07:00,2026-08-23T01:57:34+07:00,2026-08-23T01:57:34+07:00,"[{""@id"":"""",""@type"":""Article"",""datePublished"":""2026-08-05T22:10:33+07:00"",""dateModified"":""2026-08-23T01:57:34+07:00"",""dateReviewed"":"""",""lastReviewed"":"""",""script_index"":1}]",,,2026-08-05T22:10:33+07:00,2026-08-23T01:57:34+07:00,2026-08-23T01:57:34+00:00,2026-08-23T08:57:34+07:00,https://mathanoibacninh.com/obs-sitemap-pages.xml,2026-08-06 05:10:33,2026-08-23 08:57:34,Asia/Ho_Chi_Minh (+07:00),public HTML/JSON-LD; OBS sitemap; WP-CLI published post fields,Cần kiểm tra,D01;D02;D09,one schema entity datePublished differs from WP post_date; one schema entity dateModified differs from WP post_modified; OG article time differs from corresponding WP date
https://mathanoibacninh.com/chuyen-khoa/giac-mac-ket-mac/,https://mathanoibacninh.com/chuyen-khoa/giac-mac-ket-mac/,200,page,20,,,,,,,2026-08-05T22:10:33+07:00,2026-08-05T22:10:33+07:00,2026-08-23T01:57:34+07:00,2026-08-23T01:57:34+07:00,"[{""@id"":"""",""@type"":""Article"",""datePublished"":""2026-08-05T22:10:33+07:00"",""dateModified"":""2026-08-23T01:57:34+07:00"",""dateReviewed"":"""",""lastReviewed"":"""",""script_index"":1}]",,,2026-08-05T22:10:33+07:00,2026-08-23T01:57:34+07:00,2026-08-23T01:57:34+00:00,2026-08-23T08:57:34+07:00,https://mathanoibacninh.com/obs-sitemap-pages.xml,2026-08-06 05:10:33,2026-08-23 08:57:34,Asia/Ho_Chi_Minh (+07:00),public HTML/JSON-LD; OBS sitemap; WP-CLI published post fields,Cần kiểm tra,D01;D02;D09,one schema entity datePublished differs from WP post_date; one schema entity dateModified differs from WP post_modified; OG article time differs from corresponding WP date
https://mathanoibacninh.com/chuyen-khoa/glocom/,https://mathanoibacninh.com/chuyen-khoa/glocom/,200,page,18,,,,,,,2026-08-05T22:10:33+07:00,2026-08-05T22:10:33+07:00,2026-08-23T01:57:32+07:00,2026-08-23T01:57:32+07:00,"[{""@id"":"""",""@type"":""Article"",""datePublished"":""2026-08-05T22:10:33+07:00"",""dateModified"":""2026-08-23T01:57:32+07:00"",""dateReviewed"":"""",""lastReviewed"":"""",""script_index"":1}]",,,2026-08-05T22:10:33+07:00,2026-08-23T01:57:32+07:00,2026-08-23T01:57:32+00:00,2026-08-23T08:57:32+07:00,https://mathanoibacninh.com/obs-sitemap-pages.xml,2026-08-06 05:10:33,2026-08-23 08:57:32,Asia/Ho_Chi_Minh (+07:00),public HTML/JSON-LD; OBS sitemap; WP-CLI published post fields,Cần kiểm tra,D01;D02;D09,one schema entity datePublished differs from WP post_date; one schema entity dateModified differs from WP post_modified; OG article time differs from corresponding WP date
https://mathanoibacninh.com/chuyen-khoa/mat-nguoi-cao-tu/,https://mathanoibacninh.com/chuyen-khoa/mat-nguoi-cao-tuoi/,200,taxonomy/archive,,,,,,,,2026-08-05T22:10:33+07:00,2026-08-05T22:10:33+07:00,2026-08-23T01:57:36+07:00,2026-08-23T01:57:36+07:00,"[{""@id"":"""",""@type"":""Article"",""datePublished"":""2026-08-05T22:10:33+07:00"",""dateModified"":""2026-08-23T01:57:36+07:00"",""dateReviewed"":"""",""lastReviewed"":"""",""script_index"":1}]",,,2026-08-05T22:10:33+07:00,2026-08-23T01:57:36+07:00,,,,,,Asia/Ho_Chi_Minh (+07:00),public HTML/JSON-LD; OBS sitemap; WP-CLI published post fields,Khớp/không có ngày áp dụng,,
https://mathanoibacninh.com/chuyen-khoa/mat-nguoi-cao-tuoi/,https://mathanoibacninh.com/chuyen-khoa/mat-nguoi-cao-tuoi/,200,page,24,,,,,,,2026-08-05T22:10:33+07:00,2026-08-05T22:10:33+07:00,2026-08-23T01:57:36+07:00,2026-08-23T01:57:36+07:00,"[{""@id"":"""",""@type"":""Article"",""datePublished"":""2026-08-05T22:10:33+07:00"",""dateModified"":""2026-08-23T01:57:36+07:00"",""dateReviewed"":"""",""lastReviewed"":"""",""script_index"":1}]",,,2026-08-05T22:10:33+07:00,2026-08-23T01:57:36+07:00,2026-08-23T01:57:36+00:00,2026-08-23T08:57:36+07:00,https://mathanoibacninh.com/obs-sitemap-pages.xml,2026-08-06 05:10:33,2026-08-23 08:57:36,Asia/Ho_Chi_Minh (+07:00),public HTML/JSON-LD; OBS sitemap; WP-CLI published post fields,Cần kiểm tra,D01;D02;D09,one schema entity datePublished differs from WP post_date; one schema entity dateModified differs from WP post_modified; OG article time differs from corresponding WP date
https://mathanoibacninh.com/chuyen-khoa/mat-tre-em/,https://mathanoibacninh.com/chuyen-khoa/mat-tre-em/,200,page,21,,,,,,,2026-08-05T22:10:33+07:00,2026-08-05T22:10:33+07:00,2026-08-23T01:57:35+07:00,2026-08-23T01:57:35+07:00,"[{""@id"":"""",""@type"":""Article"",""datePublished"":""2026-08-05T22:10:33+07:00"",""dateModified"":""2026-08-23T01:57:35+07:00"",""dateReviewed"":"""",""lastReviewed"":"""",""script_index"":1}]",,,2026-08-05T22:10:33+07:00,2026-08-23T01:57:35+07:00,2026-08-23T01:57:35+00:00,2026-08-23T08:57:35+07:00,https://mathanoibacninh.com/obs-sitemap-pages.xml,2026-08-06 05:10:33,2026-08-23 08:57:35,Asia/Ho_Chi_Minh (+07:00),public HTML/JSON-LD; OBS sitemap; WP-CLI published post fields,Cần kiểm tra,D01;D02;D09,one schema entity datePublished differs from WP post_date; one schema entity dateModified differs from WP post_modified; OG article time differs from corresponding WP date
https://mathanoibacninh.com/chuyen-khoa/mat-tre-em/kiem-soat-can-thi/,https://mathanoibacninh.com/chuyen-khoa/mat-tre-em/kiem-soat-can-thi/,200,page,22,,,,,,,2026-08-05T22:10:33+07:00,2026-08-05T22:10:33+07:00,2026-08-05T22:10:33+07:00,2026-08-05T22:10:33+07:00,"[{""@id"":"""",""@type"":""Article"",""datePublished"":""2026-08-05T22:10:33+07:00"",""dateModified"":""2026-08-05T22:10:33+07:00"",""dateReviewed"":"""",""lastReviewed"":"""",""script_index"":1}]",,,2026-08-05T22:10:33+07:00,2026-08-05T22:10:33+07:00,2026-08-05T22:10:33+00:00,2026-08-06T05:10:33+07:00,https://mathanoibacninh.com/obs-sitemap-pages.xml,2026-08-06 05:10:33,2026-08-06 05:10:33,Asia/Ho_Chi_Minh (+07:00),public HTML/JSON-LD; OBS sitemap; WP-CLI published post fields,Cần kiểm tra,D01;D02;D09,one schema entity datePublished differs from WP post_date; one schema entity dateModified differs from WP post_modified; OG article time differs from corresponding WP date
https://mathanoibacninh.com/chuyen-khoa/mat-tre-em/nhuoc-thi-lac/,https://mathanoibacninh.com/chuyen-khoa/mat-tre-em/nhuoc-thi-lac/,200,page,23,,,,,,,2026-08-05T22:10:33+07:00,2026-08-05T22:10:33+07:00,2026-08-05T22:10:33+07:00,2026-08-05T22:10:33+07:00,"[{""@id"":"""",""@type"":""Article"",""datePublished"":""2026-08-05T22:10:33+07:00"",""dateModified"":""2026-08-05T22:10:33+07:00"",""dateReviewed"":"""",""lastReviewed"":"""",""script_index"":1}]",,,2026-08-05T22:10:33+07:00,2026-08-05T22:10:33+07:00,2026-08-05T22:10:33+00:00,2026-08-06T05:10:33+07:00,https://mathanoibacninh.com/obs-sitemap-pages.xml,2026-08-06 05:10:33,2026-08-06 05:10:33,Asia/Ho_Chi_Minh (+07:00),public HTML/JSON-LD; OBS sitemap; WP-CLI published post fields,Cần kiểm tra,D01;D02;D09,one schema entity datePublished differs from WP post_date; one schema entity dateModified differs from WP post_modified; OG article time differs from corresponding WP date
https://mathanoibacninh.com/chuyen-khoa/tat-khuc-xa/can-thi/,https://mathanoibacninh.com/chuyen-khoa/tat-khuc-xa/can-thi/,200,page,14,,Cập nhật 23/8/2026 ·5 phút đọc,23/8/2026,2026-08-23T10:00:00+07:00,2026-08-23T10:00:00+07:00,,2026-08-05T22:10:33+07:00,2026-08-05T22:10:33+07:00,2026-08-23T03:00:00+07:00,2026-08-23T03:00:00+07:00,"[{""@id"":"""",""@type"":""Article"",""datePublished"":""2026-08-05T22:10:33+07:00"",""dateModified"":""2026-08-23T03:00:00+07:00"",""dateReviewed"":"""",""lastReviewed"":"""",""script_index"":1}]",,,2026-08-05T22:10:33+07:00,2026-08-23T03:00:00+07:00,2026-08-23T03:00:00+00:00,2026-08-23T10:00:00+07:00,https://mathanoibacninh.com/obs-sitemap-pages.xml,2026-08-06 05:10:33,2026-08-23 10:00:00,Asia/Ho_Chi_Minh (+07:00),public HTML/JSON-LD; OBS sitemap; WP-CLI published post fields,Cần kiểm tra,D01;D02;D09,one schema entity datePublished differs from WP post_date; one schema entity dateModified differs from WP post_modified; OG article time differs from corresponding WP date
https://mathanoibacninh.com/chuyen-khoa/tat-khuc-xa/loan-thi/,https://mathanoibacninh.com/chuyen-khoa/tat-khuc-xa/loan-thi/,200,page,16,,Cập nhật 23/8/2026 ·5 phút đọc,23/8/2026,2026-08-23T10:00:00+07:00,2026-08-23T10:00:00+07:00,,2026-08-05T22:10:33+07:00,2026-08-05T22:10:33+07:00,2026-08-23T03:00:00+07:00,2026-08-23T03:00:00+07:00,"[{""@id"":"""",""@type"":""Article"",""datePublished"":""2026-08-05T22:10:33+07:00"",""dateModified"":""2026-08-23T03:00:00+07:00"",""dateReviewed"":"""",""lastReviewed"":"""",""script_index"":1}]",,,2026-08-05T22:10:33+07:00,2026-08-23T03:00:00+07:00,2026-08-23T03:00:00+00:00,2026-08-23T10:00:00+07:00,https://mathanoibacninh.com/obs-sitemap-pages.xml,2026-08-06 05:10:33,2026-08-23 10:00:00,Asia/Ho_Chi_Minh (+07:00),public HTML/JSON-LD; OBS sitemap; WP-CLI published post fields,Cần kiểm tra,D01;D02;D09,one schema entity datePublished differs from WP post_date; one schema entity dateModified differs from WP post_modified; OG article time differs from corresponding WP date
https://mathanoibacninh.com/chuyen-khoa/tat-khuc-xa/vien-thi/,https://mathanoibacninh.com/chuyen-khoa/tat-khuc-xa/vien-thi/,200,page,15,,Cập nhật 23/8/2026 ·6 phút đọc,23/8/2026,2026-08-23T10:00:00+07:00,2026-08-23T10:00:00+07:00,,2026-08-05T22:10:33+07:00,2026-08-05T22:10:33+07:00,2026-08-23T03:00:00+07:00,2026-08-23T03:00:00+07:00,"[{""@id"":"""",""@type"":""Article"",""datePublished"":""2026-08-05T22:10:33+07:00"",""dateModified"":""2026-08-23T03:00:00+07:00"",""dateReviewed"":"""",""lastReviewed"":"""",""script_index"":1}]",,,2026-08-05T22:10:33+07:00,2026-08-23T03:00:00+07:00,2026-08-23T03:00:00+00:00,2026-08-23T10:00:00+07:00,https://mathanoibacninh.com/obs-sitemap-pages.xml,2026-08-06 05:10:33,2026-08-23 10:00:00,Asia/Ho_Chi_Minh (+07:00),public HTML/JSON-LD; OBS sitemap; WP-CLI published post fields,Cần kiểm tra,D01;D02;D09,one schema entity datePublished differs from WP post_date; one schema entity dateModified differs from WP post_modified; OG article time differs from corresponding WP date
https://mathanoibacninh.com/dat-lich-kham/,https://mathanoibacninh.com/dat-lich-kham/,200,page,57,,,,,,,2026-08-05T22:10:33+07:00,2026-08-05T22:10:33+07:00,2026-10-01T02:12:47+07:00,2026-10-01T02:12:47+07:00,"[{""@id"":"""",""@type"":""Article"",""datePublished"":""2026-08-05T22:10:33+07:00"",""dateModified"":""2026-10-01T02:12:47+07:00"",""dateReviewed"":"""",""lastReviewed"":"""",""script_index"":1}]",,,2026-08-05T22:10:33+07:00,2026-10-01T02:12:47+07:00,2026-10-01T02:12:47+00:00,2026-10-01T09:12:47+07:00,https://mathanoibacninh.com/obs-sitemap-pages.xml,2026-08-06 05:10:33,2026-10-01 09:12:47,Asia/Ho_Chi_Minh (+07:00),public HTML/JSON-LD; OBS sitemap; WP-CLI published post fields,Cần kiểm tra,D01;D02;D09,one schema entity datePublished differs from WP post_date; one schema entity dateModified differs from WP post_modified; OG article time differs from corresponding WP date
https://mathanoibacninh.com/dat-lich-thanh-cong/,https://mathanoibacninh.com/dat-lich-thanh-cong/,200,page,64,,,,,,,2026-08-05T22:10:33+07:00,2026-08-05T22:10:33+07:00,2026-08-05T22:10:33+07:00,2026-08-05T22:10:33+07:00,"[{""@id"":"""",""@type"":""Article"",""datePublished"":""2026-08-05T22:10:33+07:00"",""dateModified"":""2026-08-05T22:10:33+07:00"",""dateReviewed"":"""",""lastReviewed"":"""",""script_index"":1}]",,,2026-08-05T22:10:33+07:00,2026-08-05T22:10:33+07:00,,,,2026-08-06 05:10:33,2026-08-06 05:10:33,Asia/Ho_Chi_Minh (+07:00),public HTML/JSON-LD; OBS sitemap; WP-CLI published post fields,Cần kiểm tra,D01;D02;D09,one schema entity datePublished differs from WP post_date; one schema entity dateModified differs from WP post_modified; OG article time differs from corresponding WP date
https://mathanoibacninh.com/dich-vu/,https://mathanoibacninh.com/dich-vu/,200,page,25,,,,,,,2026-08-11T02:15:45+07:00,2026-08-11T02:15:45+07:00,2026-08-11T02:15:45+07:00,2026-08-11T02:15:45+07:00,"[{""@id"":"""",""@type"":""Article"",""datePublished"":""2026-08-11T02:15:45+07:00"",""dateModified"":""2026-08-11T02:15:45+07:00"",""dateReviewed"":"""",""lastReviewed"":"""",""script_index"":1}]",,,2026-08-11T02:15:45+07:00,2026-08-11T02:15:45+07:00,2026-08-11T02:15:45+00:00,2026-08-11T09:15:45+07:00,https://mathanoibacninh.com/obs-sitemap-pages.xml,2026-08-11 09:15:45,2026-08-11 09:15:45,Asia/Ho_Chi_Minh (+07:00),public HTML/JSON-LD; OBS sitemap; WP-CLI published post fields,Cần kiểm tra,D01;D02;D09,one schema entity datePublished differs from WP post_date; one schema entity dateModified differs from WP post_modified; OG article time differs from corresponding WP date
https://mathanoibacninh.com/dich-vu/chan-doan-nhan-khoa/,https://mathanoibacninh.com/dich-vu/chan-doan-nhan-khoa/,200,page,362,,Cập nhật nội dung: 11/08/2026,11/08/2026,2026-08-11T10:07:59+07:00,2026-08-11T10:07:59+07:00,,2026-08-11T09:15:48+07:00,2026-08-11T09:15:48+07:00,2026-08-11T10:07:59+07:00,2026-08-11T10:07:59+07:00,"[{""@id"":""https://mathanoibacninh.com/dich-vu/chan-doan-nhan-khoa/#noi-dung-y-khoa"",""@type"":""MedicalWebPage"",""datePublished"":""2026-08-11T09:15:48+07:00"",""dateModified"":""2026-08-11T10:07:59+07:00"",""dateReviewed"":"""",""lastReviewed"":"""",""script_index"":0},{""@id"":"""",""@type"":""Article"",""datePublished"":""2026-08-11T02:15:48+07:00"",""dateModified"":""2026-08-11T03:07:59+07:00"",""dateReviewed"":"""",""lastReviewed"":"""",""script_index"":1}]",,,2026-08-11T02:15:48+07:00,2026-08-11T03:07:59+07:00,2026-08-11T03:07:59+00:00,2026-08-11T10:07:59+07:00,https://mathanoibacninh.com/obs-sitemap-pages.xml,2026-08-11 09:15:48,2026-08-11 10:07:59,Asia/Ho_Chi_Minh (+07:00),public HTML/JSON-LD; OBS sitemap; WP-CLI published post fields,Cần kiểm tra,D01;D02;D09,one schema entity datePublished differs from WP post_date; one schema entity dateModified differs from WP post_modified; OG article time differs from corresponding WP date
https://mathanoibacninh.com/dich-vu/kham-mat-tong-quat/,https://mathanoibacninh.com/dich-vu/kham-mat-tong-quat/,200,page,26,,Cập nhật nội dung: 11/08/2026,11/08/2026,2026-08-11T10:07:58+07:00,2026-08-11T10:07:58+07:00,,2026-08-11T09:15:47+07:00,2026-08-11T09:15:47+07:00,2026-08-11T10:07:58+07:00,2026-08-11T10:07:58+07:00,"[{""@id"":""https://mathanoibacninh.com/dich-vu/kham-mat-tong-quat/#noi-dung-y-khoa"",""@type"":""MedicalWebPage"",""datePublished"":""2026-08-11T09:15:47+07:00"",""dateModified"":""2026-08-11T10:07:58+07:00"",""dateReviewed"":"""",""lastReviewed"":"""",""script_index"":0},{""@id"":"""",""@type"":""Article"",""datePublished"":""2026-08-11T02:15:47+07:00"",""dateModified"":""2026-08-11T03:07:58+07:00"",""dateReviewed"":"""",""lastReviewed"":"""",""script_index"":1}]",,,2026-08-11T02:15:47+07:00,2026-08-11T03:07:58+07:00,2026-08-11T03:07:58+00:00,2026-08-11T10:07:58+07:00,https://mathanoibacninh.com/obs-sitemap-pages.xml,2026-08-11 09:15:47,2026-08-11 10:07:58,Asia/Ho_Chi_Minh (+07:00),public HTML/JSON-LD; OBS sitemap; WP-CLI published post fields,Cần kiểm tra,D01;D02;D09,one schema entity datePublished differs from WP post_date; one schema entity dateModified differs from WP post_modified; OG article time differs from corresponding WP date
https://mathanoibacninh.com/dich-vu/mi-mat-le-dao/,https://mathanoibacninh.com/dich-vu/mi-mat-le-dao/,200,page,367,,Cập nhật nội dung: 11/08/2026,11/08/2026,2026-08-11T10:08:03+07:00,2026-08-11T10:08:03+07:00,,2026-08-11T09:15:51+07:00,2026-08-11T09:15:51+07:00,2026-08-11T10:08:03+07:00,2026-08-11T10:08:03+07:00,"[{""@id"":""https://mathanoibacninh.com/dich-vu/mi-mat-le-dao/#noi-dung-y-khoa"",""@type"":""MedicalWebPage"",""datePublished"":""2026-08-11T09:15:51+07:00"",""dateModified"":""2026-08-11T10:08:03+07:00"",""dateReviewed"":"""",""lastReviewed"":"""",""script_index"":0},{""@id"":"""",""@type"":""Article"",""datePublished"":""2026-08-11T02:15:51+07:00"",""dateModified"":""2026-08-11T03:08:03+07:00"",""dateReviewed"":"""",""lastReviewed"":"""",""script_index"":1}]",,,2026-08-11T02:15:51+07:00,2026-08-11T03:08:03+07:00,2026-08-11T03:08:03+00:00,2026-08-11T10:08:03+07:00,https://mathanoibacninh.com/obs-sitemap-pages.xml,2026-08-11 09:15:51,2026-08-11 10:08:03,Asia/Ho_Chi_Minh (+07:00),public HTML/JSON-LD; OBS sitemap; WP-CLI published post fields,Cần kiểm tra,D01;D02;D09,one schema entity datePublished differs from WP post_date; one schema entity dateModified differs from WP post_modified; OG article time differs from corresponding WP date
https://mathanoibacninh.com/dich-vu/phau-thuat-khuc-xa/,https://mathanoibacninh.com/dich-vu/phau-thuat-khuc-xa/,200,page,27,,Cập nhật nội dung: 11/08/2026,11/08/2026,2026-08-11T10:08:01+07:00,2026-08-11T10:08:01+07:00,,2026-08-11T09:15:49+07:00,2026-08-11T09:15:49+07:00,2026-08-11T10:08:01+07:00,2026-08-11T10:08:01+07:00,"[{""@id"":""https://mathanoibacninh.com/dich-vu/phau-thuat-khuc-xa/#noi-dung-y-khoa"",""@type"":""MedicalWebPage"",""datePublished"":""2026-08-11T09:15:49+07:00"",""dateModified"":""2026-08-11T10:08:01+07:00"",""dateReviewed"":"""",""lastReviewed"":"""",""script_index"":0},{""@id"":"""",""@type"":""Article"",""datePublished"":""2026-08-11T02:15:49+07:00"",""dateModified"":""2026-08-11T03:08:01+07:00"",""dateReviewed"":"""",""lastReviewed"":"""",""script_index"":1}]",,,2026-08-11T02:15:49+07:00,2026-08-11T03:08:01+07:00,2026-08-11T03:08:01+00:00,2026-08-11T10:08:01+07:00,https://mathanoibacninh.com/obs-sitemap-pages.xml,2026-08-11 09:15:49,2026-08-11 10:08:01,Asia/Ho_Chi_Minh (+07:00),public HTML/JSON-LD; OBS sitemap; WP-CLI published post fields,Cần kiểm tra,D01;D02;D09,one schema entity datePublished differs from WP post_date; one schema entity dateModified differs from WP post_modified; OG article time differs from corresponding WP date
https://mathanoibacninh.com/dich-vu/phau-thuat-mong/,https://mathanoibacninh.com/dich-vu/phau-thuat-mong/,200,page,365,,Cập nhật nội dung: 11/08/2026,11/08/2026,2026-08-11T10:08:02+07:00,2026-08-11T10:08:02+07:00,,2026-08-11T09:15:50+07:00,2026-08-11T09:15:50+07:00,2026-08-11T10:08:02+07:00,2026-08-11T10:08:02+07:00,"[{""@id"":""https://mathanoibacninh.com/dich-vu/phau-thuat-mong/#noi-dung-y-khoa"",""@type"":""MedicalWebPage"",""datePublished"":""2026-08-11T09:15:50+07:00"",""dateModified"":""2026-08-11T10:08:02+07:00"",""dateReviewed"":"""",""lastReviewed"":"""",""script_index"":0},{""@id"":"""",""@type"":""Article"",""datePublished"":""2026-08-11T02:15:50+07:00"",""dateModified"":""2026-08-11T03:08:02+07:00"",""dateReviewed"":"""",""lastReviewed"":"""",""script_index"":1}]",,,2026-08-11T02:15:50+07:00,2026-08-11T03:08:02+07:00,2026-08-11T03:08:02+00:00,2026-08-11T10:08:02+07:00,https://mathanoibacninh.com/obs-sitemap-pages.xml,2026-08-11 09:15:50,2026-08-11 10:08:02,Asia/Ho_Chi_Minh (+07:00),public HTML/JSON-LD; OBS sitemap; WP-CLI published post fields,Cần kiểm tra,D01;D02;D09,one schema entity datePublished differs from WP post_date; one schema entity dateModified differs from WP post_modified; OG article time differs from corresponding WP date
https://mathanoibacninh.com/dich-vu/phau-thuat-phaco/,https://mathanoibacninh.com/dich-vu/phau-thuat-phaco/,200,page,31,,Cập nhật nội dung: 11/08/2026,11/08/2026,2026-08-11T10:08:00+07:00,2026-08-11T10:08:00+07:00,,2026-08-11T09:15:49+07:00,2026-08-11T09:15:49+07:00,2026-08-11T10:08:00+07:00,2026-08-11T10:08:00+07:00,"[{""@id"":""https://mathanoibacninh.com/dich-vu/phau-thuat-phaco/#noi-dung-y-khoa"",""@type"":""MedicalWebPage"",""datePublished"":""2026-08-11T09:15:49+07:00"",""dateModified"":""2026-08-11T10:08:00+07:00"",""dateReviewed"":"""",""lastReviewed"":"""",""script_index"":0},{""@id"":"""",""@type"":""Article"",""datePublished"":""2026-08-11T02:15:49+07:00"",""dateModified"":""2026-08-11T03:08:00+07:00"",""dateReviewed"":"""",""lastReviewed"":"""",""script_index"":1}]",,,2026-08-11T02:15:49+07:00,2026-08-11T03:08:00+07:00,2026-08-11T03:08:00+00:00,2026-08-11T10:08:00+07:00,https://mathanoibacninh.com/obs-sitemap-pages.xml,2026-08-11 09:15:49,2026-08-11 10:08:00,Asia/Ho_Chi_Minh (+07:00),public HTML/JSON-LD; OBS sitemap; WP-CLI published post fields,Cần kiểm tra,D01;D02;D09,one schema entity datePublished differs from WP post_date; one schema entity dateModified differs from WP post_modified; OG article time differs from corresponding WP date
https://mathanoibacninh.com/dich-vu/phau-thuat-quem/,https://mathanoibacninh.com/dich-vu/phau-thuat-quem/,200,page,366,,Cập nhật nội dung: 11/08/2026,11/08/2026,2026-08-11T10:08:02+07:00,2026-08-11T10:08:02+07:00,,2026-08-11T09:15:51+07:00,2026-08-11T09:15:51+07:00,2026-08-11T10:08:02+07:00,2026-08-11T10:08:02+07:00,"[{""@id"":""https://mathanoibacninh.com/dich-vu/phau-thuat-quem/#noi-dung-y-khoa"",""@type"":""MedicalWebPage"",""datePublished"":""2026-08-11T09:15:51+07:00"",""dateModified"":""2026-08-11T10:08:02+07:00"",""dateReviewed"":"""",""lastReviewed"":"""",""script_index"":0},{""@id"":"""",""@type"":""Article"",""datePublished"":""2026-08-11T02:15:51+07:00"",""dateModified"":""2026-08-11T03:08:02+07:00"",""dateReviewed"":"""",""lastReviewed"":"""",""script_index"":1}]",,,2026-08-11T02:15:51+07:00,2026-08-11T03:08:02+07:00,2026-08-11T03:08:02+00:00,2026-08-11T10:08:02+07:00,https://mathanoibacninh.com/obs-sitemap-pages.xml,2026-08-11 09:15:51,2026-08-11 10:08:02,Asia/Ho_Chi_Minh (+07:00),public HTML/JSON-LD; OBS sitemap; WP-CLI published post fields,Cần kiểm tra,D01;D02;D09,one schema entity datePublished differs from WP post_date; one schema entity dateModified differs from WP post_modified; OG article time differs from corresponding WP date
https://mathanoibacninh.com/dich-vu/xet-nghiem-truoc-phau-thuat/,https://mathanoibacninh.com/dich-vu/xet-nghiem-truoc-phau-thuat/,200,page,368,,Cập nhật nội dung: 11/08/2026,11/08/2026,2026-08-11T10:08:04+07:00,2026-08-11T10:08:04+07:00,,2026-08-11T09:15:52+07:00,2026-08-11T09:15:52+07:00,2026-08-11T10:08:04+07:00,2026-08-11T10:08:04+07:00,"[{""@id"":""https://mathanoibacninh.com/dich-vu/xet-nghiem-truoc-phau-thuat/#noi-dung-y-khoa"",""@type"":""MedicalWebPage"",""datePublished"":""2026-08-11T09:15:52+07:00"",""dateModified"":""2026-08-11T10:08:04+07:00"",""dateReviewed"":"""",""lastReviewed"":"""",""script_index"":0},{""@id"":"""",""@type"":""Article"",""datePublished"":""2026-08-11T02:15:52+07:00"",""dateModified"":""2026-08-11T03:08:04+07:00"",""dateReviewed"":"""",""lastReviewed"":"""",""script_index"":1}]",,,2026-08-11T02:15:52+07:00,2026-08-11T03:08:04+07:00,2026-08-11T03:08:04+00:00,2026-08-11T10:08:04+07:00,https://mathanoibacninh.com/obs-sitemap-pages.xml,2026-08-11 09:15:52,2026-08-11 10:08:04,Asia/Ho_Chi_Minh (+07:00),public HTML/JSON-LD; OBS sitemap; WP-CLI published post fields,Cần kiểm tra,D01;D02;D09,one schema entity datePublished differs from WP post_date; one schema entity dateModified differs from WP post_modified; OG article time differs from corresponding WP date
https://mathanoibacninh.com/doi-ngu-bac-si/,https://mathanoibacninh.com/doi-ngu-bac-si/,200,page,11,,,,,,,2026-08-06T05:10:33+07:00,2026-08-06T05:10:33+07:00,2026-10-01T09:12:49+07:00,2026-10-01T09:12:49+07:00,"[{""@id"":""https://mathanoibacninh.com/doi-ngu-bac-si/#noi-dung-y-khoa"",""@type"":""MedicalWebPage"",""datePublished"":""2026-08-06T05:10:33+07:00"",""dateModified"":""2026-10-01T09:12:49+07:00"",""dateReviewed"":"""",""lastReviewed"":"""",""script_index"":0},{""@id"":"""",""@type"":""Article"",""datePublished"":""2026-08-05T22:10:33+07:00"",""dateModified"":""2026-10-01T02:12:49+07:00"",""dateReviewed"":"""",""lastReviewed"":"""",""script_index"":1}]",,,2026-08-05T22:10:33+07:00,2026-10-01T02:12:49+07:00,2026-10-01T02:12:49+00:00,2026-10-01T09:12:49+07:00,https://mathanoibacninh.com/obs-sitemap-pages.xml,2026-08-06 05:10:33,2026-10-01 09:12:49,Asia/Ho_Chi_Minh (+07:00),public HTML/JSON-LD; OBS sitemap; WP-CLI published post fields,Cần kiểm tra,D01;D02;D09,one schema entity datePublished differs from WP post_date; one schema entity dateModified differs from WP post_modified; OG article time differs from corresponding WP date
https://mathanoibacninh.com/gioi-thieu/,https://mathanoibacninh.com/gioi-thieu/,200,page,6,,,,,,,,,,,[],,,2026-08-05T22:10:33+07:00,2026-10-01T02:12:45+07:00,2026-10-01T02:12:45+00:00,2026-10-01T09:12:45+07:00,https://mathanoibacninh.com/obs-sitemap-pages.xml,2026-08-06 05:10:33,2026-10-01 09:12:45,Asia/Ho_Chi_Minh (+07:00),public HTML/JSON-LD; OBS sitemap; WP-CLI published post fields,Cần kiểm tra,D09,OG article time differs from corresponding WP date
https://mathanoibacninh.com/gioi-thieu/co-so-vat-chat/,https://mathanoibacninh.com/gioi-thieu/co-so-vat-chat/,200,page,8,,,,,,,2026-08-05T22:10:33+07:00,2026-08-05T22:10:33+07:00,2026-08-05T22:10:33+07:00,2026-08-05T22:10:33+07:00,"[{""@id"":"""",""@type"":""Article"",""datePublished"":""2026-08-05T22:10:33+07:00"",""dateModified"":""2026-08-05T22:10:33+07:00"",""dateReviewed"":"""",""lastReviewed"":"""",""script_index"":1}]",,,2026-08-05T22:10:33+07:00,2026-08-05T22:10:33+07:00,2026-08-05T22:10:33+00:00,2026-08-06T05:10:33+07:00,https://mathanoibacninh.com/obs-sitemap-pages.xml,2026-08-06 05:10:33,2026-08-06 05:10:33,Asia/Ho_Chi_Minh (+07:00),public HTML/JSON-LD; OBS sitemap; WP-CLI published post fields,Cần kiểm tra,D01;D02;D09,one schema entity datePublished differs from WP post_date; one schema entity dateModified differs from WP post_modified; OG article time differs from corresponding WP date
https://mathanoibacninh.com/gioi-thieu/ho-so-phap-ly/,https://mathanoibacninh.com/gioi-thieu/ho-so-phap-ly/,200,page,10,,,,,,,2026-08-05T22:10:33+07:00,2026-08-05T22:10:33+07:00,2026-08-05T22:10:33+07:00,2026-08-05T22:10:33+07:00,"[{""@id"":"""",""@type"":""Article"",""datePublished"":""2026-08-05T22:10:33+07:00"",""dateModified"":""2026-08-05T22:10:33+07:00"",""dateReviewed"":"""",""lastReviewed"":"""",""script_index"":1}]",,,2026-08-05T22:10:33+07:00,2026-08-05T22:10:33+07:00,,,,2026-08-06 05:10:33,2026-08-06 05:10:33,Asia/Ho_Chi_Minh (+07:00),public HTML/JSON-LD; OBS sitemap; WP-CLI published post fields,Cần kiểm tra,D01;D02;D09,one schema entity datePublished differs from WP post_date; one schema entity dateModified differs from WP post_modified; OG article time differs from corresponding WP date
https://mathanoibacninh.com/gioi-thieu/tam-nhin-gia-tri/,https://mathanoibacninh.com/gioi-thieu/tam-nhin-gia-tri/,200,page,7,,,,,,,2026-08-05T22:10:33+07:00,2026-08-05T22:10:33+07:00,2026-08-05T22:10:33+07:00,2026-08-05T22:10:33+07:00,"[{""@id"":"""",""@type"":""Article"",""datePublished"":""2026-08-05T22:10:33+07:00"",""dateModified"":""2026-08-05T22:10:33+07:00"",""dateReviewed"":"""",""lastReviewed"":"""",""script_index"":1}]",,,2026-08-05T22:10:33+07:00,2026-08-05T22:10:33+07:00,,,,2026-08-06 05:10:33,2026-08-06 05:10:33,Asia/Ho_Chi_Minh (+07:00),public HTML/JSON-LD; OBS sitemap; WP-CLI published post fields,Cần kiểm tra,D01;D02;D09,one schema entity datePublished differs from WP post_date; one schema entity dateModified differs from WP post_modified; OG article time differs from corresponding WP date
https://mathanoibacninh.com/gioi-thieu/trang-thiet-bi/,https://mathanoibacninh.com/gioi-thieu/trang-thiet-bi/,200,page,9,,,,,,,2026-08-05T22:10:33+07:00,2026-08-05T22:10:33+07:00,2026-08-05T22:10:33+07:00,2026-08-05T22:10:33+07:00,"[{""@id"":"""",""@type"":""Article"",""datePublished"":""2026-08-05T22:10:33+07:00"",""dateModified"":""2026-08-05T22:10:33+07:00"",""dateReviewed"":"""",""lastReviewed"":"""",""script_index"":1}]",,,2026-08-05T22:10:33+07:00,2026-08-05T22:10:33+07:00,2026-08-05T22:10:33+00:00,2026-08-06T05:10:33+07:00,https://mathanoibacninh.com/obs-sitemap-pages.xml,2026-08-06 05:10:33,2026-08-06 05:10:33,Asia/Ho_Chi_Minh (+07:00),public HTML/JSON-LD; OBS sitemap; WP-CLI published post fields,Cần kiểm tra,D01;D02;D09,one schema entity datePublished differs from WP post_date; one schema entity dateModified differs from WP post_modified; OG article time differs from corresponding WP date
https://mathanoibacninh.com/hoi-dap/,https://mathanoibacninh.com/hoi-dap/,200,page,47,,,,,,,2026-08-05T22:10:33+07:00,2026-08-05T22:10:33+07:00,2026-08-05T22:10:33+07:00,2026-08-05T22:10:33+07:00,"[{""@id"":"""",""@type"":""Article"",""datePublished"":""2026-08-05T22:10:33+07:00"",""dateModified"":""2026-08-05T22:10:33+07:00"",""dateReviewed"":"""",""lastReviewed"":"""",""script_index"":1}]",,,2026-08-05T22:10:33+07:00,2026-08-05T22:10:33+07:00,2026-08-05T22:10:33+00:00,2026-08-06T05:10:33+07:00,https://mathanoibacninh.com/obs-sitemap-pages.xml,2026-08-06 05:10:33,2026-08-06 05:10:33,Asia/Ho_Chi_Minh (+07:00),public HTML/JSON-LD; OBS sitemap; WP-CLI published post fields,Cần kiểm tra,D01;D02;D09,one schema entity datePublished differs from WP post_date; one schema entity dateModified differs from WP post_modified; OG article time differs from corresponding WP date
https://mathanoibacninh.com/hoi-dap/hoi-dap-mat-tre-em/,https://mathanoibacninh.com/hoi-dap/hoi-dap-mat-tre-em/,200,page,51,,Cập nhật nội dung: 10/08/2026,10/08/2026,2026-08-10T10:02:33+07:00,2026-08-10T10:02:33+07:00,,2026-08-06T05:10:33+07:00,2026-08-06T05:10:33+07:00,2026-08-10T10:02:33+07:00,2026-08-10T10:02:33+07:00,"[{""@id"":""https://mathanoibacninh.com/hoi-dap/hoi-dap-mat-tre-em/#noi-dung-y-khoa"",""@type"":""MedicalWebPage"",""datePublished"":""2026-08-06T05:10:33+07:00"",""dateModified"":""2026-08-10T10:02:33+07:00"",""dateReviewed"":"""",""lastReviewed"":"""",""script_index"":0},{""@id"":"""",""@type"":""Article"",""datePublished"":""2026-08-05T22:10:33+07:00"",""dateModified"":""2026-08-10T03:02:33+07:00"",""dateReviewed"":"""",""lastReviewed"":"""",""script_index"":1}]",,,2026-08-05T22:10:33+07:00,2026-08-10T03:02:33+07:00,2026-08-10T03:02:33+00:00,2026-08-10T10:02:33+07:00,https://mathanoibacninh.com/obs-sitemap-pages.xml,2026-08-06 05:10:33,2026-08-10 10:02:33,Asia/Ho_Chi_Minh (+07:00),public HTML/JSON-LD; OBS sitemap; WP-CLI published post fields,Cần kiểm tra,D01;D02;D09,one schema entity datePublished differs from WP post_date; one schema entity dateModified differs from WP post_modified; OG article time differs from corresponding WP date
https://mathanoibacninh.com/hoi-dap/mo-mat-va-hoi-phuc/,https://mathanoibacninh.com/hoi-dap/mo-mat-va-hoi-phuc/,200,page,49,,Cập nhật nội dung: 10/08/2026,10/08/2026,2026-08-10T10:02:34+07:00,2026-08-10T10:02:34+07:00,,2026-08-06T05:10:33+07:00,2026-08-06T05:10:33+07:00,2026-08-10T10:02:34+07:00,2026-08-10T10:02:34+07:00,"[{""@id"":""https://mathanoibacninh.com/hoi-dap/mo-mat-va-hoi-phuc/#noi-dung-y-khoa"",""@type"":""MedicalWebPage"",""datePublished"":""2026-08-06T05:10:33+07:00"",""dateModified"":""2026-08-10T10:02:34+07:00"",""dateReviewed"":"""",""lastReviewed"":"""",""script_index"":0},{""@id"":"""",""@type"":""Article"",""datePublished"":""2026-08-05T22:10:33+07:00"",""dateModified"":""2026-08-10T03:02:34+07:00"",""dateReviewed"":"""",""lastReviewed"":"""",""script_index"":1}]",,,2026-08-05T22:10:33+07:00,2026-08-10T03:02:34+07:00,2026-08-10T03:02:34+00:00,2026-08-10T10:02:34+07:00,https://mathanoibacninh.com/obs-sitemap-pages.xml,2026-08-06 05:10:33,2026-08-10 10:02:34,Asia/Ho_Chi_Minh (+07:00),public HTML/JSON-LD; OBS sitemap; WP-CLI published post fields,Cần kiểm tra,D01;D02;D09,one schema entity datePublished differs from WP post_date; one schema entity dateModified differs from WP post_modified; OG article time differs from corresponding WP date
https://mathanoibacninh.com/hoi-dap/truoc-khi-di-kham/,https://mathanoibacninh.com/hoi-dap/truoc-khi-di-kham/,200,page,48,,Cập nhật nội dung: 10/08/2026,10/08/2026,2026-08-10T10:02:35+07:00,2026-08-10T10:02:35+07:00,,2026-08-06T05:10:33+07:00,2026-08-06T05:10:33+07:00,2026-08-10T10:02:35+07:00,2026-08-10T10:02:35+07:00,"[{""@id"":""https://mathanoibacninh.com/hoi-dap/truoc-khi-di-kham/#noi-dung-y-khoa"",""@type"":""MedicalWebPage"",""datePublished"":""2026-08-06T05:10:33+07:00"",""dateModified"":""2026-08-10T10:02:35+07:00"",""dateReviewed"":"""",""lastReviewed"":"""",""script_index"":0},{""@id"":"""",""@type"":""Article"",""datePublished"":""2026-08-05T22:10:33+07:00"",""dateModified"":""2026-08-10T03:02:35+07:00"",""dateReviewed"":"""",""lastReviewed"":"""",""script_index"":1}]",,,2026-08-05T22:10:33+07:00,2026-08-10T03:02:35+07:00,2026-08-10T03:02:35+00:00,2026-08-10T10:02:35+07:00,https://mathanoibacninh.com/obs-sitemap-pages.xml,2026-08-06 05:10:33,2026-08-10 10:02:35,Asia/Ho_Chi_Minh (+07:00),public HTML/JSON-LD; OBS sitemap; WP-CLI published post fields,Cần kiểm tra,D01;D02;D09,one schema entity datePublished differs from WP post_date; one schema entity dateModified differs from WP post_modified; OG article time differs from corresponding WP date
https://mathanoibacninh.com/khu-vuc/,https://mathanoibacninh.com/khu-vuc/,200,page,54,,,,,,"Thông tin địa lý được trích từ văn bản nhà nước, tách khỏi thông tin y khoa. Thông tin y khoa được viết từ tài liệu chuyên ngành có thể kiểm chứng và liên kết đến bài giải thích sâu hơn. Trang không g",,,,,[],,,,,2026-10-03T01:32:47+00:00,2026-10-03T08:32:47+07:00,https://mathanoibacninh.com/obs-sitemap-pages.xml,2026-08-06 05:10:33,2026-10-03 08:32:47,Asia/Ho_Chi_Minh (+07:00),public HTML/JSON-LD; OBS sitemap; WP-CLI published post fields,Khớp/không có ngày áp dụng,,
https://mathanoibacninh.com/khu-vuc/kham-mat-bac-giang/,https://mathanoibacninh.com/khu-vuc/kham-mat-bac-giang/,200,page,55,,,,,,,,,,,[],,,,,2026-10-03T01:32:47+00:00,2026-10-03T08:32:47+07:00,https://mathanoibacninh.com/obs-sitemap-pages.xml,2026-08-06 05:10:33,2026-10-03 08:32:47,Asia/Ho_Chi_Minh (+07:00),public HTML/JSON-LD; OBS sitemap; WP-CLI published post fields,Khớp/không có ngày áp dụng,,
https://mathanoibacninh.com/khu-vuc/kham-mat-bac-giang/phuong-bac-giang/,https://mathanoibacninh.com/khu-vuc/kham-mat-bac-giang/phuong-bac-giang/,200,page,1334,,,,,,,,,,,[],,,,,2026-09-24T15:13:32+00:00,2026-09-24T22:13:32+07:00,https://mathanoibacninh.com/obs-sitemap-pages.xml,2026-09-24 22:13:32,2026-09-24 22:13:32,Asia/Ho_Chi_Minh (+07:00),public HTML/JSON-LD; OBS sitemap; WP-CLI published post fields,Khớp/không có ngày áp dụng,,
https://mathanoibacninh.com/khu-vuc/kham-mat-bac-giang/phuong-canh-thuy/,https://mathanoibacninh.com/khu-vuc/kham-mat-bac-giang/phuong-canh-thuy/,200,page,1340,,,,,,,,,,,[],,,,,2026-09-24T15:13:37+00:00,2026-09-24T22:13:37+07:00,https://mathanoibacninh.com/obs-sitemap-pages.xml,2026-09-24 22:13:37,2026-09-24 22:13:37,Asia/Ho_Chi_Minh (+07:00),public HTML/JSON-LD; OBS sitemap; WP-CLI published post fields,Khớp/không có ngày áp dụng,,
https://mathanoibacninh.com/khu-vuc/kham-mat-bac-giang/phuong-chu/,https://mathanoibacninh.com/khu-vuc/kham-mat-bac-giang/phuong-chu/,200,page,1328,,,,,,,,,,,[],,,,,2026-09-24T15:13:27+00:00,2026-09-24T22:13:27+07:00,https://mathanoibacninh.com/obs-sitemap-pages.xml,2026-09-24 22:13:27,2026-09-24 22:13:27,Asia/Ho_Chi_Minh (+07:00),public HTML/JSON-LD; OBS sitemap; WP-CLI published post fields,Khớp/không có ngày áp dụng,,
https://mathanoibacninh.com/khu-vuc/kham-mat-bac-giang/phuong-da-mai/,https://mathanoibacninh.com/khu-vuc/kham-mat-bac-giang/phuong-da-mai/,200,page,1335,,,,,,,,,,,[],,,,,2026-09-24T15:13:33+00:00,2026-09-24T22:13:33+07:00,https://mathanoibacninh.com/obs-sitemap-pages.xml,2026-09-24 22:13:33,2026-09-24 22:13:33,Asia/Ho_Chi_Minh (+07:00),public HTML/JSON-LD; OBS sitemap; WP-CLI published post fields,Khớp/không có ngày áp dụng,,
https://mathanoibacninh.com/khu-vuc/kham-mat-bac-giang/phuong-nenh/,https://mathanoibacninh.com/khu-vuc/kham-mat-bac-giang/phuong-nenh/,200,page,1332,,,,,,,,,,,[],,,,,2026-09-24T15:13:31+00:00,2026-09-24T22:13:31+07:00,https://mathanoibacninh.com/obs-sitemap-pages.xml,2026-09-24 22:13:31,2026-09-24 22:13:31,Asia/Ho_Chi_Minh (+07:00),public HTML/JSON-LD; OBS sitemap; WP-CLI published post fields,Khớp/không có ngày áp dụng,,
https://mathanoibacninh.com/khu-vuc/kham-mat-bac-giang/phuong-phuong-son/,https://mathanoibacninh.com/khu-vuc/kham-mat-bac-giang/phuong-phuong-son/,200,page,1329,,,,,,,,,,,[],,,,,2026-09-24T15:13:28+00:00,2026-09-24T22:13:28+07:00,https://mathanoibacninh.com/obs-sitemap-pages.xml,2026-09-24 22:13:28,2026-09-24 22:13:28,Asia/Ho_Chi_Minh (+07:00),public HTML/JSON-LD; OBS sitemap; WP-CLI published post fields,Khớp/không có ngày áp dụng,,
https://mathanoibacninh.com/khu-vuc/kham-mat-bac-giang/phuong-tan-an/,https://mathanoibacninh.com/khu-vuc/kham-mat-bac-giang/phuong-tan-an/,200,page,1337,,,,,,,,,,,[],,,,,2026-09-24T15:13:35+00:00,2026-09-24T22:13:35+07:00,https://mathanoibacninh.com/obs-sitemap-pages.xml,2026-09-24 22:13:35,2026-09-24 22:13:35,Asia/Ho_Chi_Minh (+07:00),public HTML/JSON-LD; OBS sitemap; WP-CLI published post fields,Khớp/không có ngày áp dụng,,
https://mathanoibacninh.com/khu-vuc/kham-mat-bac-giang/phuong-tan-tien/,https://mathanoibacninh.com/khu-vuc/kham-mat-bac-giang/phuong-tan-tien/,200,page,1339,,,,,,,,,,,[],,,,,2026-09-24T15:13:37+00:00,2026-09-24T22:13:37+07:00,https://mathanoibacninh.com/obs-sitemap-pages.xml,2026-09-24 22:13:37,2026-09-24 22:13:37,Asia/Ho_Chi_Minh (+07:00),public HTML/JSON-LD; OBS sitemap; WP-CLI published post fields,Khớp/không có ngày áp dụng,,
https://mathanoibacninh.com/khu-vuc/kham-mat-bac-giang/phuong-tien-phong/,https://mathanoibacninh.com/khu-vuc/kham-mat-bac-giang/phuong-tien-phong/,200,page,1336,,,,,,,,,,,[],,,,,2026-09-24T15:13:34+00:00,2026-09-24T22:13:34+07:00,https://mathanoibacninh.com/obs-sitemap-pages.xml,2026-09-24 22:13:34,2026-09-24 22:13:34,Asia/Ho_Chi_Minh (+07:00),public HTML/JSON-LD; OBS sitemap; WP-CLI published post fields,Khớp/không có ngày áp dụng,,
https://mathanoibacninh.com/khu-vuc/kham-mat-bac-giang/phuong-tu-lan/,https://mathanoibacninh.com/khu-vuc/kham-mat-bac-giang/phuong-tu-lan/,200,page,1330,,,,,,,,,,,[],,,,,2026-09-24T15:13:29+00:00,2026-09-24T22:13:29+07:00,https://mathanoibacninh.com/obs-sitemap-pages.xml,2026-09-24 22:13:29,2026-09-24 22:13:29,Asia/Ho_Chi_Minh (+07:00),public HTML/JSON-LD; OBS sitemap; WP-CLI published post fields,Khớp/không có ngày áp dụng,,
https://mathanoibacninh.com/khu-vuc/kham-mat-bac-giang/phuong-van-ha/,https://mathanoibacninh.com/khu-vuc/kham-mat-bac-giang/phuong-van-ha/,200,page,1333,,,,,,,,,,,[],,,,,2026-09-24T15:13:32+00:00,2026-09-24T22:13:32+07:00,https://mathanoibacninh.com/obs-sitemap-pages.xml,2026-09-24 22:13:32,2026-09-24 22:13:32,Asia/Ho_Chi_Minh (+07:00),public HTML/JSON-LD; OBS sitemap; WP-CLI published post fields,Khớp/không có ngày áp dụng,,
https://mathanoibacninh.com/khu-vuc/kham-mat-bac-giang/phuong-viet-yen/,https://mathanoibacninh.com/khu-vuc/kham-mat-bac-giang/phuong-viet-yen/,200,page,1331,,,,,,,,,,,[],,,,,2026-09-24T15:13:30+00:00,2026-09-24T22:13:30+07:00,https://mathanoibacninh.com/obs-sitemap-pages.xml,2026-09-24 22:13:30,2026-09-24 22:13:30,Asia/Ho_Chi_Minh (+07:00),public HTML/JSON-LD; OBS sitemap; WP-CLI published post fields,Khớp/không có ngày áp dụng,,
https://mathanoibacninh.com/khu-vuc/kham-mat-bac-giang/phuong-yen-dung/,https://mathanoibacninh.com/khu-vuc/kham-mat-bac-giang/phuong-yen-dung/,200,page,1338,,,,,,,,,,,[],,,,,2026-09-24T15:13:36+00:00,2026-09-24T22:13:36+07:00,https://mathanoibacninh.com/obs-sitemap-pages.xml,2026-09-24 22:13:36,2026-09-24 22:13:36,Asia/Ho_Chi_Minh (+07:00),public HTML/JSON-LD; OBS sitemap; WP-CLI published post fields,Khớp/không có ngày áp dụng,,
https://mathanoibacninh.com/khu-vuc/kham-mat-bac-giang/xa-an-lac/,https://mathanoibacninh.com/khu-vuc/kham-mat-bac-giang/xa-an-lac/,200,page,1269,,,,,,,,,,,[],,,,,2026-09-24T15:12:37+00:00,2026-09-24T22:12:37+07:00,https://mathanoibacninh.com/obs-sitemap-pages.xml,2026-09-24 22:12:37,2026-09-24 22:12:37,Asia/Ho_Chi_Minh (+07:00),public HTML/JSON-LD; OBS sitemap; WP-CLI published post fields,Khớp/không có ngày áp dụng,,
https://mathanoibacninh.com/khu-vuc/kham-mat-bac-giang/xa-bac-lung/,https://mathanoibacninh.com/khu-vuc/kham-mat-bac-giang/xa-bac-lung/,200,page,1286,,,,,,,,,,,[],,,,,2026-09-24T15:12:51+00:00,2026-09-24T22:12:51+07:00,https://mathanoibacninh.com/obs-sitemap-pages.xml,2026-09-24 22:12:51,2026-09-24 22:12:51,Asia/Ho_Chi_Minh (+07:00),public HTML/JSON-LD; OBS sitemap; WP-CLI published post fields,Khớp/không có ngày áp dụng,,
https://mathanoibacninh.com/khu-vuc/kham-mat-bac-giang/xa-bao-dai/,https://mathanoibacninh.com/khu-vuc/kham-mat-bac-giang/xa-bao-dai/,200,page,1287,,,,,,,,,,,[],,,,,2026-09-24T15:12:52+00:00,2026-09-24T22:12:52+07:00,https://mathanoibacninh.com/obs-sitemap-pages.xml,2026-09-24 22:12:52,2026-09-24 22:12:52,Asia/Ho_Chi_Minh (+07:00),public HTML/JSON-LD; OBS sitemap; WP-CLI published post fields,Khớp/không có ngày áp dụng,,
https://mathanoibacninh.com/khu-vuc/kham-mat-bac-giang/xa-bien-dong/,https://mathanoibacninh.com/khu-vuc/kham-mat-bac-giang/xa-bien-dong/,200,page,1271,,,,,,,,,,,[],,,,,2026-09-24T15:12:38+00:00,2026-09-24T22:12:38+07:00,https://mathanoibacninh.com/obs-sitemap-pages.xml,2026-09-24 22:12:38,2026-09-24 22:12:38,Asia/Ho_Chi_Minh (+07:00),public HTML/JSON-LD; OBS sitemap; WP-CLI published post fields,Khớp/không có ngày áp dụng,,
https://mathanoibacninh.com/khu-vuc/kham-mat-bac-giang/xa-bien-son/,https://mathanoibacninh.com/khu-vuc/kham-mat-bac-giang/xa-bien-son/,200,page,1276,,,,,,,,,,,[],,,,,2026-09-24T15:12:43+00:00,2026-09-24T22:12:43+07:00,https://mathanoibacninh.com/obs-sitemap-pages.xml,2026-09-24 22:12:43,2026-09-24 22:12:43,Asia/Ho_Chi_Minh (+07:00),public HTML/JSON-LD; OBS sitemap; WP-CLI published post fields,Khớp/không có ngày áp dụng,,
https://mathanoibacninh.com/khu-vuc/kham-mat-bac-giang/xa-bo-ha/,https://mathanoibacninh.com/khu-vuc/kham-mat-bac-giang/xa-bo-ha/,200,page,1294,,,,,,,,,,,[],,,,,2026-09-24T15:12:58+00:00,2026-09-24T22:12:58+07:00,https://mathanoibacninh.com/obs-sitemap-pages.xml,2026-09-24 22:12:58,2026-09-24 22:12:58,Asia/Ho_Chi_Minh (+07:00),public HTML/JSON-LD; OBS sitemap; WP-CLI published post fields,Khớp/không có ngày áp dụng,,
https://mathanoibacninh.com/khu-vuc/kham-mat-bac-giang/xa-cam-ly/,https://mathanoibacninh.com/khu-vuc/kham-mat-bac-giang/xa-cam-ly/,200,page,1282,,,,,,,,,,,[],,,,,2026-09-24T15:12:48+00:00,2026-09-24T22:12:48+07:00,https://mathanoibacninh.com/obs-sitemap-pages.xml,2026-09-24 22:12:48,2026-09-24 22:12:48,Asia/Ho_Chi_Minh (+07:00),public HTML/JSON-LD; OBS sitemap; WP-CLI published post fields,Khớp/không có ngày áp dụng,,
https://mathanoibacninh.com/khu-vuc/kham-mat-bac-giang/xa-deo-gia/,https://mathanoibacninh.com/khu-vuc/kham-mat-bac-giang/xa-deo-gia/,200,page,1273,,,,,,,,,,,[],,,,,2026-09-24T15:12:40+00:00,2026-09-24T22:12:40+07:00,https://mathanoibacninh.com/obs-sitemap-pages.xml,2026-09-24 22:12:40,2026-09-24 22:12:40,Asia/Ho_Chi_Minh (+07:00),public HTML/JSON-LD; OBS sitemap; WP-CLI published post fields,Khớp/không có ngày áp dụng,,
https://mathanoibacninh.com/khu-vuc/kham-mat-bac-giang/xa-dong-ky/,https://mathanoibacninh.com/khu-vuc/kham-mat-bac-giang/xa-dong-ky/,200,page,1295,,,,,,,,,,,[],,,,,2026-09-24T15:12:59+00:00,2026-09-24T22:12:59+07:00,https://mathanoibacninh.com/obs-sitemap-pages.xml,2026-09-24 22:12:59,2026-09-24 22:12:59,Asia/Ho_Chi_Minh (+07:00),public HTML/JSON-LD; OBS sitemap; WP-CLI published post fields,Khớp/không có ngày áp dụng,,
https://mathanoibacninh.com/khu-vuc/kham-mat-bac-giang/xa-dong-phu/,https://mathanoibacninh.com/khu-vuc/kham-mat-bac-giang/xa-dong-phu/,200,page,1283,,,,,,,,,,,[],,,,,2026-09-24T15:12:49+00:00,2026-09-24T22:12:49+07:00,https://mathanoibacninh.com/obs-sitemap-pages.xml,2026-09-24 22:12:49,2026-09-24 22:12:49,Asia/Ho_Chi_Minh (+07:00),public HTML/JSON-LD; OBS sitemap; WP-CLI published post fields,Khớp/không có ngày áp dụng,,
https://mathanoibacninh.com/khu-vuc/kham-mat-bac-giang/xa-dong-viet/,https://mathanoibacninh.com/khu-vuc/kham-mat-bac-giang/xa-dong-viet/,200,page,1306,,,,,,,,,,,[],,,,,2026-09-24T15:13:09+00:00,2026-09-24T22:13:09+07:00,https://mathanoibacninh.com/obs-sitemap-pages.xml,2026-09-24 22:13:09,2026-09-24 22:13:09,Asia/Ho_Chi_Minh (+07:00),public HTML/JSON-LD; OBS sitemap; WP-CLI published post fields,Khớp/không có ngày áp dụng,,
https://mathanoibacninh.com/khu-vuc/kham-mat-bac-giang/xa-duong-huu/,https://mathanoibacninh.com/khu-vuc/kham-mat-bac-giang/xa-duong-huu/,200,page,1267,,,,,,,,,,,[],,,,,2026-09-24T15:12:35+00:00,2026-09-24T22:12:35+07:00,https://mathanoibacninh.com/obs-sitemap-pages.xml,2026-09-24 22:12:35,2026-09-24 22:12:35,Asia/Ho_Chi_Minh (+07:00),public HTML/JSON-LD; OBS sitemap; WP-CLI published post fields,Khớp/không có ngày áp dụng,,
https://mathanoibacninh.com/khu-vuc/kham-mat-bac-giang/xa-hiep-hoa/,https://mathanoibacninh.com/khu-vuc/kham-mat-bac-giang/xa-hiep-hoa/,200,page,1304,,,,,,,,,,,[],,,,,2026-09-24T15:13:07+00:00,2026-09-24T22:13:07+07:00,https://mathanoibacninh.com/obs-sitemap-pages.xml,2026-09-24 22:13:07,2026-09-24 22:13:07,Asia/Ho_Chi_Minh (+07:00),public HTML/JSON-LD; OBS sitemap; WP-CLI published post fields,Khớp/không có ngày áp dụng,,
https://mathanoibacninh.com/khu-vuc/kham-mat-bac-giang/xa-hoang-van/,https://mathanoibacninh.com/khu-vuc/kham-mat-bac-giang/xa-hoang-van/,200,page,1305,,,,,,,,,,,[],,,,,2026-09-24T15:13:08+00:00,2026-09-24T22:13:08+07:00,https://mathanoibacninh.com/obs-sitemap-pages.xml,2026-09-24 22:13:08,2026-09-24 22:13:08,Asia/Ho_Chi_Minh (+07:00),public HTML/JSON-LD; OBS sitemap; WP-CLI published post fields,Khớp/không có ngày áp dụng,,
https://mathanoibacninh.com/khu-vuc/kham-mat-bac-giang/xa-hop-thinh/,https://mathanoibacninh.com/khu-vuc/kham-mat-bac-giang/xa-hop-thinh/,200,page,1303,,,,,,,,,,,[],,,,,2026-09-24T15:13:06+00:00,2026-09-24T22:13:06+07:00,https://mathanoibacninh.com/obs-sitemap-pages.xml,2026-09-24 22:13:06,2026-09-24 22:13:06,Asia/Ho_Chi_Minh (+07:00),public HTML/JSON-LD; OBS sitemap; WP-CLI published post fields,Khớp/không có ngày áp dụng,,
https://mathanoibacninh.com/khu-vuc/kham-mat-bac-giang/xa-kep/,https://mathanoibacninh.com/khu-vuc/kham-mat-bac-giang/xa-kep/,200,page,1290,,,,,,,,,,,[],,,,,2026-09-24T15:12:55+00:00,2026-09-24T22:12:55+07:00,https://mathanoibacninh.com/obs-sitemap-pages.xml,2026-09-24 22:12:55,2026-09-24 22:12:55,Asia/Ho_Chi_Minh (+07:00),public HTML/JSON-LD; OBS sitemap; WP-CLI published post fields,Khớp/không có ngày áp dụng,,
https://mathanoibacninh.com/khu-vuc/kham-mat-bac-giang/xa-kien-lao/,https://mathanoibacninh.com/khu-vuc/kham-mat-bac-giang/xa-kien-lao/,200,page,1279,,,,,,,,,,,[],,,,,2026-09-24T15:12:45+00:00,2026-09-24T22:12:45+07:00,https://mathanoibacninh.com/obs-sitemap-pages.xml,2026-09-24 22:12:45,2026-09-24 22:12:45,Asia/Ho_Chi_Minh (+07:00),public HTML/JSON-LD; OBS sitemap; WP-CLI published post fields,Khớp/không có ngày áp dụng,,
https://mathanoibacninh.com/khu-vuc/kham-mat-bac-giang/xa-lang-giang/,https://mathanoibacninh.com/khu-vuc/kham-mat-bac-giang/xa-lang-giang/,200,page,1288,,,,,,,,,,,[],,,,,2026-09-24T15:12:53+00:00,2026-09-24T22:12:53+07:00,https://mathanoibacninh.com/obs-sitemap-pages.xml,2026-09-24 22:12:53,2026-09-24 22:12:53,Asia/Ho_Chi_Minh (+07:00),public HTML/JSON-LD; OBS sitemap; WP-CLI published post fields,Khớp/không có ngày áp dụng,,
https://mathanoibacninh.com/khu-vuc/kham-mat-bac-giang/xa-luc-nam/,https://mathanoibacninh.com/khu-vuc/kham-mat-bac-giang/xa-luc-nam/,200,page,1285,,,,,,,,,,,[],,,,,2026-09-24T15:12:50+00:00,2026-09-24T22:12:50+07:00,https://mathanoibacninh.com/obs-sitemap-pages.xml,2026-09-24 22:12:50,2026-09-24 22:12:50,Asia/Ho_Chi_Minh (+07:00),public HTML/JSON-LD; OBS sitemap; WP-CLI published post fields,Khớp/không có ngày áp dụng,,
https://mathanoibacninh.com/khu-vuc/kham-mat-bac-giang/xa-luc-ngan/,https://mathanoibacninh.com/khu-vuc/kham-mat-bac-giang/xa-luc-ngan/,200,page,1272,,,,,,,,,,,[],,,,,2026-09-24T15:12:39+00:00,2026-09-24T22:12:39+07:00,https://mathanoibacninh.com/obs-sitemap-pages.xml,2026-09-24 22:12:39,2026-09-24 22:12:39,Asia/Ho_Chi_Minh (+07:00),public HTML/JSON-LD; OBS sitemap; WP-CLI published post fields,Khớp/không có ngày áp dụng,,
https://mathanoibacninh.com/khu-vuc/kham-mat-bac-giang/xa-luc-son/,https://mathanoibacninh.com/khu-vuc/kham-mat-bac-giang/xa-luc-son/,200,page,1280,,,,,,,,,,,[],,,,,2026-09-24T15:12:46+00:00,2026-09-24T22:12:46+07:00,https://mathanoibacninh.com/obs-sitemap-pages.xml,2026-09-24 22:12:46,2026-09-24 22:12:46,Asia/Ho_Chi_Minh (+07:00),public HTML/JSON-LD; OBS sitemap; WP-CLI published post fields,Khớp/không có ngày áp dụng,,
https://mathanoibacninh.com/khu-vuc/kham-mat-bac-giang/xa-my-thai/,https://mathanoibacninh.com/khu-vuc/kham-mat-bac-giang/xa-my-thai/,200,page,1289,,,,,,,,,,,[],,,,,2026-09-24T15:12:54+00:00,2026-09-24T22:12:54+07:00,https://mathanoibacninh.com/obs-sitemap-pages.xml,2026-09-24 22:12:54,2026-09-24 22:12:54,Asia/Ho_Chi_Minh (+07:00),public HTML/JSON-LD; OBS sitemap; WP-CLI published post fields,Khớp/không có ngày áp dụng,,
https://mathanoibacninh.com/khu-vuc/kham-mat-bac-giang/xa-nam-duong/,https://mathanoibacninh.com/khu-vuc/kham-mat-bac-giang/xa-nam-duong/,200,page,1278,,,,,,,,,,,[],,,,,2026-09-24T15:12:44+00:00,2026-09-24T22:12:44+07:00,https://mathanoibacninh.com/obs-sitemap-pages.xml,2026-09-24 22:12:44,2026-09-24 22:12:44,Asia/Ho_Chi_Minh (+07:00),public HTML/JSON-LD; OBS sitemap; WP-CLI published post fields,Khớp/không có ngày áp dụng,,
https://mathanoibacninh.com/khu-vuc/kham-mat-bac-giang/xa-nghia-phuong/,https://mathanoibacninh.com/khu-vuc/kham-mat-bac-giang/xa-nghia-phuong/,200,page,1284,,,,,,,,,,,[],,,,,2026-09-24T15:12:49+00:00,2026-09-24T22:12:49+07:00,https://mathanoibacninh.com/obs-sitemap-pages.xml,2026-09-24 22:12:49,2026-09-24 22:12:49,Asia/Ho_Chi_Minh (+07:00),public HTML/JSON-LD; OBS sitemap; WP-CLI published post fields,Khớp/không có ngày áp dụng,,
https://mathanoibacninh.com/khu-vuc/kham-mat-bac-giang/xa-ngoc-thien/,https://mathanoibacninh.com/khu-vuc/kham-mat-bac-giang/xa-ngoc-thien/,200,page,1299,,,,,,,,,,,[],,,,,2026-09-24T15:13:03+00:00,2026-09-24T22:13:03+07:00,https://mathanoibacninh.com/obs-sitemap-pages.xml,2026-09-24 22:13:03,2026-09-24 22:13:03,Asia/Ho_Chi_Minh (+07:00),public HTML/JSON-LD; OBS sitemap; WP-CLI published post fields,Khớp/không có ngày áp dụng,,
https://mathanoibacninh.com/khu-vuc/kham-mat-bac-giang/xa-nha-nam/,https://mathanoibacninh.com/khu-vuc/kham-mat-bac-giang/xa-nha-nam/,200,page,1300,,,,,,,,,,,[],,,,,2026-09-24T15:13:04+00:00,2026-09-24T22:13:04+07:00,https://mathanoibacninh.com/obs-sitemap-pages.xml,2026-09-24 22:13:04,2026-09-24 22:13:04,Asia/Ho_Chi_Minh (+07:00),public HTML/JSON-LD; OBS sitemap; WP-CLI published post fields,Khớp/không có ngày áp dụng,,
https://mathanoibacninh.com/khu-vuc/kham-mat-bac-giang/xa-phuc-hoa/,https://mathanoibacninh.com/khu-vuc/kham-mat-bac-giang/xa-phuc-hoa/,200,page,1301,,,,,,,,,,,[],,,,,2026-09-24T15:13:04+00:00,2026-09-24T22:13:04+07:00,https://mathanoibacninh.com/obs-sitemap-pages.xml,2026-09-24 22:13:04,2026-09-24 22:13:04,Asia/Ho_Chi_Minh (+07:00),public HTML/JSON-LD; OBS sitemap; WP-CLI published post fields,Khớp/không có ngày áp dụng,,
https://mathanoibacninh.com/khu-vuc/kham-mat-bac-giang/xa-quang-trung/,https://mathanoibacninh.com/khu-vuc/kham-mat-bac-giang/xa-quang-trung/,200,page,1302,,,,,,,,,,,[],,,,,2026-09-24T15:13:05+00:00,2026-09-24T22:13:05+07:00,https://mathanoibacninh.com/obs-sitemap-pages.xml,2026-09-24 22:13:05,2026-09-24 22:13:05,Asia/Ho_Chi_Minh (+07:00),public HTML/JSON-LD; OBS sitemap; WP-CLI published post fields,Khớp/không có ngày áp dụng,,
https://mathanoibacninh.com/khu-vuc/kham-mat-bac-giang/xa-sa-ly/,https://mathanoibacninh.com/khu-vuc/kham-mat-bac-giang/xa-sa-ly/,200,page,1277,,,,,,,,,,,[],,,,,2026-09-24T15:12:43+00:00,2026-09-24T22:12:43+07:00,https://mathanoibacninh.com/obs-sitemap-pages.xml,2026-09-24 22:12:43,2026-09-24 22:12:43,Asia/Ho_Chi_Minh (+07:00),public HTML/JSON-LD; OBS sitemap; WP-CLI published post fields,Khớp/không có ngày áp dụng,,
https://mathanoibacninh.com/khu-vuc/kham-mat-bac-giang/xa-son-dong/,https://mathanoibacninh.com/khu-vuc/kham-mat-bac-giang/xa-son-dong/,200,page,1265,,,,,,,,,,,[],,,,,2026-09-24T15:12:33+00:00,2026-09-24T22:12:33+07:00,https://mathanoibacninh.com/obs-sitemap-pages.xml,2026-09-24 22:12:33,2026-09-24 22:12:33,Asia/Ho_Chi_Minh (+07:00),public HTML/JSON-LD; OBS sitemap; WP-CLI published post fields,Khớp/không có ngày áp dụng,,
https://mathanoibacninh.com/khu-vuc/kham-mat-bac-giang/xa-son-hai/,https://mathanoibacninh.com/khu-vuc/kham-mat-bac-giang/xa-son-hai/,200,page,1274,,,,,,,,,,,[],,,,,2026-09-24T15:12:41+00:00,2026-09-24T22:12:41+07:00,https://mathanoibacninh.com/obs-sitemap-pages.xml,2026-09-24 22:12:41,2026-09-24 22:12:41,Asia/Ho_Chi_Minh (+07:00),public HTML/JSON-LD; OBS sitemap; WP-CLI published post fields,Khớp/không có ngày áp dụng,,
https://mathanoibacninh.com/khu-vuc/kham-mat-bac-giang/xa-tam-tien/,https://mathanoibacninh.com/khu-vuc/kham-mat-bac-giang/xa-tam-tien/,200,page,1297,,,,,,,,,,,[],,,,,2026-09-24T15:13:01+00:00,2026-09-24T22:13:01+07:00,https://mathanoibacninh.com/obs-sitemap-pages.xml,2026-09-24 22:13:01,2026-09-24 22:13:01,Asia/Ho_Chi_Minh (+07:00),public HTML/JSON-LD; OBS sitemap; WP-CLI published post fields,Khớp/không có ngày áp dụng,,
https://mathanoibacninh.com/khu-vuc/kham-mat-bac-giang/xa-tan-dinh/,https://mathanoibacninh.com/khu-vuc/kham-mat-bac-giang/xa-tan-dinh/,200,page,1291,,,,,,,,,,,[],,,,,2026-09-24T15:12:56+00:00,2026-09-24T22:12:56+07:00,https://mathanoibacninh.com/obs-sitemap-pages.xml,2026-09-24 22:12:56,2026-09-24 22:12:56,Asia/Ho_Chi_Minh (+07:00),public HTML/JSON-LD; OBS sitemap; WP-CLI published post fields,Khớp/không có ngày áp dụng,,
https://mathanoibacninh.com/khu-vuc/kham-mat-bac-giang/xa-tan-son/,https://mathanoibacninh.com/khu-vuc/kham-mat-bac-giang/xa-tan-son/,200,page,1275,,,,,,,,,,,[],,,,,2026-09-24T15:12:42+00:00,2026-09-24T22:12:42+07:00,https://mathanoibacninh.com/obs-sitemap-pages.xml,2026-09-24 22:12:42,2026-09-24 22:12:42,Asia/Ho_Chi_Minh (+07:00),public HTML/JSON-LD; OBS sitemap; WP-CLI published post fields,Khớp/không có ngày áp dụng,,
https://mathanoibacninh.com/khu-vuc/kham-mat-bac-giang/xa-tan-yen/,https://mathanoibacninh.com/khu-vuc/kham-mat-bac-giang/xa-tan-yen/,200,page,1298,,,,,,,,,,,[],,,,,2026-09-24T15:13:02+00:00,2026-09-24T22:13:02+07:00,https://mathanoibacninh.com/obs-sitemap-pages.xml,2026-09-24 22:13:02,2026-09-24 22:13:02,Asia/Ho_Chi_Minh (+07:00),public HTML/JSON-LD; OBS sitemap; WP-CLI published post fields,Khớp/không có ngày áp dụng,,
https://mathanoibacninh.com/khu-vuc/kham-mat-bac-giang/xa-tay-yen-tu/,https://mathanoibacninh.com/khu-vuc/kham-mat-bac-giang/xa-tay-yen-tu/,200,page,1266,,,,,,,,,,,[],,,,,2026-09-24T15:12:34+00:00,2026-09-24T22:12:34+07:00,https://mathanoibacninh.com/obs-sitemap-pages.xml,2026-09-24 22:12:34,2026-09-24 22:12:34,Asia/Ho_Chi_Minh (+07:00),public HTML/JSON-LD; OBS sitemap; WP-CLI published post fields,Khớp/không có ngày áp dụng,,
https://mathanoibacninh.com/khu-vuc/kham-mat-bac-giang/xa-tien-luc/,https://mathanoibacninh.com/khu-vuc/kham-mat-bac-giang/xa-tien-luc/,200,page,1292,,,,,,,,,,,[],,,,,2026-09-24T15:12:57+00:00,2026-09-24T22:12:57+07:00,https://mathanoibacninh.com/obs-sitemap-pages.xml,2026-09-24 22:12:57,2026-09-24 22:12:57,Asia/Ho_Chi_Minh (+07:00),public HTML/JSON-LD; OBS sitemap; WP-CLI published post fields,Khớp/không có ngày áp dụng,,
https://mathanoibacninh.com/khu-vuc/kham-mat-bac-giang/xa-truong-son/,https://mathanoibacninh.com/khu-vuc/kham-mat-bac-giang/xa-truong-son/,200,page,1281,,,,,,,,,,,[],,,,,2026-09-24T15:12:47+00:00,2026-09-24T22:12:47+07:00,https://mathanoibacninh.com/obs-sitemap-pages.xml,2026-09-24 22:12:47,2026-09-24 22:12:47,Asia/Ho_Chi_Minh (+07:00),public HTML/JSON-LD; OBS sitemap; WP-CLI published post fields,Khớp/không có ngày áp dụng,,
https://mathanoibacninh.com/khu-vuc/kham-mat-bac-giang/xa-tuan-dao/,https://mathanoibacninh.com/khu-vuc/kham-mat-bac-giang/xa-tuan-dao/,200,page,1341,,,,,,,,,,,[],,,,,2026-09-24T15:13:38+00:00,2026-09-24T22:13:38+07:00,https://mathanoibacninh.com/obs-sitemap-pages.xml,2026-09-24 22:13:38,2026-09-24 22:13:38,Asia/Ho_Chi_Minh (+07:00),public HTML/JSON-LD; OBS sitemap; WP-CLI published post fields,Khớp/không có ngày áp dụng,,
https://mathanoibacninh.com/khu-vuc/kham-mat-bac-giang/xa-van-son/,https://mathanoibacninh.com/khu-vuc/kham-mat-bac-giang/xa-van-son/,200,page,1270,,,,,,,,,,,[],,,,,2026-09-24T15:12:37+00:00,2026-09-24T22:12:37+07:00,https://mathanoibacninh.com/obs-sitemap-pages.xml,2026-09-24 22:12:37,2026-09-24 22:12:37,Asia/Ho_Chi_Minh (+07:00),public HTML/JSON-LD; OBS sitemap; WP-CLI published post fields,Khớp/không có ngày áp dụng,,
https://mathanoibacninh.com/khu-vuc/kham-mat-bac-giang/xa-xuan-cam/,https://mathanoibacninh.com/khu-vuc/kham-mat-bac-giang/xa-xuan-cam/,200,page,1307,,,,,,,,,,,[],,,,,2026-09-24T15:13:10+00:00,2026-09-24T22:13:10+07:00,https://mathanoibacninh.com/obs-sitemap-pages.xml,2026-09-24 22:13:10,2026-09-24 22:13:10,Asia/Ho_Chi_Minh (+07:00),public HTML/JSON-LD; OBS sitemap; WP-CLI published post fields,Khớp/không có ngày áp dụng,,
https://mathanoibacninh.com/khu-vuc/kham-mat-bac-giang/xa-xuan-luong/,https://mathanoibacninh.com/khu-vuc/kham-mat-bac-giang/xa-xuan-luong/,200,page,1296,,,,,,,,,,,[],,,,,2026-09-24T15:13:00+00:00,2026-09-24T22:13:00+07:00,https://mathanoibacninh.com/obs-sitemap-pages.xml,2026-09-24 22:13:00,2026-09-24 22:13:00,Asia/Ho_Chi_Minh (+07:00),public HTML/JSON-LD; OBS sitemap; WP-CLI published post fields,Khớp/không có ngày áp dụng,,
https://mathanoibacninh.com/khu-vuc/kham-mat-bac-giang/xa-yen-dinh/,https://mathanoibacninh.com/khu-vuc/kham-mat-bac-giang/xa-yen-dinh/,200,page,1268,,,,,,,,,,,[],,,,,2026-09-24T15:12:36+00:00,2026-09-24T22:12:36+07:00,https://mathanoibacninh.com/obs-sitemap-pages.xml,2026-09-24 22:12:36,2026-09-24 22:12:36,Asia/Ho_Chi_Minh (+07:00),public HTML/JSON-LD; OBS sitemap; WP-CLI published post fields,Khớp/không có ngày áp dụng,,
https://mathanoibacninh.com/khu-vuc/kham-mat-bac-giang/xa-yen-the/,https://mathanoibacninh.com/khu-vuc/kham-mat-bac-giang/xa-yen-the/,200,page,1293,,,,,,,,,,,[],,,,,2026-09-24T15:12:57+00:00,2026-09-24T22:12:57+07:00,https://mathanoibacninh.com/obs-sitemap-pages.xml,2026-09-24 22:12:57,2026-09-24 22:12:57,Asia/Ho_Chi_Minh (+07:00),public HTML/JSON-LD; OBS sitemap; WP-CLI published post fields,Khớp/không có ngày áp dụng,,
https://mathanoibacninh.com/khu-vuc/kham-mat-bac-ninh/,https://mathanoibacninh.com/khu-vuc/kham-mat-bac-ninh/,200,page,56,,,,,,,,,,,[],,,,,2026-10-03T01:32:47+00:00,2026-10-03T08:32:47+07:00,https://mathanoibacninh.com/obs-sitemap-pages.xml,2026-08-06 05:10:33,2026-10-03 08:32:47,Asia/Ho_Chi_Minh (+07:00),public HTML/JSON-LD; OBS sitemap; WP-CLI published post fields,Khớp/không có ngày áp dụng,,
https://mathanoibacninh.com/khu-vuc/kham-mat-bac-ninh/phuong-bong-lai/,https://mathanoibacninh.com/khu-vuc/kham-mat-bac-ninh/phuong-bong-lai/,200,page,1327,,,,,,,,,,,[],,,,,2026-09-24T15:13:27+00:00,2026-09-24T22:13:27+07:00,https://mathanoibacninh.com/obs-sitemap-pages.xml,2026-09-24 22:13:27,2026-09-24 22:13:27,Asia/Ho_Chi_Minh (+07:00),public HTML/JSON-LD; OBS sitemap; WP-CLI published post fields,Khớp/không có ngày áp dụng,,
https://mathanoibacninh.com/khu-vuc/kham-mat-bac-ninh/phuong-dao-vien/,https://mathanoibacninh.com/khu-vuc/kham-mat-bac-ninh/phuong-dao-vien/,200,page,1326,,,,,,,,,,,[],,,,,2026-09-24T15:13:26+00:00,2026-09-24T22:13:26+07:00,https://mathanoibacninh.com/obs-sitemap-pages.xml,2026-09-24 22:13:26,2026-09-24 22:13:26,Asia/Ho_Chi_Minh (+07:00),public HTML/JSON-LD; OBS sitemap; WP-CLI published post fields,Khớp/không có ngày áp dụng,,
https://mathanoibacninh.com/khu-vuc/kham-mat-bac-ninh/phuong-dong-nguyen/,https://mathanoibacninh.com/khu-vuc/kham-mat-bac-ninh/phuong-dong-nguyen/,200,page,1315,,,,,,,,,,,[],,,,,2026-09-24T15:13:16+00:00,2026-09-24T22:13:16+07:00,https://mathanoibacninh.com/obs-sitemap-pages.xml,2026-09-24 22:13:16,2026-09-24 22:13:16,Asia/Ho_Chi_Minh (+07:00),public HTML/JSON-LD; OBS sitemap; WP-CLI published post fields,Khớp/không có ngày áp dụng,,
https://mathanoibacninh.com/khu-vuc/kham-mat-bac-ninh/phuong-hap-linh/,https://mathanoibacninh.com/khu-vuc/kham-mat-bac-ninh/phuong-hap-linh/,200,page,1311,,,,,,,,,,,[],,,,,2026-09-24T15:13:13+00:00,2026-09-24T22:13:13+07:00,https://mathanoibacninh.com/obs-sitemap-pages.xml,2026-09-24 22:13:13,2026-09-24 22:13:13,Asia/Ho_Chi_Minh (+07:00),public HTML/JSON-LD; OBS sitemap; WP-CLI published post fields,Khớp/không có ngày áp dụng,,
https://mathanoibacninh.com/khu-vuc/kham-mat-bac-ninh/phuong-kinh-bac/,https://mathanoibacninh.com/khu-vuc/kham-mat-bac-ninh/phuong-kinh-bac/,200,page,1308,,,,,,,,,,,[],,,,,2026-09-24T15:13:10+00:00,2026-09-24T22:13:10+07:00,https://mathanoibacninh.com/obs-sitemap-pages.xml,2026-09-24 22:13:10,2026-09-24 22:13:10,Asia/Ho_Chi_Minh (+07:00),public HTML/JSON-LD; OBS sitemap; WP-CLI published post fields,Khớp/không có ngày áp dụng,,
https://mathanoibacninh.com/khu-vuc/kham-mat-bac-ninh/phuong-mao-dien/,https://mathanoibacninh.com/khu-vuc/kham-mat-bac-ninh/phuong-mao-dien/,200,page,1318,,,,,,,,,,,[],,,,,2026-09-24T15:13:19+00:00,2026-09-24T22:13:19+07:00,https://mathanoibacninh.com/obs-sitemap-pages.xml,2026-09-24 22:13:19,2026-09-24 22:13:19,Asia/Ho_Chi_Minh (+07:00),public HTML/JSON-LD; OBS sitemap; WP-CLI published post fields,Khớp/không có ngày áp dụng,,
https://mathanoibacninh.com/khu-vuc/kham-mat-bac-ninh/phuong-nam-son/,https://mathanoibacninh.com/khu-vuc/kham-mat-bac-ninh/phuong-nam-son/,200,page,1312,,,,,,,,,,,[],,,,,2026-09-24T15:13:14+00:00,2026-09-24T22:13:14+07:00,https://mathanoibacninh.com/obs-sitemap-pages.xml,2026-09-24 22:13:14,2026-09-24 22:13:14,Asia/Ho_Chi_Minh (+07:00),public HTML/JSON-LD; OBS sitemap; WP-CLI published post fields,Khớp/không có ngày áp dụng,,
https://mathanoibacninh.com/khu-vuc/kham-mat-bac-ninh/phuong-nhan-hoa/,https://mathanoibacninh.com/khu-vuc/kham-mat-bac-ninh/phuong-nhan-hoa/,200,page,1325,,,,,,,,,,,[],,,,,2026-09-24T15:13:25+00:00,2026-09-24T22:13:25+07:00,https://mathanoibacninh.com/obs-sitemap-pages.xml,2026-09-24 22:13:25,2026-09-24 22:13:25,Asia/Ho_Chi_Minh (+07:00),public HTML/JSON-LD; OBS sitemap; WP-CLI published post fields,Khớp/không có ngày áp dụng,,
https://mathanoibacninh.com/khu-vuc/kham-mat-bac-ninh/phuong-ninh-xa/,https://mathanoibacninh.com/khu-vuc/kham-mat-bac-ninh/phuong-ninh-xa/,200,page,1322,,,,,,,,,,,[],,,,,2026-09-24T15:13:22+00:00,2026-09-24T22:13:22+07:00,https://mathanoibacninh.com/obs-sitemap-pages.xml,2026-09-24 22:13:22,2026-09-24 22:13:22,Asia/Ho_Chi_Minh (+07:00),public HTML/JSON-LD; OBS sitemap; WP-CLI published post fields,Khớp/không có ngày áp dụng,,
https://mathanoibacninh.com/khu-vuc/kham-mat-bac-ninh/phuong-phu-khe/,https://mathanoibacninh.com/khu-vuc/kham-mat-bac-ninh/phuong-phu-khe/,200,page,1316,,,,,,,,,,,[],,,,,2026-09-24T15:13:17+00:00,2026-09-24T22:13:17+07:00,https://mathanoibacninh.com/obs-sitemap-pages.xml,2026-09-24 22:13:17,2026-09-24 22:13:17,Asia/Ho_Chi_Minh (+07:00),public HTML/JSON-LD; OBS sitemap; WP-CLI published post fields,Khớp/không có ngày áp dụng,,
https://mathanoibacninh.com/khu-vuc/kham-mat-bac-ninh/phuong-phuong-lieu/,https://mathanoibacninh.com/khu-vuc/kham-mat-bac-ninh/phuong-phuong-lieu/,200,page,1324,,,,,,,,,,,[],,,,,2026-09-24T15:13:24+00:00,2026-09-24T22:13:24+07:00,https://mathanoibacninh.com/obs-sitemap-pages.xml,2026-09-24 22:13:24,2026-09-24 22:13:24,Asia/Ho_Chi_Minh (+07:00),public HTML/JSON-LD; OBS sitemap; WP-CLI published post fields,Khớp/không có ngày áp dụng,,
https://mathanoibacninh.com/khu-vuc/kham-mat-bac-ninh/phuong-que-vo/,https://mathanoibacninh.com/khu-vuc/kham-mat-bac-ninh/phuong-que-vo/,200,page,1323,,,,,,,,,,,[],,,,,2026-09-24T15:13:23+00:00,2026-09-24T22:13:23+07:00,https://mathanoibacninh.com/obs-sitemap-pages.xml,2026-09-24 22:13:23,2026-09-24 22:13:23,Asia/Ho_Chi_Minh (+07:00),public HTML/JSON-LD; OBS sitemap; WP-CLI published post fields,Khớp/không có ngày áp dụng,,
https://mathanoibacninh.com/khu-vuc/kham-mat-bac-ninh/phuong-song-lieu/,https://mathanoibacninh.com/khu-vuc/kham-mat-bac-ninh/phuong-song-lieu/,200,page,1321,,,,,,,,,,,[],,,,,2026-09-24T15:13:22+00:00,2026-09-24T22:13:22+07:00,https://mathanoibacninh.com/obs-sitemap-pages.xml,2026-09-24 22:13:22,2026-09-24 22:13:22,Asia/Ho_Chi_Minh (+07:00),public HTML/JSON-LD; OBS sitemap; WP-CLI published post fields,Khớp/không có ngày áp dụng,,
https://mathanoibacninh.com/khu-vuc/kham-mat-bac-ninh/phuong-tam-son/,https://mathanoibacninh.com/khu-vuc/kham-mat-bac-ninh/phuong-tam-son/,200,page,1314,,,,,,,,,,,[],,,,,2026-09-24T15:13:15+00:00,2026-09-24T22:13:15+07:00,https://mathanoibacninh.com/obs-sitemap-pages.xml,2026-09-24 22:13:15,2026-09-24 22:13:15,Asia/Ho_Chi_Minh (+07:00),public HTML/JSON-LD; OBS sitemap; WP-CLI published post fields,Khớp/không có ngày áp dụng,,
https://mathanoibacninh.com/khu-vuc/kham-mat-bac-ninh/phuong-thuan-thanh/,https://mathanoibacninh.com/khu-vuc/kham-mat-bac-ninh/phuong-thuan-thanh/,200,page,1317,,,,,,,,,,,[],,,,,2026-09-24T15:13:18+00:00,2026-09-24T22:13:18+07:00,https://mathanoibacninh.com/obs-sitemap-pages.xml,2026-09-24 22:13:18,2026-09-24 22:13:18,Asia/Ho_Chi_Minh (+07:00),public HTML/JSON-LD; OBS sitemap; WP-CLI published post fields,Khớp/không có ngày áp dụng,,
https://mathanoibacninh.com/khu-vuc/kham-mat-bac-ninh/phuong-tram-lo/,https://mathanoibacninh.com/khu-vuc/kham-mat-bac-ninh/phuong-tram-lo/,200,page,1319,,,,,,,,,,,[],,,,,2026-09-24T15:13:20+00:00,2026-09-24T22:13:20+07:00,https://mathanoibacninh.com/obs-sitemap-pages.xml,2026-09-24 22:13:20,2026-09-24 22:13:20,Asia/Ho_Chi_Minh (+07:00),public HTML/JSON-LD; OBS sitemap; WP-CLI published post fields,Khớp/không có ngày áp dụng,,
https://mathanoibacninh.com/khu-vuc/kham-mat-bac-ninh/phuong-tri-qua/,https://mathanoibacninh.com/khu-vuc/kham-mat-bac-ninh/phuong-tri-qua/,200,page,1320,,,,,,,,,,,[],,,,,2026-09-24T15:13:21+00:00,2026-09-24T22:13:21+07:00,https://mathanoibacninh.com/obs-sitemap-pages.xml,2026-09-24 22:13:21,2026-09-24 22:13:21,Asia/Ho_Chi_Minh (+07:00),public HTML/JSON-LD; OBS sitemap; WP-CLI published post fields,Khớp/không có ngày áp dụng,,
https://mathanoibacninh.com/khu-vuc/kham-mat-bac-ninh/phuong-tu-son/,https://mathanoibacninh.com/khu-vuc/kham-mat-bac-ninh/phuong-tu-son/,200,page,1313,,,,,,,,,,,[],,,,,2026-09-24T15:13:15+00:00,2026-09-24T22:13:15+07:00,https://mathanoibacninh.com/obs-sitemap-pages.xml,2026-09-24 22:13:15,2026-09-24 22:13:15,Asia/Ho_Chi_Minh (+07:00),public HTML/JSON-LD; OBS sitemap; WP-CLI published post fields,Khớp/không có ngày áp dụng,,
https://mathanoibacninh.com/khu-vuc/kham-mat-bac-ninh/phuong-vo-cuong/,https://mathanoibacninh.com/khu-vuc/kham-mat-bac-ninh/phuong-vo-cuong/,200,page,1309,,,,,,,,,,,[],,,,,2026-09-24T15:13:11+00:00,2026-09-24T22:13:11+07:00,https://mathanoibacninh.com/obs-sitemap-pages.xml,2026-09-24 22:13:11,2026-09-24 22:13:11,Asia/Ho_Chi_Minh (+07:00),public HTML/JSON-LD; OBS sitemap; WP-CLI published post fields,Khớp/không có ngày áp dụng,,
https://mathanoibacninh.com/khu-vuc/kham-mat-bac-ninh/phuong-vu-ninh/,https://mathanoibacninh.com/khu-vuc/kham-mat-bac-ninh/phuong-vu-ninh/,200,page,1310,,,,,,,,,,,[],,,,,2026-09-24T15:13:12+00:00,2026-09-24T22:13:12+07:00,https://mathanoibacninh.com/obs-sitemap-pages.xml,2026-09-24 22:13:12,2026-09-24 22:13:12,Asia/Ho_Chi_Minh (+07:00),public HTML/JSON-LD; OBS sitemap; WP-CLI published post fields,Khớp/không có ngày áp dụng,,
https://mathanoibacninh.com/khu-vuc/kham-mat-bac-ninh/xa-cao-duc/,https://mathanoibacninh.com/khu-vuc/kham-mat-bac-ninh/xa-cao-duc/,200,page,1258,,,,,,,,,,,[],,,,,2026-09-24T15:12:27+00:00,2026-09-24T22:12:27+07:00,https://mathanoibacninh.com/obs-sitemap-pages.xml,2026-09-24 22:12:27,2026-09-24 22:12:27,Asia/Ho_Chi_Minh (+07:00),public HTML/JSON-LD; OBS sitemap; WP-CLI published post fields,Khớp/không có ngày áp dụng,,
https://mathanoibacninh.com/khu-vuc/kham-mat-bac-ninh/xa-chi-lang/,https://mathanoibacninh.com/khu-vuc/kham-mat-bac-ninh/xa-chi-lang/,200,page,1243,,,,,,,,,,,[],,,,,2026-09-24T15:12:14+00:00,2026-09-24T22:12:14+07:00,https://mathanoibacninh.com/obs-sitemap-pages.xml,2026-09-24 22:12:14,2026-09-24 22:12:14,Asia/Ho_Chi_Minh (+07:00),public HTML/JSON-LD; OBS sitemap; WP-CLI published post fields,Khớp/không có ngày áp dụng,,
https://mathanoibacninh.com/khu-vuc/kham-mat-bac-ninh/xa-dai-dong/,https://mathanoibacninh.com/khu-vuc/kham-mat-bac-ninh/xa-dai-dong/,200,page,1253,,,,,,,,,,,[],,,,,2026-09-24T15:12:23+00:00,2026-09-24T22:12:23+07:00,https://mathanoibacninh.com/obs-sitemap-pages.xml,2026-09-24 22:12:23,2026-09-24 22:12:23,Asia/Ho_Chi_Minh (+07:00),public HTML/JSON-LD; OBS sitemap; WP-CLI published post fields,Khớp/không có ngày áp dụng,,
https://mathanoibacninh.com/khu-vuc/kham-mat-bac-ninh/xa-dai-lai/,https://mathanoibacninh.com/khu-vuc/kham-mat-bac-ninh/xa-dai-lai/,200,page,1257,,,,,,,,,,,[],,,,,2026-09-24T15:12:27+00:00,2026-09-24T22:12:27+07:00,https://mathanoibacninh.com/obs-sitemap-pages.xml,2026-09-24 22:12:27,2026-09-24 22:12:27,Asia/Ho_Chi_Minh (+07:00),public HTML/JSON-LD; OBS sitemap; WP-CLI published post fields,Khớp/không có ngày áp dụng,,
https://mathanoibacninh.com/khu-vuc/kham-mat-bac-ninh/xa-dai-son/,https://mathanoibacninh.com/khu-vuc/kham-mat-bac-ninh/xa-dai-son/,200,page,1264,,,,,,,,,,,[],,,,,2026-09-24T15:12:32+00:00,2026-09-24T22:12:32+07:00,https://mathanoibacninh.com/obs-sitemap-pages.xml,2026-09-24 22:12:32,2026-09-24 22:12:32,Asia/Ho_Chi_Minh (+07:00),public HTML/JSON-LD; OBS sitemap; WP-CLI published post fields,Khớp/không có ngày áp dụng,,
https://mathanoibacninh.com/khu-vuc/kham-mat-bac-ninh/xa-dong-cuu/,https://mathanoibacninh.com/khu-vuc/kham-mat-bac-ninh/xa-dong-cuu/,200,page,1259,,,,,,,,,,,[],,,,,2026-09-24T15:12:28+00:00,2026-09-24T22:12:28+07:00,https://mathanoibacninh.com/obs-sitemap-pages.xml,2026-09-24 22:12:28,2026-09-24 22:12:28,Asia/Ho_Chi_Minh (+07:00),public HTML/JSON-LD; OBS sitemap; WP-CLI published post fields,Khớp/không có ngày áp dụng,,
https://mathanoibacninh.com/khu-vuc/kham-mat-bac-ninh/xa-gia-binh/,https://mathanoibacninh.com/khu-vuc/kham-mat-bac-ninh/xa-gia-binh/,200,page,1255,,,,,,,,,,,[],,,,,2026-09-24T15:12:25+00:00,2026-09-24T22:12:25+07:00,https://mathanoibacninh.com/obs-sitemap-pages.xml,2026-09-24 22:12:25,2026-09-24 22:12:25,Asia/Ho_Chi_Minh (+07:00),public HTML/JSON-LD; OBS sitemap; WP-CLI published post fields,Khớp/không có ngày áp dụng,,
https://mathanoibacninh.com/khu-vuc/kham-mat-bac-ninh/xa-lam-thao/,https://mathanoibacninh.com/khu-vuc/kham-mat-bac-ninh/xa-lam-thao/,200,page,1261,,,,,,,,,,,[],,,,,2026-09-24T15:12:30+00:00,2026-09-24T22:12:30+07:00,https://mathanoibacninh.com/obs-sitemap-pages.xml,2026-09-24 22:12:30,2026-09-24 22:12:30,Asia/Ho_Chi_Minh (+07:00),public HTML/JSON-LD; OBS sitemap; WP-CLI published post fields,Khớp/không có ngày áp dụng,,
https://mathanoibacninh.com/khu-vuc/kham-mat-bac-ninh/xa-lien-bao/,https://mathanoibacninh.com/khu-vuc/kham-mat-bac-ninh/xa-lien-bao/,200,page,1251,,,,,,,,,,,[],,,,,2026-09-24T15:12:22+00:00,2026-09-24T22:12:22+07:00,https://mathanoibacninh.com/obs-sitemap-pages.xml,2026-09-24 22:12:22,2026-09-24 22:12:22,Asia/Ho_Chi_Minh (+07:00),public HTML/JSON-LD; OBS sitemap; WP-CLI published post fields,Khớp/không có ngày áp dụng,,
https://mathanoibacninh.com/khu-vuc/kham-mat-bac-ninh/xa-luong-tai/,https://mathanoibacninh.com/khu-vuc/kham-mat-bac-ninh/xa-luong-tai/,200,page,1260,,,,,,,,,,,[],,,,,2026-09-24T15:12:29+00:00,2026-09-24T22:12:29+07:00,https://mathanoibacninh.com/obs-sitemap-pages.xml,2026-09-24 22:12:29,2026-09-24 22:12:29,Asia/Ho_Chi_Minh (+07:00),public HTML/JSON-LD; OBS sitemap; WP-CLI published post fields,Khớp/không có ngày áp dụng,,
https://mathanoibacninh.com/khu-vuc/kham-mat-bac-ninh/xa-nhan-thang/,https://mathanoibacninh.com/khu-vuc/kham-mat-bac-ninh/xa-nhan-thang/,200,page,1256,,,,,,,,,,,[],,,,,2026-09-24T15:12:26+00:00,2026-09-24T22:12:26+07:00,https://mathanoibacninh.com/obs-sitemap-pages.xml,2026-09-24 22:12:26,2026-09-24 22:12:26,Asia/Ho_Chi_Minh (+07:00),public HTML/JSON-LD; OBS sitemap; WP-CLI published post fields,Khớp/không có ngày áp dụng,,
https://mathanoibacninh.com/khu-vuc/kham-mat-bac-ninh/xa-phat-tich/,https://mathanoibacninh.com/khu-vuc/kham-mat-bac-ninh/xa-phat-tich/,200,page,1254,,,,,,,,,,,[],,,,,2026-09-24T15:12:24+00:00,2026-09-24T22:12:24+07:00,https://mathanoibacninh.com/obs-sitemap-pages.xml,2026-09-24 22:12:24,2026-09-24 22:12:24,Asia/Ho_Chi_Minh (+07:00),public HTML/JSON-LD; OBS sitemap; WP-CLI published post fields,Khớp/không có ngày áp dụng,,
https://mathanoibacninh.com/khu-vuc/kham-mat-bac-ninh/xa-phu-lang/,https://mathanoibacninh.com/khu-vuc/kham-mat-bac-ninh/xa-phu-lang/,200,page,1244,,,,,,,,,,,[],,,,,2026-09-24T15:12:15+00:00,2026-09-24T22:12:15+07:00,https://mathanoibacninh.com/obs-sitemap-pages.xml,2026-09-24 22:12:15,2026-09-24 22:12:15,Asia/Ho_Chi_Minh (+07:00),public HTML/JSON-LD; OBS sitemap; WP-CLI published post fields,Khớp/không có ngày áp dụng,,
https://mathanoibacninh.com/khu-vuc/kham-mat-bac-ninh/xa-tam-da/,https://mathanoibacninh.com/khu-vuc/kham-mat-bac-ninh/xa-tam-da/,200,page,1249,,,,,,,,,,,[],,,,,2026-09-24T15:12:20+00:00,2026-09-24T22:12:20+07:00,https://mathanoibacninh.com/obs-sitemap-pages.xml,2026-09-24 22:12:20,2026-09-24 22:12:20,Asia/Ho_Chi_Minh (+07:00),public HTML/JSON-LD; OBS sitemap; WP-CLI published post fields,Khớp/không có ngày áp dụng,,
https://mathanoibacninh.com/khu-vuc/kham-mat-bac-ninh/xa-tam-giang/,https://mathanoibacninh.com/khu-vuc/kham-mat-bac-ninh/xa-tam-giang/,200,page,1247,,,,,,,,,,,[],,,,,2026-09-24T15:12:18+00:00,2026-09-24T22:12:18+07:00,https://mathanoibacninh.com/obs-sitemap-pages.xml,2026-09-24 22:12:18,2026-09-24 22:12:18,Asia/Ho_Chi_Minh (+07:00),public HTML/JSON-LD; OBS sitemap; WP-CLI published post fields,Khớp/không có ngày áp dụng,,
https://mathanoibacninh.com/khu-vuc/kham-mat-bac-ninh/xa-tan-chi/,https://mathanoibacninh.com/khu-vuc/kham-mat-bac-ninh/xa-tan-chi/,200,page,1252,,,,,,,,,,,[],,,,,2026-09-24T15:12:23+00:00,2026-09-24T22:12:23+07:00,https://mathanoibacninh.com/obs-sitemap-pages.xml,2026-09-24 22:12:23,2026-09-24 22:12:23,Asia/Ho_Chi_Minh (+07:00),public HTML/JSON-LD; OBS sitemap; WP-CLI published post fields,Khớp/không có ngày áp dụng,,
https://mathanoibacninh.com/khu-vuc/kham-mat-bac-ninh/xa-tien-du/,https://mathanoibacninh.com/khu-vuc/kham-mat-bac-ninh/xa-tien-du/,200,page,1250,,,,,,,,,,,[],,,,,2026-09-24T15:12:21+00:00,2026-09-24T22:12:21+07:00,https://mathanoibacninh.com/obs-sitemap-pages.xml,2026-09-24 22:12:21,2026-09-24 22:12:21,Asia/Ho_Chi_Minh (+07:00),public HTML/JSON-LD; OBS sitemap; WP-CLI published post fields,Khớp/không có ngày áp dụng,,
https://mathanoibacninh.com/khu-vuc/kham-mat-bac-ninh/xa-trung-chinh/,https://mathanoibacninh.com/khu-vuc/kham-mat-bac-ninh/xa-trung-chinh/,200,page,1262,,,,,,,,,,,[],,,,,2026-09-24T15:12:31+00:00,2026-09-24T22:12:31+07:00,https://mathanoibacninh.com/obs-sitemap-pages.xml,2026-09-24 22:12:31,2026-09-24 22:12:31,Asia/Ho_Chi_Minh (+07:00),public HTML/JSON-LD; OBS sitemap; WP-CLI published post fields,Khớp/không có ngày áp dụng,,
https://mathanoibacninh.com/khu-vuc/kham-mat-bac-ninh/xa-trung-kenh/,https://mathanoibacninh.com/khu-vuc/kham-mat-bac-ninh/xa-trung-kenh/,200,page,1263,,,,,,,,,,,[],,,,,2026-09-24T15:12:32+00:00,2026-09-24T22:12:32+07:00,https://mathanoibacninh.com/obs-sitemap-pages.xml,2026-09-24 22:12:32,2026-09-24 22:12:32,Asia/Ho_Chi_Minh (+07:00),public HTML/JSON-LD; OBS sitemap; WP-CLI published post fields,Khớp/không có ngày áp dụng,,
https://mathanoibacninh.com/khu-vuc/kham-mat-bac-ninh/xa-van-mon/,https://mathanoibacninh.com/khu-vuc/kham-mat-bac-ninh/xa-van-mon/,200,page,1246,,,,,,,,,,,[],,,,,2026-09-24T15:12:17+00:00,2026-09-24T22:12:17+07:00,https://mathanoibacninh.com/obs-sitemap-pages.xml,2026-09-24 22:12:17,2026-09-24 22:12:17,Asia/Ho_Chi_Minh (+07:00),public HTML/JSON-LD; OBS sitemap; WP-CLI published post fields,Khớp/không có ngày áp dụng,,
https://mathanoibacninh.com/khu-vuc/kham-mat-bac-ninh/xa-yen-phong/,https://mathanoibacninh.com/khu-vuc/kham-mat-bac-ninh/xa-yen-phong/,200,page,1245,,,,,,,,,,,[],,,,,2026-09-24T15:12:16+00:00,2026-09-24T22:12:16+07:00,https://mathanoibacninh.com/obs-sitemap-pages.xml,2026-09-24 22:12:16,2026-09-24 22:12:16,Asia/Ho_Chi_Minh (+07:00),public HTML/JSON-LD; OBS sitemap; WP-CLI published post fields,Khớp/không có ngày áp dụng,,
https://mathanoibacninh.com/khu-vuc/kham-mat-bac-ninh/xa-yen-trung/,https://mathanoibacninh.com/khu-vuc/kham-mat-bac-ninh/xa-yen-trung/,200,page,1248,,,,,,,,,,,[],,,,,2026-09-24T15:12:19+00:00,2026-09-24T22:12:19+07:00,https://mathanoibacninh.com/obs-sitemap-pages.xml,2026-09-24 22:12:19,2026-09-24 22:12:19,Asia/Ho_Chi_Minh (+07:00),public HTML/JSON-LD; OBS sitemap; WP-CLI published post fields,Khớp/không có ngày áp dụng,,
https://mathanoibacninh.com/kien-thuc/,https://mathanoibacninh.com/kien-thuc/,200,page,52,,,,,,,2026-08-05T22:10:33+07:00,2026-08-05T22:10:33+07:00,2026-08-05T22:10:33+07:00,2026-08-05T22:10:33+07:00,"[{""@id"":"""",""@type"":""Article"",""datePublished"":""2026-08-05T22:10:33+07:00"",""dateModified"":""2026-08-05T22:10:33+07:00"",""dateReviewed"":"""",""lastReviewed"":"""",""script_index"":1}]",,,2026-08-05T22:10:33+07:00,2026-08-05T22:10:33+07:00,2026-08-05T22:10:33+00:00,2026-08-06T05:10:33+07:00,https://mathanoibacninh.com/obs-sitemap-pages.xml,2026-08-06 05:10:33,2026-08-06 05:10:33,Asia/Ho_Chi_Minh (+07:00),public HTML/JSON-LD; OBS sitemap; WP-CLI published post fields,Cần kiểm tra,D01;D02;D09,one schema entity datePublished differs from WP post_date; one schema entity dateModified differs from WP post_modified; OG article time differs from corresponding WP date
https://mathanoibacninh.com/kien-thuc/ai-de-bi-glocom/,https://mathanoibacninh.com/kien-thuc/ai-de-bi-glocom/,200,post,159,,Đăng ngày 9/8/2026 · 11 phút đọc,9/8/2026,2026-08-09T07:19:48+07:00,2026-08-09T07:19:48+07:00,Đăng ngày,2026-08-09T07:19:48+07:00,2026-08-09T07:19:48+07:00,2026-08-09T07:19:48+07:00,2026-08-09T07:19:48+07:00,"[{""@id"":""https://mathanoibacninh.com/kien-thuc/ai-de-bi-glocom/#bai-viet"",""@type"":[""MedicalWebPage"",""Article""],""datePublished"":""2026-08-09T07:19:48+07:00"",""dateModified"":""2026-08-09T07:19:48+07:00"",""dateReviewed"":"""",""lastReviewed"":"""",""script_index"":0},{""@id"":"""",""@type"":""Article"",""datePublished"":""2026-08-09T00:19:48+07:00"",""dateModified"":""2026-08-09T00:19:48+07:00"",""dateReviewed"":"""",""lastReviewed"":"""",""script_index"":1}]",,,2026-08-09T00:19:48+07:00,2026-08-09T00:19:48+07:00,2026-08-09T00:19:48+00:00,2026-08-09T07:19:48+07:00,https://mathanoibacninh.com/obs-sitemap-posts.xml,2026-08-09 07:19:48,2026-08-09 07:19:48,Asia/Ho_Chi_Minh (+07:00),public HTML/JSON-LD; OBS sitemap; WP-CLI published post fields,Cần kiểm tra,D01;D02;D09,one schema entity datePublished differs from WP post_date; one schema entity dateModified differs from WP post_modified; OG article time differs from corresponding WP date
https://mathanoibacninh.com/kien-thuc/anh-sang-xanh-tu-man-hinh/,https://mathanoibacninh.com/kien-thuc/anh-sang-xanh-tu-man-hinh/,200,post,589,,Đăng ngày 23/8/2026 · 11 phút đọc,23/8/2026,2026-08-23T00:25:58+07:00,2026-08-23T00:25:58+07:00,Đăng ngày,2026-08-23T00:25:58+07:00,2026-08-23T00:25:58+07:00,2026-08-23T00:25:58+07:00,2026-08-23T00:25:58+07:00,"[{""@id"":""https://mathanoibacninh.com/kien-thuc/anh-sang-xanh-tu-man-hinh/#bai-viet"",""@type"":[""MedicalWebPage"",""Article""],""datePublished"":""2026-08-23T00:25:58+07:00"",""dateModified"":""2026-08-23T00:25:58+07:00"",""dateReviewed"":"""",""lastReviewed"":"""",""script_index"":0},{""@id"":"""",""@type"":""Article"",""datePublished"":""2026-08-22T17:25:58+07:00"",""dateModified"":""2026-08-22T17:25:58+07:00"",""dateReviewed"":"""",""lastReviewed"":"""",""script_index"":1}]",,,2026-08-22T17:25:58+07:00,2026-08-22T17:25:58+07:00,2026-08-22T17:25:58+00:00,2026-08-23T00:25:58+07:00,https://mathanoibacninh.com/obs-sitemap-posts.xml,2026-08-23 00:25:58,2026-08-23 00:25:58,Asia/Ho_Chi_Minh (+07:00),public HTML/JSON-LD; OBS sitemap; WP-CLI published post fields,Cần kiểm tra,D01;D02;D09,one schema entity datePublished differs from WP post_date; one schema entity dateModified differs from WP post_modified; OG article time differs from corresponding WP date
https://mathanoibacninh.com/kien-thuc/bac-giang-gio-thuoc-tinh-nao/,https://mathanoibacninh.com/kien-thuc/bac-giang-gio-thuoc-tinh-nao/,200,post,590,pending-author-and-medical-review,Cập nhật 3/10/2026 · 15 phút đọc,3/10/2026,2026-10-03T08:39:41+07:00,2026-10-03T08:39:41+07:00,,,,,,[],,,2026-08-22T17:25:57+07:00,2026-10-03T01:39:41+07:00,2026-10-03T01:39:41+00:00,2026-10-03T08:39:41+07:00,https://mathanoibacninh.com/obs-sitemap-posts.xml,2026-08-23 00:25:57,2026-10-03 08:39:41,Asia/Ho_Chi_Minh (+07:00),public HTML/JSON-LD; OBS sitemap; WP-CLI published post fields,Cần kiểm tra,D09,Article date-bearing JSON-LD withheld pending author and medical review; verified WP post meta; OG article time differs from corresponding WP date
https://mathanoibacninh.com/kien-thuc/bao-hiem-y-te-kham-mat-the-nao/,https://mathanoibacninh.com/kien-thuc/bao-hiem-y-te-kham-mat-the-nao/,200,post,284,,Cập nhật 2/10/2026 · 11 phút đọc,2/10/2026,2026-10-02T15:51:21+07:00,2026-10-02T15:51:21+07:00,,2026-08-09T07:19:26+07:00,2026-08-09T07:19:26+07:00,2026-10-02T15:51:21+07:00,2026-10-02T15:51:21+07:00,"[{""@id"":""https://mathanoibacninh.com/kien-thuc/bao-hiem-y-te-kham-mat-the-nao/#bai-viet"",""@type"":[""MedicalWebPage"",""Article""],""datePublished"":""2026-08-09T07:19:26+07:00"",""dateModified"":""2026-10-02T15:51:21+07:00"",""dateReviewed"":"""",""lastReviewed"":"""",""script_index"":0},{""@id"":"""",""@type"":""Article"",""datePublished"":""2026-08-09T00:19:26+07:00"",""dateModified"":""2026-10-02T08:51:21+07:00"",""dateReviewed"":"""",""lastReviewed"":"""",""script_index"":1}]",,,2026-08-09T00:19:26+07:00,2026-10-02T08:51:21+07:00,2026-10-02T08:51:21+00:00,2026-10-02T15:51:21+07:00,https://mathanoibacninh.com/obs-sitemap-posts.xml,2026-08-09 07:19:26,2026-10-02 15:51:21,Asia/Ho_Chi_Minh (+07:00),public HTML/JSON-LD; OBS sitemap; WP-CLI published post fields,Cần kiểm tra,D01;D02;D09,one schema entity datePublished differs from WP post_date; one schema entity dateModified differs from WP post_modified; OG article time differs from corresponding WP date
https://mathanoibacninh.com/kien-thuc/benh-basedow-graves-loi-mat/,https://mathanoibacninh.com/kien-thuc/benh-basedow-graves-loi-mat/,200,post,661,,Cập nhật 3/10/2026 · 9 phút đọc,3/10/2026,2026-10-03T14:42:57+07:00,2026-10-03T14:42:57+07:00,,2026-08-23T14:38:01+07:00,2026-08-23T14:38:01+07:00,2026-10-03T14:42:57+07:00,2026-10-03T14:42:57+07:00,"[{""@id"":""https://mathanoibacninh.com/kien-thuc/benh-basedow-graves-loi-mat/#bai-viet"",""@type"":[""MedicalWebPage"",""Article""],""datePublished"":""2026-08-23T14:38:01+07:00"",""dateModified"":""2026-10-03T14:42:57+07:00"",""dateReviewed"":"""",""lastReviewed"":"""",""script_index"":0},{""@id"":"""",""@type"":""Article"",""datePublished"":""2026-08-23T07:38:01+07:00"",""dateModified"":""2026-10-03T07:42:57+07:00"",""dateReviewed"":"""",""lastReviewed"":"""",""script_index"":1}]",,,2026-08-23T07:38:01+07:00,2026-10-03T07:42:57+07:00,2026-10-03T07:42:57+00:00,2026-10-03T14:42:57+07:00,https://mathanoibacninh.com/obs-sitemap-posts.xml,2026-08-23 14:38:01,2026-10-03 14:42:57,Asia/Ho_Chi_Minh (+07:00),public HTML/JSON-LD; OBS sitemap; WP-CLI published post fields,Cần kiểm tra,D01;D02;D09,one schema entity datePublished differs from WP post_date; one schema entity dateModified differs from WP post_modified; OG article time differs from corresponding WP date
https://mathanoibacninh.com/kien-thuc/bhyt-kham-mat-tai-benh-vien-mat-ha-noi-bac-ninh/,https://mathanoibacninh.com/kien-thuc/bhyt-kham-mat-tai-benh-vien-mat-ha-noi-bac-ninh/,200,post,1441,pending-author-and-medical-review,Đăng ngày 1/10/2026 · 2 phút đọc,1/10/2026,2026-10-01T09:12:51+07:00,2026-10-01T09:12:51+07:00,Đăng ngày,,,,,[],,,2026-10-01T02:12:51+07:00,2026-10-01T02:12:51+07:00,2026-10-01T02:12:51+00:00,2026-10-01T09:12:51+07:00,https://mathanoibacninh.com/obs-sitemap-posts.xml,2026-10-01 09:12:51,2026-10-01 09:12:51,Asia/Ho_Chi_Minh (+07:00),public HTML/JSON-LD; OBS sitemap; WP-CLI published post fields,Cần kiểm tra,D09,Article date-bearing JSON-LD withheld pending author and medical review; verified WP post meta; OG article time differs from corresponding WP date
https://mathanoibacninh.com/kien-thuc/bien-chung-mat-o-nguoi-tieu-duong/,https://mathanoibacninh.com/kien-thuc/bien-chung-mat-o-nguoi-tieu-duong/,200,post,168,,Đăng ngày 9/8/2026 · 10 phút đọc,9/8/2026,2026-08-09T07:19:48+07:00,2026-08-09T07:19:48+07:00,Đăng ngày,2026-08-09T07:19:48+07:00,2026-08-09T07:19:48+07:00,2026-08-09T07:19:48+07:00,2026-08-09T07:19:48+07:00,"[{""@id"":""https://mathanoibacninh.com/kien-thuc/bien-chung-mat-o-nguoi-tieu-duong/#bai-viet"",""@type"":[""MedicalWebPage"",""Article""],""datePublished"":""2026-08-09T07:19:48+07:00"",""dateModified"":""2026-08-09T07:19:48+07:00"",""dateReviewed"":"""",""lastReviewed"":"""",""script_index"":0},{""@id"":"""",""@type"":""Article"",""datePublished"":""2026-08-09T00:19:48+07:00"",""dateModified"":""2026-08-09T00:19:48+07:00"",""dateReviewed"":"""",""lastReviewed"":"""",""script_index"":1}]",,,2026-08-09T00:19:48+07:00,2026-08-09T00:19:48+07:00,2026-08-09T00:19:48+00:00,2026-08-09T07:19:48+07:00,https://mathanoibacninh.com/obs-sitemap-posts.xml,2026-08-09 07:19:48,2026-08-09 07:19:48,Asia/Ho_Chi_Minh (+07:00),public HTML/JSON-LD; OBS sitemap; WP-CLI published post fields,Cần kiểm tra,D01;D02;D09,one schema entity datePublished differs from WP post_date; one schema entity dateModified differs from WP post_modified; OG article time differs from corresponding WP date
https://mathanoibacninh.com/kien-thuc/bit-mat-dieu-tri-nhuoc-thi/,https://mathanoibacninh.com/kien-thuc/bit-mat-dieu-tri-nhuoc-thi/,200,post,192,,Đăng ngày 9/8/2026 · 10 phút đọc,9/8/2026,2026-08-09T07:19:49+07:00,2026-08-09T07:19:49+07:00,Đăng ngày,2026-08-09T07:19:49+07:00,2026-08-09T07:19:49+07:00,2026-08-09T07:19:49+07:00,2026-08-09T07:19:49+07:00,"[{""@id"":""https://mathanoibacninh.com/kien-thuc/bit-mat-dieu-tri-nhuoc-thi/#bai-viet"",""@type"":[""MedicalWebPage"",""Article""],""datePublished"":""2026-08-09T07:19:49+07:00"",""dateModified"":""2026-08-09T07:19:49+07:00"",""dateReviewed"":"""",""lastReviewed"":"""",""script_index"":0},{""@id"":"""",""@type"":""Article"",""datePublished"":""2026-08-09T00:19:49+07:00"",""dateModified"":""2026-08-09T00:19:49+07:00"",""dateReviewed"":"""",""lastReviewed"":"""",""script_index"":1}]",,,2026-08-09T00:19:49+07:00,2026-08-09T00:19:49+07:00,2026-08-09T00:19:49+00:00,2026-08-09T07:19:49+07:00,https://mathanoibacninh.com/obs-sitemap-posts.xml,2026-08-09 07:19:49,2026-08-09 07:19:49,Asia/Ho_Chi_Minh (+07:00),public HTML/JSON-LD; OBS sitemap; WP-CLI published post fields,Cần kiểm tra,D01;D02;D09,one schema entity datePublished differs from WP post_date; one schema entity dateModified differs from WP post_modified; OG article time differs from corresponding WP date
https://mathanoibacninh.com/kien-thuc/bo-me-80-tuoi-mo-mat-duoc-khong/,https://mathanoibacninh.com/kien-thuc/bo-me-80-tuoi-mo-mat-duoc-khong/,200,post,149,,Đăng ngày 9/8/2026 · 10 phút đọc,9/8/2026,2026-08-09T07:19:27+07:00,2026-08-09T07:19:27+07:00,Đăng ngày,2026-08-09T07:19:27+07:00,2026-08-09T07:19:27+07:00,2026-08-10T00:07:41+07:00,2026-08-10T00:07:41+07:00,"[{""@id"":""https://mathanoibacninh.com/kien-thuc/bo-me-80-tuoi-mo-mat-duoc-khong/#bai-viet"",""@type"":[""MedicalWebPage"",""Article""],""datePublished"":""2026-08-09T07:19:27+07:00"",""dateModified"":""2026-08-10T00:07:41+07:00"",""dateReviewed"":"""",""lastReviewed"":"""",""script_index"":0},{""@id"":"""",""@type"":""Article"",""datePublished"":""2026-08-09T00:19:27+07:00"",""dateModified"":""2026-08-09T17:07:41+07:00"",""dateReviewed"":"""",""lastReviewed"":"""",""script_index"":1}]",,,2026-08-09T00:19:27+07:00,2026-08-09T17:07:41+07:00,2026-08-09T17:07:41+00:00,2026-08-10T00:07:41+07:00,https://mathanoibacninh.com/obs-sitemap-posts.xml,2026-08-09 07:19:27,2026-08-10 00:07:41,Asia/Ho_Chi_Minh (+07:00),public HTML/JSON-LD; OBS sitemap; WP-CLI published post fields,Cần kiểm tra,D01;D02;D09,one schema entity datePublished differs from WP post_date; one schema entity dateModified differs from WP post_modified; OG article time differs from corresponding WP date
https://mathanoibacninh.com/kien-thuc/bong-vong-mac-dau-hieu-canh-bao/,https://mathanoibacninh.com/kien-thuc/bong-vong-mac-dau-hieu-canh-bao/,200,post,653,,Cập nhật 3/10/2026 · 9 phút đọc,3/10/2026,2026-10-03T14:42:54+07:00,2026-10-03T14:42:54+07:00,,2026-08-23T12:28:55+07:00,2026-08-23T12:28:55+07:00,2026-10-03T14:42:54+07:00,2026-10-03T14:42:54+07:00,"[{""@id"":""https://mathanoibacninh.com/kien-thuc/bong-vong-mac-dau-hieu-canh-bao/#bai-viet"",""@type"":[""MedicalWebPage"",""Article""],""datePublished"":""2026-08-23T12:28:55+07:00"",""dateModified"":""2026-10-03T14:42:54+07:00"",""dateReviewed"":"""",""lastReviewed"":"""",""script_index"":0},{""@id"":"""",""@type"":""Article"",""datePublished"":""2026-08-23T05:28:55+07:00"",""dateModified"":""2026-10-03T07:42:54+07:00"",""dateReviewed"":"""",""lastReviewed"":"""",""script_index"":1}]",,,2026-08-23T05:28:55+07:00,2026-10-03T07:42:54+07:00,2026-10-03T07:42:54+00:00,2026-10-03T14:42:54+07:00,https://mathanoibacninh.com/obs-sitemap-posts.xml,2026-08-23 12:28:55,2026-10-03 14:42:54,Asia/Ho_Chi_Minh (+07:00),public HTML/JSON-LD; OBS sitemap; WP-CLI published post fields,Cần kiểm tra,D01;D02;D09,one schema entity datePublished differs from WP post_date; one schema entity dateModified differs from WP post_modified; OG article time differs from corresponding WP date
https://mathanoibacninh.com/kien-thuc/bui-va-hoa-chat-trong-moi-truong-lam-viec/,https://mathanoibacninh.com/kien-thuc/bui-va-hoa-chat-trong-moi-truong-lam-viec/,200,post,591,,Cập nhật 3/10/2026 · 11 phút đọc,3/10/2026,2026-10-03T14:42:48+07:00,2026-10-03T14:42:48+07:00,,2026-08-23T00:25:57+07:00,2026-08-23T00:25:57+07:00,2026-10-03T14:42:48+07:00,2026-10-03T14:42:48+07:00,"[{""@id"":""https://mathanoibacninh.com/kien-thuc/bui-va-hoa-chat-trong-moi-truong-lam-viec/#bai-viet"",""@type"":[""MedicalWebPage"",""Article""],""datePublished"":""2026-08-23T00:25:57+07:00"",""dateModified"":""2026-10-03T14:42:48+07:00"",""dateReviewed"":"""",""lastReviewed"":"""",""script_index"":0},{""@id"":"""",""@type"":""Article"",""datePublished"":""2026-08-22T17:25:57+07:00"",""dateModified"":""2026-10-03T07:42:48+07:00"",""dateReviewed"":"""",""lastReviewed"":"""",""script_index"":1}]",,,2026-08-22T17:25:57+07:00,2026-10-03T07:42:48+07:00,2026-10-03T07:42:48+00:00,2026-10-03T14:42:48+07:00,https://mathanoibacninh.com/obs-sitemap-posts.xml,2026-08-23 00:25:57,2026-10-03 14:42:48,Asia/Ho_Chi_Minh (+07:00),public HTML/JSON-LD; OBS sitemap; WP-CLI published post fields,Cần kiểm tra,D01;D02;D09,one schema entity datePublished differs from WP post_date; one schema entity dateModified differs from WP post_modified; OG article time differs from corresponding WP date
https://mathanoibacninh.com/kien-thuc/bui-xi-mang-vao-mat-cong-truong/,https://mathanoibacninh.com/kien-thuc/bui-xi-mang-vao-mat-cong-truong/,200,post,1481,pending-author-and-medical-review,Đăng ngày 1/10/2026 · 8 phút đọc,1/10/2026,2026-10-01T15:49:53+07:00,2026-10-01T15:49:53+07:00,Đăng ngày,,,,,[],,,2026-10-01T08:49:53+07:00,2026-10-01T09:02:13+07:00,2026-10-01T09:02:13+00:00,2026-10-01T16:02:13+07:00,https://mathanoibacninh.com/obs-sitemap-posts.xml,2026-10-01 15:49:53,2026-10-01 16:02:13,Asia/Ho_Chi_Minh (+07:00),public HTML/JSON-LD; OBS sitemap; WP-CLI published post fields,Cần kiểm tra,D09,Article date-bearing JSON-LD withheld pending author and medical review; verified WP post meta; OG article time differs from corresponding WP date
https://mathanoibacninh.com/kien-thuc/cac-phuong-phap-mo-can/,https://mathanoibacninh.com/kien-thuc/cac-phuong-phap-mo-can/,200,post,1450,pending-author-and-medical-review,Cập nhật 2/10/2026 · 3 phút đọc,2/10/2026,2026-10-02T15:51:11+07:00,2026-10-02T15:51:11+07:00,,,,,,[],,,2026-10-01T02:12:58+07:00,2026-10-02T08:51:11+07:00,2026-10-02T08:51:11+00:00,2026-10-02T15:51:11+07:00,https://mathanoibacninh.com/obs-sitemap-posts.xml,2026-10-01 09:12:58,2026-10-02 15:51:11,Asia/Ho_Chi_Minh (+07:00),public HTML/JSON-LD; OBS sitemap; WP-CLI published post fields,Cần kiểm tra,D09,Article date-bearing JSON-LD withheld pending author and medical review; verified WP post meta; OG article time differs from corresponding WP date
https://mathanoibacninh.com/kien-thuc/cach-deo-lens-va-thao-lens-don-gian-cho-nguoi-moi-bat-dau/,https://mathanoibacninh.com/kien-thuc/cach-deo-lens-va-thao-lens-don-gian-cho-nguoi-moi-bat-dau/,200,post,75,,Cập nhật 2/10/2026 · 3 phút đọc,2/10/2026,2026-10-02T15:51:00+07:00,2026-10-02T15:51:00+07:00,,2026-08-06T21:03:14+07:00,2026-08-06T21:03:14+07:00,2026-10-02T15:51:00+07:00,2026-10-02T15:51:00+07:00,"[{""@id"":""https://mathanoibacninh.com/kien-thuc/cach-deo-lens-va-thao-lens-don-gian-cho-nguoi-moi-bat-dau/#bai-viet"",""@type"":[""MedicalWebPage"",""Article""],""datePublished"":""2026-08-06T21:03:14+07:00"",""dateModified"":""2026-10-02T15:51:00+07:00"",""dateReviewed"":"""",""lastReviewed"":"""",""script_index"":0},{""@id"":"""",""@type"":""Article"",""datePublished"":""2026-08-06T14:03:14+07:00"",""dateModified"":""2026-10-02T08:51:00+07:00"",""dateReviewed"":"""",""lastReviewed"":"""",""script_index"":1}]",,,2026-08-06T14:03:14+07:00,2026-10-02T08:51:00+07:00,2026-10-02T08:51:00+00:00,2026-10-02T15:51:00+07:00,https://mathanoibacninh.com/obs-sitemap-posts.xml,2026-08-06 21:03:14,2026-10-02 15:51:00,Asia/Ho_Chi_Minh (+07:00),public HTML/JSON-LD; OBS sitemap; WP-CLI published post fields,Cần kiểm tra,D01;D02;D09,one schema entity datePublished differs from WP post_date; one schema entity dateModified differs from WP post_modified; OG article time differs from corresponding WP date
https://mathanoibacninh.com/kien-thuc/cach-han-che-tang-do-can-cho-tre/,https://mathanoibacninh.com/kien-thuc/cach-han-che-tang-do-can-cho-tre/,200,post,140,pending-author-and-medical-review,Cập nhật 1/10/2026 · 13 phút đọc,1/10/2026,2026-10-01T09:12:50+07:00,2026-10-01T09:12:50+07:00,,,,,,[],,,2026-08-09T00:19:27+07:00,2026-10-01T02:12:50+07:00,2026-10-01T02:12:50+00:00,2026-10-01T09:12:50+07:00,https://mathanoibacninh.com/obs-sitemap-posts.xml,2026-08-09 07:19:27,2026-10-01 09:12:50,Asia/Ho_Chi_Minh (+07:00),public HTML/JSON-LD; OBS sitemap; WP-CLI published post fields,Cần kiểm tra,D09,Article date-bearing JSON-LD withheld pending author and medical review; verified WP post meta; OG article time differs from corresponding WP date
https://mathanoibacninh.com/kien-thuc/can-075-do-co-can-deo-kinh/,https://mathanoibacninh.com/kien-thuc/can-075-do-co-can-deo-kinh/,200,post,1446,pending-author-and-medical-review,Đăng ngày 1/10/2026 · 2 phút đọc,1/10/2026,2026-10-01T09:12:55+07:00,2026-10-01T09:12:55+07:00,Đăng ngày,,,,,[],,,2026-10-01T02:12:55+07:00,2026-10-01T02:12:55+07:00,2026-10-01T02:12:55+00:00,2026-10-01T09:12:55+07:00,https://mathanoibacninh.com/obs-sitemap-posts.xml,2026-10-01 09:12:55,2026-10-01 09:12:55,Asia/Ho_Chi_Minh (+07:00),public HTML/JSON-LD; OBS sitemap; WP-CLI published post fields,Cần kiểm tra,D09,Article date-bearing JSON-LD withheld pending author and medical review; verified WP post meta; OG article time differs from corresponding WP date
https://mathanoibacninh.com/kien-thuc/can-bao-nhieu-do-thi-mo-duoc/,https://mathanoibacninh.com/kien-thuc/can-bao-nhieu-do-thi-mo-duoc/,200,post,1448,pending-author-and-medical-review,Đăng ngày 1/10/2026 · 2 phút đọc,1/10/2026,2026-10-01T09:12:57+07:00,2026-10-01T09:12:57+07:00,Đăng ngày,,,,,[],,,2026-10-01T02:12:57+07:00,2026-10-01T02:12:57+07:00,2026-10-01T02:12:57+00:00,2026-10-01T09:12:57+07:00,https://mathanoibacninh.com/obs-sitemap-posts.xml,2026-10-01 09:12:57,2026-10-01 09:12:57,Asia/Ho_Chi_Minh (+07:00),public HTML/JSON-LD; OBS sitemap; WP-CLI published post fields,Cần kiểm tra,D09,Article date-bearing JSON-LD withheld pending author and medical review; verified WP post meta; OG article time differs from corresponding WP date
https://mathanoibacninh.com/kien-thuc/can-nang-va-nguy-co-vong-mac/,https://mathanoibacninh.com/kien-thuc/can-nang-va-nguy-co-vong-mac/,200,post,169,,Cập nhật 2/10/2026 · 9 phút đọc,2/10/2026,2026-10-02T15:51:22+07:00,2026-10-02T15:51:22+07:00,,2026-08-09T07:19:26+07:00,2026-08-09T07:19:26+07:00,2026-10-02T15:51:22+07:00,2026-10-02T15:51:22+07:00,"[{""@id"":""https://mathanoibacninh.com/kien-thuc/can-nang-va-nguy-co-vong-mac/#bai-viet"",""@type"":[""MedicalWebPage"",""Article""],""datePublished"":""2026-08-09T07:19:26+07:00"",""dateModified"":""2026-10-02T15:51:22+07:00"",""dateReviewed"":"""",""lastReviewed"":"""",""script_index"":0},{""@id"":"""",""@type"":""Article"",""datePublished"":""2026-08-09T00:19:26+07:00"",""dateModified"":""2026-10-02T08:51:22+07:00"",""dateReviewed"":"""",""lastReviewed"":"""",""script_index"":1}]",,,2026-08-09T00:19:26+07:00,2026-10-02T08:51:22+07:00,2026-10-02T08:51:22+00:00,2026-10-02T15:51:22+07:00,https://mathanoibacninh.com/obs-sitemap-posts.xml,2026-08-09 07:19:26,2026-10-02 15:51:22,Asia/Ho_Chi_Minh (+07:00),public HTML/JSON-LD; OBS sitemap; WP-CLI published post fields,Cần kiểm tra,D01;D02;D09,one schema entity datePublished differs from WP post_date; one schema entity dateModified differs from WP post_modified; OG article time differs from corresponding WP date
https://mathanoibacninh.com/kien-thuc/can-thi-la-gi-nguyen-nhan-va-dau-hieu/,https://mathanoibacninh.com/kien-thuc/can-thi-la-gi-nguyen-nhan-va-dau-hieu/,200,post,116,,Cập nhật 2/10/2026 · 9 phút đọc,2/10/2026,2026-10-02T10:25:54+07:00,2026-10-02T10:25:54+07:00,,2026-08-09T07:20:19+07:00,2026-08-09T07:20:19+07:00,2026-10-02T10:25:54+07:00,2026-10-02T10:25:54+07:00,"[{""@id"":""https://mathanoibacninh.com/kien-thuc/can-thi-la-gi-nguyen-nhan-va-dau-hieu/#bai-viet"",""@type"":[""MedicalWebPage"",""Article""],""datePublished"":""2026-08-09T07:20:19+07:00"",""dateModified"":""2026-10-02T10:25:54+07:00"",""dateReviewed"":"""",""lastReviewed"":"""",""script_index"":0},{""@id"":"""",""@type"":""Article"",""datePublished"":""2026-08-09T00:20:19+07:00"",""dateModified"":""2026-10-02T03:25:54+07:00"",""dateReviewed"":"""",""lastReviewed"":"""",""script_index"":1}]",,,2026-08-09T00:20:19+07:00,2026-10-02T03:25:54+07:00,2026-10-02T03:25:54+00:00,2026-10-02T10:25:54+07:00,https://mathanoibacninh.com/obs-sitemap-posts.xml,2026-08-09 07:20:19,2026-10-02 10:25:54,Asia/Ho_Chi_Minh (+07:00),public HTML/JSON-LD; OBS sitemap; WP-CLI published post fields,Cần kiểm tra,D01;D02;D09,one schema entity datePublished differs from WP post_date; one schema entity dateModified differs from WP post_modified; OG article time differs from corresponding WP date
https://mathanoibacninh.com/kien-thuc/can-thi-tang-do-nhanh-o-nguoi-truong-thanh/,https://mathanoibacninh.com/kien-thuc/can-thi-tang-do-nhanh-o-nguoi-truong-thanh/,200,post,117,,Đăng ngày 9/8/2026 · 11 phút đọc,9/8/2026,2026-08-09T07:19:27+07:00,2026-08-09T07:19:27+07:00,Đăng ngày,2026-08-09T07:19:27+07:00,2026-08-09T07:19:27+07:00,2026-08-09T07:19:27+07:00,2026-08-09T07:19:27+07:00,"[{""@id"":""https://mathanoibacninh.com/kien-thuc/can-thi-tang-do-nhanh-o-nguoi-truong-thanh/#bai-viet"",""@type"":[""MedicalWebPage"",""Article""],""datePublished"":""2026-08-09T07:19:27+07:00"",""dateModified"":""2026-08-09T07:19:27+07:00"",""dateReviewed"":"""",""lastReviewed"":"""",""script_index"":0},{""@id"":"""",""@type"":""Article"",""datePublished"":""2026-08-09T00:19:27+07:00"",""dateModified"":""2026-08-09T00:19:27+07:00"",""dateReviewed"":"""",""lastReviewed"":"""",""script_index"":1}]",,,2026-08-09T00:19:27+07:00,2026-08-09T00:19:27+07:00,2026-08-09T00:19:27+00:00,2026-08-09T07:19:27+07:00,https://mathanoibacninh.com/obs-sitemap-posts.xml,2026-08-09 07:19:27,2026-08-09 07:19:27,Asia/Ho_Chi_Minh (+07:00),public HTML/JSON-LD; OBS sitemap; WP-CLI published post fields,Cần kiểm tra,D01;D02;D09,one schema entity datePublished differs from WP post_date; one schema entity dateModified differs from WP post_modified; OG article time differs from corresponding WP date
https://mathanoibacninh.com/kien-thuc/can-thi-tre-em/,https://mathanoibacninh.com/kien-thuc/can-thi-tre-em/,200,taxonomy/archive,,,,,,,,,,,,[],,,,,,,https://mathanoibacninh.com/obs-sitemap-cats.xml,,,Asia/Ho_Chi_Minh (+07:00),public HTML/JSON-LD; OBS sitemap; WP-CLI published post fields,Khớp/không có ngày áp dụng,,
https://mathanoibacninh.com/kien-thuc/can-thi-tre-em/page/2/,https://mathanoibacninh.com/kien-thuc/can-thi-tre-em/page/2/,200,taxonomy/archive,,,,,,,,,,,,[],,,,,,,,,,Asia/Ho_Chi_Minh (+07:00),public HTML/JSON-LD; OBS sitemap; WP-CLI published post fields,Khớp/không có ngày áp dụng,,
https://mathanoibacninh.com/kien-thuc/cao-huyet-ap-anh-huong-mat/,https://mathanoibacninh.com/kien-thuc/cao-huyet-ap-anh-huong-mat/,200,post,170,,Cập nhật 2/10/2026 · 10 phút đọc,2/10/2026,2026-10-02T15:51:29+07:00,2026-10-02T15:51:29+07:00,,2026-08-09T07:19:26+07:00,2026-08-09T07:19:26+07:00,2026-10-02T15:51:29+07:00,2026-10-02T15:51:29+07:00,"[{""@id"":""https://mathanoibacninh.com/kien-thuc/cao-huyet-ap-anh-huong-mat/#bai-viet"",""@type"":[""MedicalWebPage"",""Article""],""datePublished"":""2026-08-09T07:19:26+07:00"",""dateModified"":""2026-10-02T15:51:29+07:00"",""dateReviewed"":"""",""lastReviewed"":"""",""script_index"":0},{""@id"":"""",""@type"":""Article"",""datePublished"":""2026-08-09T00:19:26+07:00"",""dateModified"":""2026-10-02T08:51:29+07:00"",""dateReviewed"":"""",""lastReviewed"":"""",""script_index"":1}]",,,2026-08-09T00:19:26+07:00,2026-10-02T08:51:29+07:00,2026-10-02T08:51:29+00:00,2026-10-02T15:51:29+07:00,https://mathanoibacninh.com/obs-sitemap-posts.xml,2026-08-09 07:19:26,2026-10-02 15:51:29,Asia/Ho_Chi_Minh (+07:00),public HTML/JSON-LD; OBS sitemap; WP-CLI published post fields,Cần kiểm tra,D01;D02;D09,one schema entity datePublished differs from WP post_date; one schema entity dateModified differs from WP post_modified; OG article time differs from corresponding WP date
https://mathanoibacninh.com/kien-thuc/chalazion-va-leo-mat/,https://mathanoibacninh.com/kien-thuc/chalazion-va-leo-mat/,200,post,177,,Cập nhật 2/10/2026 · 9 phút đọc,2/10/2026,2026-10-02T15:51:37+07:00,2026-10-02T15:51:37+07:00,,2026-08-09T07:19:49+07:00,2026-08-09T07:19:49+07:00,2026-10-02T15:51:37+07:00,2026-10-02T15:51:37+07:00,"[{""@id"":""https://mathanoibacninh.com/kien-thuc/chalazion-va-leo-mat/#bai-viet"",""@type"":[""MedicalWebPage"",""Article""],""datePublished"":""2026-08-09T07:19:49+07:00"",""dateModified"":""2026-10-02T15:51:37+07:00"",""dateReviewed"":"""",""lastReviewed"":"""",""script_index"":0},{""@id"":"""",""@type"":""Article"",""datePublished"":""2026-08-09T00:19:49+07:00"",""dateModified"":""2026-10-02T08:51:37+07:00"",""dateReviewed"":"""",""lastReviewed"":"""",""script_index"":1}]",,,2026-08-09T00:19:49+07:00,2026-10-02T08:51:37+07:00,2026-10-02T08:51:37+00:00,2026-10-02T15:51:37+07:00,https://mathanoibacninh.com/obs-sitemap-posts.xml,2026-08-09 07:19:49,2026-10-02 15:51:37,Asia/Ho_Chi_Minh (+07:00),public HTML/JSON-LD; OBS sitemap; WP-CLI published post fields,Cần kiểm tra,D01;D02;D09,one schema entity datePublished differs from WP post_date; one schema entity dateModified differs from WP post_modified; OG article time differs from corresponding WP date
https://mathanoibacninh.com/kien-thuc/chay-nuoc-mat-mot-ben-keo-dai-nhieu-thang/,https://mathanoibacninh.com/kien-thuc/chay-nuoc-mat-mot-ben-keo-dai-nhieu-thang/,200,post,616,,Đăng ngày 23/8/2026 · 11 phút đọc,23/8/2026,2026-08-23T00:38:30+07:00,2026-08-23T00:38:30+07:00,Đăng ngày,2026-08-23T00:38:30+07:00,2026-08-23T00:38:30+07:00,2026-08-23T00:38:30+07:00,2026-08-23T00:38:30+07:00,"[{""@id"":""https://mathanoibacninh.com/kien-thuc/chay-nuoc-mat-mot-ben-keo-dai-nhieu-thang/#bai-viet"",""@type"":[""MedicalWebPage"",""Article""],""datePublished"":""2026-08-23T00:38:30+07:00"",""dateModified"":""2026-08-23T00:38:30+07:00"",""dateReviewed"":"""",""lastReviewed"":"""",""script_index"":0},{""@id"":"""",""@type"":""Article"",""datePublished"":""2026-08-22T17:38:30+07:00"",""dateModified"":""2026-08-22T17:38:30+07:00"",""dateReviewed"":"""",""lastReviewed"":"""",""script_index"":1}]",,,2026-08-22T17:38:30+07:00,2026-08-22T17:38:30+07:00,2026-08-22T17:38:30+00:00,2026-08-23T00:38:30+07:00,https://mathanoibacninh.com/obs-sitemap-posts.xml,2026-08-23 00:38:30,2026-08-23 00:38:30,Asia/Ho_Chi_Minh (+07:00),public HTML/JSON-LD; OBS sitemap; WP-CLI published post fields,Cần kiểm tra,D01;D02;D09,one schema entity datePublished differs from WP post_date; one schema entity dateModified differs from WP post_modified; OG article time differs from corresponding WP date
https://mathanoibacninh.com/kien-thuc/chay-nuoc-mat-nhieu-khi-ra-gio-hoac-nang/,https://mathanoibacninh.com/kien-thuc/chay-nuoc-mat-nhieu-khi-ra-gio-hoac-nang/,200,post,617,,Cập nhật 1/10/2026 · 12 phút đọc,1/10/2026,2026-10-01T16:02:26+07:00,2026-10-01T16:02:26+07:00,,2026-08-23T00:38:31+07:00,2026-08-23T00:38:31+07:00,2026-10-01T16:02:26+07:00,2026-10-01T16:02:26+07:00,"[{""@id"":""https://mathanoibacninh.com/kien-thuc/chay-nuoc-mat-nhieu-khi-ra-gio-hoac-nang/#bai-viet"",""@type"":[""MedicalWebPage"",""Article""],""datePublished"":""2026-08-23T00:38:31+07:00"",""dateModified"":""2026-10-01T16:02:26+07:00"",""dateReviewed"":"""",""lastReviewed"":"""",""script_index"":0},{""@id"":"""",""@type"":""Article"",""datePublished"":""2026-08-22T17:38:31+07:00"",""dateModified"":""2026-10-01T09:02:26+07:00"",""dateReviewed"":"""",""lastReviewed"":"""",""script_index"":1}]",,,2026-08-22T17:38:31+07:00,2026-10-01T09:02:26+07:00,2026-10-01T09:02:26+00:00,2026-10-01T16:02:26+07:00,https://mathanoibacninh.com/obs-sitemap-posts.xml,2026-08-23 00:38:31,2026-10-01 16:02:26,Asia/Ho_Chi_Minh (+07:00),public HTML/JSON-LD; OBS sitemap; WP-CLI published post fields,Cần kiểm tra,D01;D02;D09,one schema entity datePublished differs from WP post_date; one schema entity dateModified differs from WP post_modified; OG article time differs from corresponding WP date
https://mathanoibacninh.com/kien-thuc/chi-phi-mo-can-gom-nhung-gi/,https://mathanoibacninh.com/kien-thuc/chi-phi-mo-can-gom-nhung-gi/,200,post,1449,pending-author-and-medical-review,Đăng ngày 1/10/2026 · 2 phút đọc,1/10/2026,2026-10-01T09:12:58+07:00,2026-10-01T09:12:58+07:00,Đăng ngày,,,,,[],,,2026-10-01T02:12:58+07:00,2026-10-01T02:12:58+07:00,2026-10-01T02:12:58+00:00,2026-10-01T09:12:58+07:00,https://mathanoibacninh.com/obs-sitemap-posts.xml,2026-10-01 09:12:58,2026-10-01 09:12:58,Asia/Ho_Chi_Minh (+07:00),public HTML/JSON-LD; OBS sitemap; WP-CLI published post fields,Cần kiểm tra,D09,Article date-bearing JSON-LD withheld pending author and medical review; verified WP post meta; OG article time differs from corresponding WP date
https://mathanoibacninh.com/kien-thuc/choi-quang-sang-sau-mo-can/,https://mathanoibacninh.com/kien-thuc/choi-quang-sang-sau-mo-can/,200,post,1561,pending-author-and-medical-review,Đăng ngày 2/10/2026 · 8 phút đọc,2/10/2026,2026-10-02T11:33:50+07:00,2026-10-02T11:33:50+07:00,Đăng ngày,,,,,[],,,2026-10-02T04:33:50+07:00,2026-10-02T04:37:36+07:00,2026-10-02T04:37:36+00:00,2026-10-02T11:37:36+07:00,https://mathanoibacninh.com/obs-sitemap-posts.xml,2026-10-02 11:33:50,2026-10-02 11:37:36,Asia/Ho_Chi_Minh (+07:00),public HTML/JSON-LD; OBS sitemap; WP-CLI published post fields,Cần kiểm tra,D09,Article date-bearing JSON-LD withheld pending author and medical review; verified WP post meta; OG article time differs from corresponding WP date
https://mathanoibacninh.com/kien-thuc/chon-noi-kham-mat-o-bac-ninh/,https://mathanoibacninh.com/kien-thuc/chon-noi-kham-mat-o-bac-ninh/,200,post,1442,pending-author-and-medical-review,Đăng ngày 1/10/2026 · 3 phút đọc,1/10/2026,2026-10-01T09:12:52+07:00,2026-10-01T09:12:52+07:00,Đăng ngày,,,,,[],,,2026-10-01T02:12:52+07:00,2026-10-01T02:12:52+07:00,2026-10-01T02:12:52+00:00,2026-10-01T09:12:52+07:00,https://mathanoibacninh.com/obs-sitemap-posts.xml,2026-10-01 09:12:52,2026-10-01 09:12:52,Asia/Ho_Chi_Minh (+07:00),public HTML/JSON-LD; OBS sitemap; WP-CLI published post fields,Cần kiểm tra,D09,Article date-bearing JSON-LD withheld pending author and medical review; verified WP post meta; OG article time differs from corresponding WP date
https://mathanoibacninh.com/kien-thuc/chop-sang-va-ruoi-bay-truoc-mat/,https://mathanoibacninh.com/kien-thuc/chop-sang-va-ruoi-bay-truoc-mat/,200,post,171,,Đăng ngày 9/8/2026 · 10 phút đọc,9/8/2026,2026-08-09T07:19:48+07:00,2026-08-09T07:19:48+07:00,Đăng ngày,2026-08-09T07:19:48+07:00,2026-08-09T07:19:48+07:00,2026-08-09T07:19:48+07:00,2026-08-09T07:19:48+07:00,"[{""@id"":""https://mathanoibacninh.com/kien-thuc/chop-sang-va-ruoi-bay-truoc-mat/#bai-viet"",""@type"":[""MedicalWebPage"",""Article""],""datePublished"":""2026-08-09T07:19:48+07:00"",""dateModified"":""2026-08-09T07:19:48+07:00"",""dateReviewed"":"""",""lastReviewed"":"""",""script_index"":0},{""@id"":"""",""@type"":""Article"",""datePublished"":""2026-08-09T00:19:48+07:00"",""dateModified"":""2026-08-09T00:19:48+07:00"",""dateReviewed"":"""",""lastReviewed"":"""",""script_index"":1}]",,,2026-08-09T00:19:48+07:00,2026-08-09T00:19:48+07:00,2026-08-09T00:19:48+00:00,2026-08-09T07:19:48+07:00,https://mathanoibacninh.com/obs-sitemap-posts.xml,2026-08-09 07:19:48,2026-08-09 07:19:48,Asia/Ho_Chi_Minh (+07:00),public HTML/JSON-LD; OBS sitemap; WP-CLI published post fields,Cần kiểm tra,D01;D02;D09,one schema entity datePublished differs from WP post_date; one schema entity dateModified differs from WP post_modified; OG article time differs from corresponding WP date
https://mathanoibacninh.com/kien-thuc/chuan-bi-kham-bao-hiem/,https://mathanoibacninh.com/kien-thuc/chuan-bi-kham-bao-hiem/,200,taxonomy/archive,,,,,,,,,,,,[],,,,,,,https://mathanoibacninh.com/obs-sitemap-cats.xml,,,Asia/Ho_Chi_Minh (+07:00),public HTML/JSON-LD; OBS sitemap; WP-CLI published post fields,Khớp/không có ngày áp dụng,,
https://mathanoibacninh.com/kien-thuc/chuan-bi-kham-bao-hiem/page/2/,https://mathanoibacninh.com/kien-thuc/chuan-bi-kham-bao-hiem/page/2/,200,taxonomy/archive,,,,,,,,,,,,[],,,,,,,,,,Asia/Ho_Chi_Minh (+07:00),public HTML/JSON-LD; OBS sitemap; WP-CLI published post fields,Khớp/không có ngày áp dụng,,
https://mathanoibacninh.com/kien-thuc/com-mat-keo-dai-khong-tim-ra-di-vat/,https://mathanoibacninh.com/kien-thuc/com-mat-keo-dai-khong-tim-ra-di-vat/,200,post,565,,Cập nhật 2/10/2026 · 11 phút đọc,2/10/2026,2026-10-02T15:51:39+07:00,2026-10-02T15:51:39+07:00,,2026-08-23T01:18:54+07:00,2026-08-23T01:18:54+07:00,2026-10-02T15:51:39+07:00,2026-10-02T15:51:39+07:00,"[{""@id"":""https://mathanoibacninh.com/kien-thuc/com-mat-keo-dai-khong-tim-ra-di-vat/#bai-viet"",""@type"":[""MedicalWebPage"",""Article""],""datePublished"":""2026-08-23T01:18:54+07:00"",""dateModified"":""2026-10-02T15:51:39+07:00"",""dateReviewed"":"""",""lastReviewed"":"""",""script_index"":0},{""@id"":"""",""@type"":""Article"",""datePublished"":""2026-08-22T18:18:54+07:00"",""dateModified"":""2026-10-02T08:51:39+07:00"",""dateReviewed"":"""",""lastReviewed"":"""",""script_index"":1}]",,,2026-08-22T18:18:54+07:00,2026-10-02T08:51:39+07:00,2026-10-02T08:51:39+00:00,2026-10-02T15:51:39+07:00,https://mathanoibacninh.com/obs-sitemap-posts.xml,2026-08-23 01:18:54,2026-10-02 15:51:39,Asia/Ho_Chi_Minh (+07:00),public HTML/JSON-LD; OBS sitemap; WP-CLI published post fields,Cần kiểm tra,D01;D02;D09,one schema entity datePublished differs from WP post_date; one schema entity dateModified differs from WP post_modified; OG article time differs from corresponding WP date
https://mathanoibacninh.com/kien-thuc/con-bi-can-co-tang-do-nua-khong/,https://mathanoibacninh.com/kien-thuc/con-bi-can-co-tang-do-nua-khong/,200,post,141,,Đăng ngày 9/8/2026 · 11 phút đọc,9/8/2026,2026-08-09T07:19:27+07:00,2026-08-09T07:19:27+07:00,Đăng ngày,2026-08-09T07:19:27+07:00,2026-08-09T07:19:27+07:00,2026-08-09T07:19:27+07:00,2026-08-09T07:19:27+07:00,"[{""@id"":""https://mathanoibacninh.com/kien-thuc/con-bi-can-co-tang-do-nua-khong/#bai-viet"",""@type"":[""MedicalWebPage"",""Article""],""datePublished"":""2026-08-09T07:19:27+07:00"",""dateModified"":""2026-08-09T07:19:27+07:00"",""dateReviewed"":"""",""lastReviewed"":"""",""script_index"":0},{""@id"":"""",""@type"":""Article"",""datePublished"":""2026-08-09T00:19:27+07:00"",""dateModified"":""2026-08-09T00:19:27+07:00"",""dateReviewed"":"""",""lastReviewed"":"""",""script_index"":1}]",,,2026-08-09T00:19:27+07:00,2026-08-09T00:19:27+07:00,2026-08-09T00:19:27+00:00,2026-08-09T07:19:27+07:00,https://mathanoibacninh.com/obs-sitemap-posts.xml,2026-08-09 07:19:27,2026-08-09 07:19:27,Asia/Ho_Chi_Minh (+07:00),public HTML/JSON-LD; OBS sitemap; WP-CLI published post fields,Cần kiểm tra,D01;D02;D09,one schema entity datePublished differs from WP post_date; one schema entity dateModified differs from WP post_modified; OG article time differs from corresponding WP date
https://mathanoibacninh.com/kien-thuc/con-hay-nheo-mat-khi-xem-tivi/,https://mathanoibacninh.com/kien-thuc/con-hay-nheo-mat-khi-xem-tivi/,200,post,142,,Cập nhật 2/10/2026 · 10 phút đọc,2/10/2026,2026-10-02T15:51:13+07:00,2026-10-02T15:51:13+07:00,,2026-08-09T07:19:27+07:00,2026-08-09T07:19:27+07:00,2026-10-02T15:51:13+07:00,2026-10-02T15:51:13+07:00,"[{""@id"":""https://mathanoibacninh.com/kien-thuc/con-hay-nheo-mat-khi-xem-tivi/#bai-viet"",""@type"":[""MedicalWebPage"",""Article""],""datePublished"":""2026-08-09T07:19:27+07:00"",""dateModified"":""2026-10-02T15:51:13+07:00"",""dateReviewed"":"""",""lastReviewed"":"""",""script_index"":0},{""@id"":"""",""@type"":""Article"",""datePublished"":""2026-08-09T00:19:27+07:00"",""dateModified"":""2026-10-02T08:51:13+07:00"",""dateReviewed"":"""",""lastReviewed"":"""",""script_index"":1}]",,,2026-08-09T00:19:27+07:00,2026-10-02T08:51:13+07:00,2026-10-02T08:51:13+00:00,2026-10-02T15:51:13+07:00,https://mathanoibacninh.com/obs-sitemap-posts.xml,2026-08-09 07:19:27,2026-10-02 15:51:13,Asia/Ho_Chi_Minh (+07:00),public HTML/JSON-LD; OBS sitemap; WP-CLI published post fields,Cần kiểm tra,D01;D02;D09,one schema entity datePublished differs from WP post_date; one schema entity dateModified differs from WP post_modified; OG article time differs from corresponding WP date
https://mathanoibacninh.com/kien-thuc/cua-cha-nham-go-bao-ve-mat/,https://mathanoibacninh.com/kien-thuc/cua-cha-nham-go-bao-ve-mat/,200,post,1572,pending-author-and-medical-review,Đăng ngày 2/10/2026 · 8 phút đọc,2/10/2026,2026-10-02T11:33:59+07:00,2026-10-02T11:33:59+07:00,Đăng ngày,,,,,[],,,2026-10-02T04:33:59+07:00,2026-10-02T04:37:45+07:00,2026-10-02T04:37:45+00:00,2026-10-02T11:37:45+07:00,https://mathanoibacninh.com/obs-sitemap-posts.xml,2026-10-02 11:33:59,2026-10-02 11:37:45,Asia/Ho_Chi_Minh (+07:00),public HTML/JSON-LD; OBS sitemap; WP-CLI published post fields,Cần kiểm tra,D09,Article date-bearing JSON-LD withheld pending author and medical review; verified WP post meta; OG article time differs from corresponding WP date
https://mathanoibacninh.com/kien-thuc/cuom-nuoc-va-cuom-kho-khac-nhau/,https://mathanoibacninh.com/kien-thuc/cuom-nuoc-va-cuom-kho-khac-nhau/,200,post,160,,Đăng ngày 9/8/2026 · 11 phút đọc,9/8/2026,2026-08-09T07:19:26+07:00,2026-08-09T07:19:26+07:00,Đăng ngày,2026-08-09T07:19:26+07:00,2026-08-09T07:19:26+07:00,2026-08-09T07:19:26+07:00,2026-08-09T07:19:26+07:00,"[{""@id"":""https://mathanoibacninh.com/kien-thuc/cuom-nuoc-va-cuom-kho-khac-nhau/#bai-viet"",""@type"":[""MedicalWebPage"",""Article""],""datePublished"":""2026-08-09T07:19:26+07:00"",""dateModified"":""2026-08-09T07:19:26+07:00"",""dateReviewed"":"""",""lastReviewed"":"""",""script_index"":0},{""@id"":"""",""@type"":""Article"",""datePublished"":""2026-08-09T00:19:26+07:00"",""dateModified"":""2026-08-09T00:19:26+07:00"",""dateReviewed"":"""",""lastReviewed"":"""",""script_index"":1}]",,,2026-08-09T00:19:26+07:00,2026-08-09T00:19:26+07:00,2026-08-09T00:19:26+00:00,2026-08-09T07:19:26+07:00,https://mathanoibacninh.com/obs-sitemap-posts.xml,2026-08-09 07:19:26,2026-08-09 07:19:26,Asia/Ho_Chi_Minh (+07:00),public HTML/JSON-LD; OBS sitemap; WP-CLI published post fields,Cần kiểm tra,D01;D02;D09,one schema entity datePublished differs from WP post_date; one schema entity dateModified differs from WP post_modified; OG article time differs from corresponding WP date
https://mathanoibacninh.com/kien-thuc/dau-hieu-can-kham-ngay/,https://mathanoibacninh.com/kien-thuc/dau-hieu-can-kham-ngay/,200,taxonomy/archive,,,,,,,,,,,,[],,,,,,,https://mathanoibacninh.com/obs-sitemap-cats.xml,,,Asia/Ho_Chi_Minh (+07:00),public HTML/JSON-LD; OBS sitemap; WP-CLI published post fields,Khớp/không có ngày áp dụng,,
https://mathanoibacninh.com/kien-thuc/dau-hieu-can-kham-ngay/page/2/,https://mathanoibacninh.com/kien-thuc/dau-hieu-can-kham-ngay/page/2/,200,taxonomy/archive,,,,,,,,,,,,[],,,,,,,,,,Asia/Ho_Chi_Minh (+07:00),public HTML/JSON-LD; OBS sitemap; WP-CLI published post fields,Khớp/không có ngày áp dụng,,
https://mathanoibacninh.com/kien-thuc/dau-hieu-glocom-giai-doan-som/,https://mathanoibacninh.com/kien-thuc/dau-hieu-glocom-giai-doan-som/,200,post,161,,Đăng ngày 9/8/2026 · 11 phút đọc,9/8/2026,2026-08-09T07:20:19+07:00,2026-08-09T07:20:19+07:00,Đăng ngày,2026-08-09T07:20:19+07:00,2026-08-09T07:20:19+07:00,2026-08-09T07:20:19+07:00,2026-08-09T07:20:19+07:00,"[{""@id"":""https://mathanoibacninh.com/kien-thuc/dau-hieu-glocom-giai-doan-som/#bai-viet"",""@type"":[""MedicalWebPage"",""Article""],""datePublished"":""2026-08-09T07:20:19+07:00"",""dateModified"":""2026-08-09T07:20:19+07:00"",""dateReviewed"":"""",""lastReviewed"":"""",""script_index"":0},{""@id"":"""",""@type"":""Article"",""datePublished"":""2026-08-09T00:20:19+07:00"",""dateModified"":""2026-08-09T00:20:19+07:00"",""dateReviewed"":"""",""lastReviewed"":"""",""script_index"":1}]",,,2026-08-09T00:20:19+07:00,2026-08-09T00:20:19+07:00,2026-08-09T00:20:19+00:00,2026-08-09T07:20:19+07:00,https://mathanoibacninh.com/obs-sitemap-posts.xml,2026-08-09 07:20:19,2026-08-09 07:20:19,Asia/Ho_Chi_Minh (+07:00),public HTML/JSON-LD; OBS sitemap; WP-CLI published post fields,Cần kiểm tra,D01;D02;D09,one schema entity datePublished differs from WP post_date; one schema entity dateModified differs from WP post_modified; OG article time differs from corresponding WP date
https://mathanoibacninh.com/kien-thuc/dau-hieu-tre-bi-can-thi-som/,https://mathanoibacninh.com/kien-thuc/dau-hieu-tre-bi-can-thi-som/,200,post,143,,Cập nhật 2/10/2026 · 11 phút đọc,2/10/2026,2026-10-02T15:51:17+07:00,2026-10-02T15:51:17+07:00,,2026-08-09T07:19:27+07:00,2026-08-09T07:19:27+07:00,2026-10-02T15:51:17+07:00,2026-10-02T15:51:17+07:00,"[{""@id"":""https://mathanoibacninh.com/kien-thuc/dau-hieu-tre-bi-can-thi-som/#bai-viet"",""@type"":[""MedicalWebPage"",""Article""],""datePublished"":""2026-08-09T07:19:27+07:00"",""dateModified"":""2026-10-02T15:51:17+07:00"",""dateReviewed"":"""",""lastReviewed"":"""",""script_index"":0},{""@id"":"""",""@type"":""Article"",""datePublished"":""2026-08-09T00:19:27+07:00"",""dateModified"":""2026-10-02T08:51:17+07:00"",""dateReviewed"":"""",""lastReviewed"":"""",""script_index"":1}]",,,2026-08-09T00:19:27+07:00,2026-10-02T08:51:17+07:00,2026-10-02T08:51:17+00:00,2026-10-02T15:51:17+07:00,https://mathanoibacninh.com/obs-sitemap-posts.xml,2026-08-09 07:19:27,2026-10-02 15:51:17,Asia/Ho_Chi_Minh (+07:00),public HTML/JSON-LD; OBS sitemap; WP-CLI published post fields,Cần kiểm tra,D01;D02;D09,one schema entity datePublished differs from WP post_date; one schema entity dateModified differs from WP post_modified; OG article time differs from corresponding WP date
https://mathanoibacninh.com/kien-thuc/dau-mat-buoi-sang-trot-bieu-mo-tai-phat/,https://mathanoibacninh.com/kien-thuc/dau-mat-buoi-sang-trot-bieu-mo-tai-phat/,200,post,1550,pending-author-and-medical-review,Đăng ngày 2/10/2026 · 9 phút đọc,2/10/2026,2026-10-02T11:33:40+07:00,2026-10-02T11:33:40+07:00,Đăng ngày,,,,,[],,,2026-10-02T04:33:40+07:00,2026-10-02T04:37:27+07:00,2026-10-02T04:37:27+00:00,2026-10-02T11:37:27+07:00,https://mathanoibacninh.com/obs-sitemap-posts.xml,2026-10-02 11:33:40,2026-10-02 11:37:27,Asia/Ho_Chi_Minh (+07:00),public HTML/JSON-LD; OBS sitemap; WP-CLI published post fields,Cần kiểm tra,D09,Article date-bearing JSON-LD withheld pending author and medical review; verified WP post meta; OG article time differs from corresponding WP date
https://mathanoibacninh.com/kien-thuc/dau-mat-do-bao-lau-thi-khoi/,https://mathanoibacninh.com/kien-thuc/dau-mat-do-bao-lau-thi-khoi/,200,post,178,,Đăng ngày 9/8/2026 · 9 phút đọc,9/8/2026,2026-08-09T07:19:48+07:00,2026-08-09T07:19:48+07:00,Đăng ngày,2026-08-09T07:19:48+07:00,2026-08-09T07:19:48+07:00,2026-08-09T07:19:48+07:00,2026-08-09T07:19:48+07:00,"[{""@id"":""https://mathanoibacninh.com/kien-thuc/dau-mat-do-bao-lau-thi-khoi/#bai-viet"",""@type"":[""MedicalWebPage"",""Article""],""datePublished"":""2026-08-09T07:19:48+07:00"",""dateModified"":""2026-08-09T07:19:48+07:00"",""dateReviewed"":"""",""lastReviewed"":"""",""script_index"":0},{""@id"":"""",""@type"":""Article"",""datePublished"":""2026-08-09T00:19:48+07:00"",""dateModified"":""2026-08-09T00:19:48+07:00"",""dateReviewed"":"""",""lastReviewed"":"""",""script_index"":1}]",,,2026-08-09T00:19:48+07:00,2026-08-09T00:19:48+07:00,2026-08-09T00:19:48+00:00,2026-08-09T07:19:48+07:00,https://mathanoibacninh.com/obs-sitemap-posts.xml,2026-08-09 07:19:48,2026-08-09 07:19:48,Asia/Ho_Chi_Minh (+07:00),public HTML/JSON-LD; OBS sitemap; WP-CLI published post fields,Cần kiểm tra,D01;D02;D09,one schema entity datePublished differs from WP post_date; one schema entity dateModified differs from WP post_modified; OG article time differs from corresponding WP date
https://mathanoibacninh.com/kien-thuc/dau-mat-do-lay-qua-duong-nao/,https://mathanoibacninh.com/kien-thuc/dau-mat-do-lay-qua-duong-nao/,200,post,179,,Đăng ngày 9/8/2026 · 9 phút đọc,9/8/2026,2026-08-09T07:19:49+07:00,2026-08-09T07:19:49+07:00,Đăng ngày,2026-08-09T07:19:49+07:00,2026-08-09T07:19:49+07:00,2026-08-10T00:07:45+07:00,2026-08-10T00:07:45+07:00,"[{""@id"":""https://mathanoibacninh.com/kien-thuc/dau-mat-do-lay-qua-duong-nao/#bai-viet"",""@type"":[""MedicalWebPage"",""Article""],""datePublished"":""2026-08-09T07:19:49+07:00"",""dateModified"":""2026-08-10T00:07:45+07:00"",""dateReviewed"":"""",""lastReviewed"":"""",""script_index"":0},{""@id"":"""",""@type"":""Article"",""datePublished"":""2026-08-09T00:19:49+07:00"",""dateModified"":""2026-08-09T17:07:45+07:00"",""dateReviewed"":"""",""lastReviewed"":"""",""script_index"":1}]",,,2026-08-09T00:19:49+07:00,2026-08-09T17:07:45+07:00,2026-08-09T17:07:45+00:00,2026-08-10T00:07:45+07:00,https://mathanoibacninh.com/obs-sitemap-posts.xml,2026-08-09 07:19:49,2026-08-10 00:07:45,Asia/Ho_Chi_Minh (+07:00),public HTML/JSON-LD; OBS sitemap; WP-CLI published post fields,Cần kiểm tra,D01;D02;D09,one schema entity datePublished differs from WP post_date; one schema entity dateModified differs from WP post_modified; OG article time differs from corresponding WP date
https://mathanoibacninh.com/kien-thuc/dau-mat-du-doi-kem-nhuc-dau-non/,https://mathanoibacninh.com/kien-thuc/dau-mat-du-doi-kem-nhuc-dau-non/,200,post,254,,Đăng ngày 9/8/2026 · 9 phút đọc,9/8/2026,2026-08-09T07:19:49+07:00,2026-08-09T07:19:49+07:00,Đăng ngày,2026-08-09T07:19:49+07:00,2026-08-09T07:19:49+07:00,2026-08-09T07:19:49+07:00,2026-08-09T07:19:49+07:00,"[{""@id"":""https://mathanoibacninh.com/kien-thuc/dau-mat-du-doi-kem-nhuc-dau-non/#bai-viet"",""@type"":[""MedicalWebPage"",""Article""],""datePublished"":""2026-08-09T07:19:49+07:00"",""dateModified"":""2026-08-09T07:19:49+07:00"",""dateReviewed"":"""",""lastReviewed"":"""",""script_index"":0},{""@id"":"""",""@type"":""Article"",""datePublished"":""2026-08-09T00:19:49+07:00"",""dateModified"":""2026-08-09T00:19:49+07:00"",""dateReviewed"":"""",""lastReviewed"":"""",""script_index"":1}]",,,2026-08-09T00:19:49+07:00,2026-08-09T00:19:49+07:00,2026-08-09T00:19:49+00:00,2026-08-09T07:19:49+07:00,https://mathanoibacninh.com/obs-sitemap-posts.xml,2026-08-09 07:19:49,2026-08-09 07:19:49,Asia/Ho_Chi_Minh (+07:00),public HTML/JSON-LD; OBS sitemap; WP-CLI published post fields,Cần kiểm tra,D01;D02;D09,one schema entity datePublished differs from WP post_date; one schema entity dateModified differs from WP post_modified; OG article time differs from corresponding WP date
https://mathanoibacninh.com/kien-thuc/dau-nhuc-phia-sau-nhan-cau-khi-dong-mat/,https://mathanoibacninh.com/kien-thuc/dau-nhuc-phia-sau-nhan-cau-khi-dong-mat/,200,post,566,,Cập nhật 3/10/2026 · 11 phút đọc,3/10/2026,2026-10-03T14:42:42+07:00,2026-10-03T14:42:42+07:00,,2026-08-23T01:18:55+07:00,2026-08-23T01:18:55+07:00,2026-10-03T14:42:42+07:00,2026-10-03T14:42:42+07:00,"[{""@id"":""https://mathanoibacninh.com/kien-thuc/dau-nhuc-phia-sau-nhan-cau-khi-dong-mat/#bai-viet"",""@type"":[""MedicalWebPage"",""Article""],""datePublished"":""2026-08-23T01:18:55+07:00"",""dateModified"":""2026-10-03T14:42:42+07:00"",""dateReviewed"":"""",""lastReviewed"":"""",""script_index"":0},{""@id"":"""",""@type"":""Article"",""datePublished"":""2026-08-22T18:18:55+07:00"",""dateModified"":""2026-10-03T07:42:42+07:00"",""dateReviewed"":"""",""lastReviewed"":"""",""script_index"":1}]",,,2026-08-22T18:18:55+07:00,2026-10-03T07:42:42+07:00,2026-10-03T07:42:42+00:00,2026-10-03T14:42:42+07:00,https://mathanoibacninh.com/obs-sitemap-posts.xml,2026-08-23 01:18:55,2026-10-03 14:42:42,Asia/Ho_Chi_Minh (+07:00),public HTML/JSON-LD; OBS sitemap; WP-CLI published post fields,Cần kiểm tra,D01;D02;D09,one schema entity datePublished differs from WP post_date; one schema entity dateModified differs from WP post_modified; OG article time differs from corresponding WP date
https://mathanoibacninh.com/kien-thuc/dau-nong-ban-vao-mat-so-cuu/,https://mathanoibacninh.com/kien-thuc/dau-nong-ban-vao-mat-so-cuu/,200,post,1568,pending-author-and-medical-review,Đăng ngày 2/10/2026 · 8 phút đọc,2/10/2026,2026-10-02T11:33:56+07:00,2026-10-02T11:33:56+07:00,Đăng ngày,,,,,[],,,2026-10-02T04:33:56+07:00,2026-10-02T04:37:42+07:00,2026-10-02T04:37:42+00:00,2026-10-02T11:37:42+07:00,https://mathanoibacninh.com/obs-sitemap-posts.xml,2026-10-02 11:33:56,2026-10-02 11:37:42,Asia/Ho_Chi_Minh (+07:00),public HTML/JSON-LD; OBS sitemap; WP-CLI published post fields,Cần kiểm tra,D09,Article date-bearing JSON-LD withheld pending author and medical review; verified WP post meta; OG article time differs from corresponding WP date
https://mathanoibacninh.com/kien-thuc/dau-quanh-hoc-mat-keo-dai-nhieu-ngay/,https://mathanoibacninh.com/kien-thuc/dau-quanh-hoc-mat-keo-dai-nhieu-ngay/,200,post,567,,Cập nhật 3/10/2026 · 11 phút đọc,3/10/2026,2026-10-03T14:42:43+07:00,2026-10-03T14:42:43+07:00,,2026-08-23T01:18:56+07:00,2026-08-23T01:18:56+07:00,2026-10-03T14:42:43+07:00,2026-10-03T14:42:43+07:00,"[{""@id"":""https://mathanoibacninh.com/kien-thuc/dau-quanh-hoc-mat-keo-dai-nhieu-ngay/#bai-viet"",""@type"":[""MedicalWebPage"",""Article""],""datePublished"":""2026-08-23T01:18:56+07:00"",""dateModified"":""2026-10-03T14:42:43+07:00"",""dateReviewed"":"""",""lastReviewed"":"""",""script_index"":0},{""@id"":"""",""@type"":""Article"",""datePublished"":""2026-08-22T18:18:56+07:00"",""dateModified"":""2026-10-03T07:42:43+07:00"",""dateReviewed"":"""",""lastReviewed"":"""",""script_index"":1}]",,,2026-08-22T18:18:56+07:00,2026-10-03T07:42:43+07:00,2026-10-03T07:42:43+00:00,2026-10-03T14:42:43+07:00,https://mathanoibacninh.com/obs-sitemap-posts.xml,2026-08-23 01:18:56,2026-10-03 14:42:43,Asia/Ho_Chi_Minh (+07:00),public HTML/JSON-LD; OBS sitemap; WP-CLI published post fields,Cần kiểm tra,D01;D02;D09,one schema entity datePublished differs from WP post_date; one schema entity dateModified differs from WP post_modified; OG article time differs from corresponding WP date
https://mathanoibacninh.com/kien-thuc/deo-kinh-ap-trong-mat-do-dau-so-sang/,https://mathanoibacninh.com/kien-thuc/deo-kinh-ap-trong-mat-do-dau-so-sang/,200,post,1573,pending-author-and-medical-review,Đăng ngày 2/10/2026 · 8 phút đọc,2/10/2026,2026-10-02T11:34:00+07:00,2026-10-02T11:34:00+07:00,Đăng ngày,,,,,[],,,2026-10-02T04:34:00+07:00,2026-10-02T04:37:46+07:00,2026-10-02T04:37:46+00:00,2026-10-02T11:37:46+07:00,https://mathanoibacninh.com/obs-sitemap-posts.xml,2026-10-02 11:34:00,2026-10-02 11:37:46,Asia/Ho_Chi_Minh (+07:00),public HTML/JSON-LD; OBS sitemap; WP-CLI published post fields,Cần kiểm tra,D09,Article date-bearing JSON-LD withheld pending author and medical review; verified WP post meta; OG article time differs from corresponding WP date
https://mathanoibacninh.com/kien-thuc/deo-kinh-bao-ho-dung-cach/,https://mathanoibacninh.com/kien-thuc/deo-kinh-bao-ho-dung-cach/,200,post,592,,Cập nhật 2/10/2026 · 12 phút đọc,2/10/2026,2026-10-02T15:51:01+07:00,2026-10-02T15:51:01+07:00,,2026-08-23T00:25:56+07:00,2026-08-23T00:25:56+07:00,2026-10-02T15:51:01+07:00,2026-10-02T15:51:01+07:00,"[{""@id"":""https://mathanoibacninh.com/kien-thuc/deo-kinh-bao-ho-dung-cach/#bai-viet"",""@type"":[""MedicalWebPage"",""Article""],""datePublished"":""2026-08-23T00:25:56+07:00"",""dateModified"":""2026-10-02T15:51:01+07:00"",""dateReviewed"":"""",""lastReviewed"":"""",""script_index"":0},{""@id"":"""",""@type"":""Article"",""datePublished"":""2026-08-22T17:25:56+07:00"",""dateModified"":""2026-10-02T08:51:01+07:00"",""dateReviewed"":"""",""lastReviewed"":"""",""script_index"":1}]",,,2026-08-22T17:25:56+07:00,2026-10-02T08:51:01+07:00,2026-10-02T08:51:01+00:00,2026-10-02T15:51:01+07:00,https://mathanoibacninh.com/obs-sitemap-posts.xml,2026-08-23 00:25:56,2026-10-02 15:51:01,Asia/Ho_Chi_Minh (+07:00),public HTML/JSON-LD; OBS sitemap; WP-CLI published post fields,Cần kiểm tra,D01;D02;D09,one schema entity datePublished differs from WP post_date; one schema entity dateModified differs from WP post_modified; OG article time differs from corresponding WP date
https://mathanoibacninh.com/kien-thuc/di-kham-mat-can-chuan-bi-gi/,https://mathanoibacninh.com/kien-thuc/di-kham-mat-can-chuan-bi-gi/,200,post,285,pending-author-and-medical-review,Cập nhật 2/10/2026 · 14 phút đọc,2/10/2026,2026-10-02T15:51:25+07:00,2026-10-02T15:51:25+07:00,,,,,,[],,,2026-08-09T00:19:26+07:00,2026-10-02T08:51:25+07:00,2026-10-02T08:51:25+00:00,2026-10-02T15:51:25+07:00,https://mathanoibacninh.com/obs-sitemap-posts.xml,2026-08-09 07:19:26,2026-10-02 15:51:25,Asia/Ho_Chi_Minh (+07:00),public HTML/JSON-LD; OBS sitemap; WP-CLI published post fields,Cần kiểm tra,D09,Article date-bearing JSON-LD withheld pending author and medical review; verified WP post meta; OG article time differs from corresponding WP date
https://mathanoibacninh.com/kien-thuc/di-vat-bay-vao-mat-xu-ly-the-nao/,https://mathanoibacninh.com/kien-thuc/di-vat-bay-vao-mat-xu-ly-the-nao/,200,post,180,,Cập nhật 2/10/2026 · 9 phút đọc,2/10/2026,2026-10-02T15:51:05+07:00,2026-10-02T15:51:05+07:00,,2026-08-09T07:19:49+07:00,2026-08-09T07:19:49+07:00,2026-10-02T15:51:05+07:00,2026-10-02T15:51:05+07:00,"[{""@id"":""https://mathanoibacninh.com/kien-thuc/di-vat-bay-vao-mat-xu-ly-the-nao/#bai-viet"",""@type"":[""MedicalWebPage"",""Article""],""datePublished"":""2026-08-09T07:19:49+07:00"",""dateModified"":""2026-10-02T15:51:05+07:00"",""dateReviewed"":"""",""lastReviewed"":"""",""script_index"":0},{""@id"":"""",""@type"":""Article"",""datePublished"":""2026-08-09T00:19:49+07:00"",""dateModified"":""2026-10-02T08:51:05+07:00"",""dateReviewed"":"""",""lastReviewed"":"""",""script_index"":1}]",,,2026-08-09T00:19:49+07:00,2026-10-02T08:51:05+07:00,2026-10-02T08:51:05+00:00,2026-10-02T15:51:05+07:00,https://mathanoibacninh.com/obs-sitemap-posts.xml,2026-08-09 07:19:49,2026-10-02 15:51:05,Asia/Ho_Chi_Minh (+07:00),public HTML/JSON-LD; OBS sitemap; WP-CLI published post fields,Cần kiểm tra,D01;D02;D09,one schema entity datePublished differs from WP post_date; one schema entity dateModified differs from WP post_modified; OG article time differs from corresponding WP date
https://mathanoibacninh.com/kien-thuc/dich-kinh-vong-mac/,https://mathanoibacninh.com/kien-thuc/dich-kinh-vong-mac/,200,taxonomy/archive,,,,,,,,,,,,[],,,,,,,https://mathanoibacninh.com/obs-sitemap-cats.xml,,,Asia/Ho_Chi_Minh (+07:00),public HTML/JSON-LD; OBS sitemap; WP-CLI published post fields,Khớp/không có ngày áp dụng,,
https://mathanoibacninh.com/kien-thuc/dich-kinh-vong-mac/page/2/,https://mathanoibacninh.com/kien-thuc/dich-kinh-vong-mac/page/2/,200,taxonomy/archive,,,,,,,,,,,,[],,,,,,,,,,Asia/Ho_Chi_Minh (+07:00),public HTML/JSON-LD; OBS sitemap; WP-CLI published post fields,Khớp/không có ngày áp dụng,,
https://mathanoibacninh.com/kien-thuc/do-can-bao-nhieu-la-nang/,https://mathanoibacninh.com/kien-thuc/do-can-bao-nhieu-la-nang/,200,post,118,,Cập nhật 2/10/2026 · 10 phút đọc,2/10/2026,2026-10-02T15:51:23+07:00,2026-10-02T15:51:23+07:00,,2026-08-09T07:20:19+07:00,2026-08-09T07:20:19+07:00,2026-10-02T15:51:23+07:00,2026-10-02T15:51:23+07:00,"[{""@id"":""https://mathanoibacninh.com/kien-thuc/do-can-bao-nhieu-la-nang/#bai-viet"",""@type"":[""MedicalWebPage"",""Article""],""datePublished"":""2026-08-09T07:20:19+07:00"",""dateModified"":""2026-10-02T15:51:23+07:00"",""dateReviewed"":"""",""lastReviewed"":"""",""script_index"":0},{""@id"":"""",""@type"":""Article"",""datePublished"":""2026-08-09T00:20:19+07:00"",""dateModified"":""2026-10-02T08:51:23+07:00"",""dateReviewed"":"""",""lastReviewed"":"""",""script_index"":1}]",,,2026-08-09T00:20:19+07:00,2026-10-02T08:51:23+07:00,2026-10-02T08:51:23+00:00,2026-10-02T15:51:23+07:00,https://mathanoibacninh.com/obs-sitemap-posts.xml,2026-08-09 07:20:19,2026-10-02 15:51:23,Asia/Ho_Chi_Minh (+07:00),public HTML/JSON-LD; OBS sitemap; WP-CLI published post fields,Cần kiểm tra,D01;D02;D09,one schema entity datePublished differs from WP post_date; one schema entity dateModified differs from WP post_modified; OG article time differs from corresponding WP date
https://mathanoibacninh.com/kien-thuc/do-chieu-dai-truc-nhan-cau-o-tre-can-thi/,https://mathanoibacninh.com/kien-thuc/do-chieu-dai-truc-nhan-cau-o-tre-can-thi/,200,post,1558,pending-author-and-medical-review,Đăng ngày 2/10/2026 · 8 phút đọc,2/10/2026,2026-10-02T11:33:47+07:00,2026-10-02T11:33:47+07:00,Đăng ngày,,,,,[],,,2026-10-02T04:33:47+07:00,2026-10-02T04:37:33+07:00,2026-10-02T04:37:33+00:00,2026-10-02T11:37:33+07:00,https://mathanoibacninh.com/obs-sitemap-posts.xml,2026-10-02 11:33:47,2026-10-02 11:37:33,Asia/Ho_Chi_Minh (+07:00),public HTML/JSON-LD; OBS sitemap; WP-CLI published post fields,Cần kiểm tra,D09,Article date-bearing JSON-LD withheld pending author and medical review; verified WP post meta; OG article time differs from corresponding WP date
https://mathanoibacninh.com/kien-thuc/do-mat-cat-kinh-tai-benh-vien/,https://mathanoibacninh.com/kien-thuc/do-mat-cat-kinh-tai-benh-vien/,200,post,1447,pending-author-and-medical-review,Đăng ngày 1/10/2026 · 2 phút đọc,1/10/2026,2026-10-01T09:12:56+07:00,2026-10-01T09:12:56+07:00,Đăng ngày,,,,,[],,,2026-10-01T02:12:56+07:00,2026-10-01T02:12:56+07:00,2026-10-01T02:12:56+00:00,2026-10-01T09:12:56+07:00,https://mathanoibacninh.com/obs-sitemap-posts.xml,2026-10-01 09:12:56,2026-10-01 09:12:56,Asia/Ho_Chi_Minh (+07:00),public HTML/JSON-LD; OBS sitemap; WP-CLI published post fields,Cần kiểm tra,D09,Article date-bearing JSON-LD withheld pending author and medical review; verified WP post meta; OG article time differs from corresponding WP date
https://mathanoibacninh.com/kien-thuc/do-mat-lam-kinh-va-kham-mat-khac-nhau/,https://mathanoibacninh.com/kien-thuc/do-mat-lam-kinh-va-kham-mat-khac-nhau/,200,post,1444,pending-author-and-medical-review,Đăng ngày 1/10/2026 · 2 phút đọc,1/10/2026,2026-10-01T09:12:54+07:00,2026-10-01T09:12:54+07:00,Đăng ngày,,,,,[],,,2026-10-01T02:12:54+07:00,2026-10-01T02:12:54+07:00,2026-10-01T02:12:54+00:00,2026-10-01T09:12:54+07:00,https://mathanoibacninh.com/obs-sitemap-posts.xml,2026-10-01 09:12:54,2026-10-01 09:12:54,Asia/Ho_Chi_Minh (+07:00),public HTML/JSON-LD; OBS sitemap; WP-CLI published post fields,Cần kiểm tra,D09,Article date-bearing JSON-LD withheld pending author and medical review; verified WP post meta; OG article time differs from corresponding WP date
https://mathanoibacninh.com/kien-thuc/do-nhan-ap-la-gi/,https://mathanoibacninh.com/kien-thuc/do-nhan-ap-la-gi/,200,post,162,,Cập nhật 2/10/2026 · 11 phút đọc,2/10/2026,2026-10-02T15:51:10+07:00,2026-10-02T15:51:10+07:00,,2026-08-09T07:19:26+07:00,2026-08-09T07:19:26+07:00,2026-10-02T15:51:10+07:00,2026-10-02T15:51:10+07:00,"[{""@id"":""https://mathanoibacninh.com/kien-thuc/do-nhan-ap-la-gi/#bai-viet"",""@type"":[""MedicalWebPage"",""Article""],""datePublished"":""2026-08-09T07:19:26+07:00"",""dateModified"":""2026-10-02T15:51:10+07:00"",""dateReviewed"":"""",""lastReviewed"":"""",""script_index"":0},{""@id"":"""",""@type"":""Article"",""datePublished"":""2026-08-09T00:19:26+07:00"",""dateModified"":""2026-10-02T08:51:10+07:00"",""dateReviewed"":"""",""lastReviewed"":"""",""script_index"":1}]",,,2026-08-09T00:19:26+07:00,2026-10-02T08:51:10+07:00,2026-10-02T08:51:10+00:00,2026-10-02T15:51:10+07:00,https://mathanoibacninh.com/obs-sitemap-posts.xml,2026-08-09 07:19:26,2026-10-02 15:51:10,Asia/Ho_Chi_Minh (+07:00),public HTML/JSON-LD; OBS sitemap; WP-CLI published post fields,Cần kiểm tra,D01;D02;D09,one schema entity datePublished differs from WP post_date; one schema entity dateModified differs from WP post_modified; OG article time differs from corresponding WP date
https://mathanoibacninh.com/kien-thuc/do-thi-truong-chuan-bi-va-lam-lai/,https://mathanoibacninh.com/kien-thuc/do-thi-truong-chuan-bi-va-lam-lai/,200,post,1564,pending-author-and-medical-review,Đăng ngày 2/10/2026 · 8 phút đọc,2/10/2026,2026-10-02T11:33:52+07:00,2026-10-02T11:33:52+07:00,Đăng ngày,,,,,[],,,2026-10-02T04:33:52+07:00,2026-10-02T04:37:38+07:00,2026-10-02T04:37:38+00:00,2026-10-02T11:37:38+07:00,https://mathanoibacninh.com/obs-sitemap-posts.xml,2026-10-02 11:33:52,2026-10-02 11:37:38,Asia/Ho_Chi_Minh (+07:00),public HTML/JSON-LD; OBS sitemap; WP-CLI published post fields,Cần kiểm tra,D09,Article date-bearing JSON-LD withheld pending author and medical review; verified WP post meta; OG article time differs from corresponding WP date
https://mathanoibacninh.com/kien-thuc/doi-kinh-lien-tuc-ma-van-mo/,https://mathanoibacninh.com/kien-thuc/doi-kinh-lien-tuc-ma-van-mo/,200,post,119,,Cập nhật 2/10/2026 · 10 phút đọc,2/10/2026,2026-10-02T15:50:59+07:00,2026-10-02T15:50:59+07:00,,2026-08-09T07:20:19+07:00,2026-08-09T07:20:19+07:00,2026-10-02T15:50:59+07:00,2026-10-02T15:50:59+07:00,"[{""@id"":""https://mathanoibacninh.com/kien-thuc/doi-kinh-lien-tuc-ma-van-mo/#bai-viet"",""@type"":[""MedicalWebPage"",""Article""],""datePublished"":""2026-08-09T07:20:19+07:00"",""dateModified"":""2026-10-02T15:50:59+07:00"",""dateReviewed"":"""",""lastReviewed"":"""",""script_index"":0},{""@id"":"""",""@type"":""Article"",""datePublished"":""2026-08-09T00:20:19+07:00"",""dateModified"":""2026-10-02T08:50:59+07:00"",""dateReviewed"":"""",""lastReviewed"":"""",""script_index"":1}]",,,2026-08-09T00:20:19+07:00,2026-10-02T08:50:59+07:00,2026-10-02T08:50:59+00:00,2026-10-02T15:50:59+07:00,https://mathanoibacninh.com/obs-sitemap-posts.xml,2026-08-09 07:20:19,2026-10-02 15:50:59,Asia/Ho_Chi_Minh (+07:00),public HTML/JSON-LD; OBS sitemap; WP-CLI published post fields,Cần kiểm tra,D01;D02;D09,one schema entity datePublished differs from WP post_date; one schema entity dateModified differs from WP post_modified; OG article time differs from corresponding WP date
https://mathanoibacninh.com/kien-thuc/dong-tu-trang-o-tre/,https://mathanoibacninh.com/kien-thuc/dong-tu-trang-o-tre/,200,post,193,,Đăng ngày 9/8/2026 · 9 phút đọc,9/8/2026,2026-08-09T07:19:49+07:00,2026-08-09T07:19:49+07:00,Đăng ngày,2026-08-09T07:19:49+07:00,2026-08-09T07:19:49+07:00,2026-08-09T07:19:49+07:00,2026-08-09T07:19:49+07:00,"[{""@id"":""https://mathanoibacninh.com/kien-thuc/dong-tu-trang-o-tre/#bai-viet"",""@type"":[""MedicalWebPage"",""Article""],""datePublished"":""2026-08-09T07:19:49+07:00"",""dateModified"":""2026-08-09T07:19:49+07:00"",""dateReviewed"":"""",""lastReviewed"":"""",""script_index"":0},{""@id"":"""",""@type"":""Article"",""datePublished"":""2026-08-09T00:19:49+07:00"",""dateModified"":""2026-08-09T00:19:49+07:00"",""dateReviewed"":"""",""lastReviewed"":"""",""script_index"":1}]",,,2026-08-09T00:19:49+07:00,2026-08-09T00:19:49+07:00,2026-08-09T00:19:49+00:00,2026-08-09T07:19:49+07:00,https://mathanoibacninh.com/obs-sitemap-posts.xml,2026-08-09 07:19:49,2026-08-09 07:19:49,Asia/Ho_Chi_Minh (+07:00),public HTML/JSON-LD; OBS sitemap; WP-CLI published post fields,Cần kiểm tra,D01;D02;D09,one schema entity datePublished differs from WP post_date; one schema entity dateModified differs from WP post_modified; OG article time differs from corresponding WP date
https://mathanoibacninh.com/kien-thuc/duc-thuy-tinh-the-dau-hieu-som/,https://mathanoibacninh.com/kien-thuc/duc-thuy-tinh-the-dau-hieu-som/,200,post,150,,Cập nhật 2/10/2026 · 10 phút đọc,2/10/2026,2026-10-02T15:51:06+07:00,2026-10-02T15:51:06+07:00,,2026-08-09T07:19:27+07:00,2026-08-09T07:19:27+07:00,2026-10-02T15:51:06+07:00,2026-10-02T15:51:06+07:00,"[{""@id"":""https://mathanoibacninh.com/kien-thuc/duc-thuy-tinh-the-dau-hieu-som/#bai-viet"",""@type"":[""MedicalWebPage"",""Article""],""datePublished"":""2026-08-09T07:19:27+07:00"",""dateModified"":""2026-10-02T15:51:06+07:00"",""dateReviewed"":"""",""lastReviewed"":"""",""script_index"":0},{""@id"":"""",""@type"":""Article"",""datePublished"":""2026-08-09T00:19:27+07:00"",""dateModified"":""2026-10-02T08:51:06+07:00"",""dateReviewed"":"""",""lastReviewed"":"""",""script_index"":1}]",,,2026-08-09T00:19:27+07:00,2026-10-02T08:51:06+07:00,2026-10-02T08:51:06+00:00,2026-10-02T15:51:06+07:00,https://mathanoibacninh.com/obs-sitemap-posts.xml,2026-08-09 07:19:27,2026-10-02 15:51:06,Asia/Ho_Chi_Minh (+07:00),public HTML/JSON-LD; OBS sitemap; WP-CLI published post fields,Cần kiểm tra,D01;D02;D09,one schema entity datePublished differs from WP post_date; one schema entity dateModified differs from WP post_modified; OG article time differs from corresponding WP date
https://mathanoibacninh.com/kien-thuc/ghen-trong-dinh-nhu-keo-chi/,https://mathanoibacninh.com/kien-thuc/ghen-trong-dinh-nhu-keo-chi/,200,post,618,,Đăng ngày 23/8/2026 · 11 phút đọc,23/8/2026,2026-08-23T00:38:31+07:00,2026-08-23T00:38:31+07:00,Đăng ngày,2026-08-23T00:38:31+07:00,2026-08-23T00:38:31+07:00,2026-08-23T00:38:31+07:00,2026-08-23T00:38:31+07:00,"[{""@id"":""https://mathanoibacninh.com/kien-thuc/ghen-trong-dinh-nhu-keo-chi/#bai-viet"",""@type"":[""MedicalWebPage"",""Article""],""datePublished"":""2026-08-23T00:38:31+07:00"",""dateModified"":""2026-08-23T00:38:31+07:00"",""dateReviewed"":"""",""lastReviewed"":"""",""script_index"":0},{""@id"":"""",""@type"":""Article"",""datePublished"":""2026-08-22T17:38:31+07:00"",""dateModified"":""2026-08-22T17:38:31+07:00"",""dateReviewed"":"""",""lastReviewed"":"""",""script_index"":1}]",,,2026-08-22T17:38:31+07:00,2026-08-22T17:38:31+07:00,2026-08-22T17:38:31+00:00,2026-08-23T00:38:31+07:00,https://mathanoibacninh.com/obs-sitemap-posts.xml,2026-08-23 00:38:31,2026-08-23 00:38:31,Asia/Ho_Chi_Minh (+07:00),public HTML/JSON-LD; OBS sitemap; WP-CLI published post fields,Cần kiểm tra,D01;D02;D09,one schema entity datePublished differs from WP post_date; one schema entity dateModified differs from WP post_modified; OG article time differs from corresponding WP date
https://mathanoibacninh.com/kien-thuc/giac-mac-hinh-chop-loan-thi-tang/,https://mathanoibacninh.com/kien-thuc/giac-mac-hinh-chop-loan-thi-tang/,200,post,1551,pending-author-and-medical-review,Đăng ngày 2/10/2026 · 9 phút đọc,2/10/2026,2026-10-02T11:33:41+07:00,2026-10-02T11:33:41+07:00,Đăng ngày,,,,,[],,,2026-10-02T04:33:41+07:00,2026-10-02T04:37:28+07:00,2026-10-02T04:37:28+00:00,2026-10-02T11:37:28+07:00,https://mathanoibacninh.com/obs-sitemap-posts.xml,2026-10-02 11:33:41,2026-10-02 11:37:28,Asia/Ho_Chi_Minh (+07:00),public HTML/JSON-LD; OBS sitemap; WP-CLI published post fields,Cần kiểm tra,D09,Article date-bearing JSON-LD withheld pending author and medical review; verified WP post meta; OG article time differs from corresponding WP date
https://mathanoibacninh.com/kien-thuc/giac-mac-ket-mac-kho-mat/,https://mathanoibacninh.com/kien-thuc/giac-mac-ket-mac-kho-mat/,200,taxonomy/archive,,,,,,,,,,,,[],,,,,,,https://mathanoibacninh.com/obs-sitemap-cats.xml,,,Asia/Ho_Chi_Minh (+07:00),public HTML/JSON-LD; OBS sitemap; WP-CLI published post fields,Khớp/không có ngày áp dụng,,
https://mathanoibacninh.com/kien-thuc/giac-mac-ket-mac-kho-mat/page/2/,https://mathanoibacninh.com/kien-thuc/giac-mac-ket-mac-kho-mat/page/2/,200,taxonomy/archive,,,,,,,,,,,,[],,,,,,,,,,Asia/Ho_Chi_Minh (+07:00),public HTML/JSON-LD; OBS sitemap; WP-CLI published post fields,Khớp/không có ngày áp dụng,,
https://mathanoibacninh.com/kien-thuc/giao-hang-lai-xe-bao-ve-mat/,https://mathanoibacninh.com/kien-thuc/giao-hang-lai-xe-bao-ve-mat/,200,post,1488,pending-author-and-medical-review,Đăng ngày 1/10/2026 · 8 phút đọc,1/10/2026,2026-10-01T15:49:58+07:00,2026-10-01T15:49:58+07:00,Đăng ngày,,,,,[],,,2026-10-01T08:49:58+07:00,2026-10-01T09:02:18+07:00,2026-10-01T09:02:18+00:00,2026-10-01T16:02:18+07:00,https://mathanoibacninh.com/obs-sitemap-posts.xml,2026-10-01 15:49:58,2026-10-01 16:02:18,Asia/Ho_Chi_Minh (+07:00),public HTML/JSON-LD; OBS sitemap; WP-CLI published post fields,Cần kiểm tra,D09,Article date-bearing JSON-LD withheld pending author and medical review; verified WP post meta; OG article time differs from corresponding WP date
https://mathanoibacninh.com/kien-thuc/giay-chuyen-tuyen-can-nhung-gi/,https://mathanoibacninh.com/kien-thuc/giay-chuyen-tuyen-can-nhung-gi/,200,post,286,,Đăng ngày 9/8/2026 · 11 phút đọc,9/8/2026,2026-08-09T07:19:26+07:00,2026-08-09T07:19:26+07:00,Đăng ngày,2026-08-09T07:19:26+07:00,2026-08-09T07:19:26+07:00,2026-08-09T07:19:26+07:00,2026-08-09T07:19:26+07:00,"[{""@id"":""https://mathanoibacninh.com/kien-thuc/giay-chuyen-tuyen-can-nhung-gi/#bai-viet"",""@type"":[""MedicalWebPage"",""Article""],""datePublished"":""2026-08-09T07:19:26+07:00"",""dateModified"":""2026-08-09T07:19:26+07:00"",""dateReviewed"":"""",""lastReviewed"":"""",""script_index"":0},{""@id"":"""",""@type"":""Article"",""datePublished"":""2026-08-09T00:19:26+07:00"",""dateModified"":""2026-08-09T00:19:26+07:00"",""dateReviewed"":"""",""lastReviewed"":"""",""script_index"":1}]",,,2026-08-09T00:19:26+07:00,2026-08-09T00:19:26+07:00,2026-08-09T00:19:26+00:00,2026-08-09T07:19:26+07:00,https://mathanoibacninh.com/obs-sitemap-posts.xml,2026-08-09 07:19:26,2026-08-09 07:19:26,Asia/Ho_Chi_Minh (+07:00),public HTML/JSON-LD; OBS sitemap; WP-CLI published post fields,Cần kiểm tra,D01;D02;D09,one schema entity datePublished differs from WP post_date; one schema entity dateModified differs from WP post_modified; OG article time differs from corresponding WP date
https://mathanoibacninh.com/kien-thuc/glocom-cap-dau-mat-du-doi/,https://mathanoibacninh.com/kien-thuc/glocom-cap-dau-mat-du-doi/,200,post,163,,Đăng ngày 9/8/2026 · 11 phút đọc,9/8/2026,2026-08-09T07:19:26+07:00,2026-08-09T07:19:26+07:00,Đăng ngày,2026-08-09T07:19:26+07:00,2026-08-09T07:19:26+07:00,2026-08-09T07:19:26+07:00,2026-08-09T07:19:26+07:00,"[{""@id"":""https://mathanoibacninh.com/kien-thuc/glocom-cap-dau-mat-du-doi/#bai-viet"",""@type"":[""MedicalWebPage"",""Article""],""datePublished"":""2026-08-09T07:19:26+07:00"",""dateModified"":""2026-08-09T07:19:26+07:00"",""dateReviewed"":"""",""lastReviewed"":"""",""script_index"":0},{""@id"":"""",""@type"":""Article"",""datePublished"":""2026-08-09T00:19:26+07:00"",""dateModified"":""2026-08-09T00:19:26+07:00"",""dateReviewed"":"""",""lastReviewed"":"""",""script_index"":1}]",,,2026-08-09T00:19:26+07:00,2026-08-09T00:19:26+07:00,2026-08-09T00:19:26+00:00,2026-08-09T07:19:26+07:00,https://mathanoibacninh.com/obs-sitemap-posts.xml,2026-08-09 07:19:26,2026-08-09 07:19:26,Asia/Ho_Chi_Minh (+07:00),public HTML/JSON-LD; OBS sitemap; WP-CLI published post fields,Cần kiểm tra,D01;D02;D09,one schema entity datePublished differs from WP post_date; one schema entity dateModified differs from WP post_modified; OG article time differs from corresponding WP date
https://mathanoibacninh.com/kien-thuc/glocom-co-chua-khoi-duoc-khong/,https://mathanoibacninh.com/kien-thuc/glocom-co-chua-khoi-duoc-khong/,200,post,268,,Đăng ngày 9/8/2026 · 11 phút đọc,9/8/2026,2026-08-09T07:19:26+07:00,2026-08-09T07:19:26+07:00,Đăng ngày,2026-08-09T07:19:26+07:00,2026-08-09T07:19:26+07:00,2026-08-09T07:19:26+07:00,2026-08-09T07:19:26+07:00,"[{""@id"":""https://mathanoibacninh.com/kien-thuc/glocom-co-chua-khoi-duoc-khong/#bai-viet"",""@type"":[""MedicalWebPage"",""Article""],""datePublished"":""2026-08-09T07:19:26+07:00"",""dateModified"":""2026-08-09T07:19:26+07:00"",""dateReviewed"":"""",""lastReviewed"":"""",""script_index"":0},{""@id"":"""",""@type"":""Article"",""datePublished"":""2026-08-09T00:19:26+07:00"",""dateModified"":""2026-08-09T00:19:26+07:00"",""dateReviewed"":"""",""lastReviewed"":"""",""script_index"":1}]",,,2026-08-09T00:19:26+07:00,2026-08-09T00:19:26+07:00,2026-08-09T00:19:26+00:00,2026-08-09T07:19:26+07:00,https://mathanoibacninh.com/obs-sitemap-posts.xml,2026-08-09 07:19:26,2026-08-09 07:19:26,Asia/Ho_Chi_Minh (+07:00),public HTML/JSON-LD; OBS sitemap; WP-CLI published post fields,Cần kiểm tra,D01;D02;D09,one schema entity datePublished differs from WP post_date; one schema entity dateModified differs from WP post_modified; OG article time differs from corresponding WP date
https://mathanoibacninh.com/kien-thuc/glocom-co-di-truyen-khong/,https://mathanoibacninh.com/kien-thuc/glocom-co-di-truyen-khong/,200,post,164,,Đăng ngày 9/8/2026 · 11 phút đọc,9/8/2026,2026-08-09T07:19:49+07:00,2026-08-09T07:19:49+07:00,Đăng ngày,2026-08-09T07:19:49+07:00,2026-08-09T07:19:49+07:00,2026-08-09T07:19:49+07:00,2026-08-09T07:19:49+07:00,"[{""@id"":""https://mathanoibacninh.com/kien-thuc/glocom-co-di-truyen-khong/#bai-viet"",""@type"":[""MedicalWebPage"",""Article""],""datePublished"":""2026-08-09T07:19:49+07:00"",""dateModified"":""2026-08-09T07:19:49+07:00"",""dateReviewed"":"""",""lastReviewed"":"""",""script_index"":0},{""@id"":"""",""@type"":""Article"",""datePublished"":""2026-08-09T00:19:49+07:00"",""dateModified"":""2026-08-09T00:19:49+07:00"",""dateReviewed"":"""",""lastReviewed"":"""",""script_index"":1}]",,,2026-08-09T00:19:49+07:00,2026-08-09T00:19:49+07:00,2026-08-09T00:19:49+00:00,2026-08-09T07:19:49+07:00,https://mathanoibacninh.com/obs-sitemap-posts.xml,2026-08-09 07:19:49,2026-08-09 07:19:49,Asia/Ho_Chi_Minh (+07:00),public HTML/JSON-LD; OBS sitemap; WP-CLI published post fields,Cần kiểm tra,D01;D02;D09,one schema entity datePublished differs from WP post_date; one schema entity dateModified differs from WP post_modified; OG article time differs from corresponding WP date
https://mathanoibacninh.com/kien-thuc/glocom-cuom-nuoc-la-benh-gi/,https://mathanoibacninh.com/kien-thuc/glocom-cuom-nuoc-la-benh-gi/,200,post,165,,Đăng ngày 9/8/2026 · 11 phút đọc,9/8/2026,2026-08-09T07:19:26+07:00,2026-08-09T07:19:26+07:00,Đăng ngày,2026-08-09T07:19:26+07:00,2026-08-09T07:19:26+07:00,2026-08-09T07:19:26+07:00,2026-08-09T07:19:26+07:00,"[{""@id"":""https://mathanoibacninh.com/kien-thuc/glocom-cuom-nuoc-la-benh-gi/#bai-viet"",""@type"":[""MedicalWebPage"",""Article""],""datePublished"":""2026-08-09T07:19:26+07:00"",""dateModified"":""2026-08-09T07:19:26+07:00"",""dateReviewed"":"""",""lastReviewed"":"""",""script_index"":0},{""@id"":"""",""@type"":""Article"",""datePublished"":""2026-08-09T00:19:26+07:00"",""dateModified"":""2026-08-09T00:19:26+07:00"",""dateReviewed"":"""",""lastReviewed"":"""",""script_index"":1}]",,,2026-08-09T00:19:26+07:00,2026-08-09T00:19:26+07:00,2026-08-09T00:19:26+00:00,2026-08-09T07:19:26+07:00,https://mathanoibacninh.com/obs-sitemap-posts.xml,2026-08-09 07:19:26,2026-08-09 07:19:26,Asia/Ho_Chi_Minh (+07:00),public HTML/JSON-LD; OBS sitemap; WP-CLI published post fields,Cần kiểm tra,D01;D02;D09,one schema entity datePublished differs from WP post_date; one schema entity dateModified differs from WP post_modified; OG article time differs from corresponding WP date
https://mathanoibacninh.com/kien-thuc/glocom-cuom-nuoc/,https://mathanoibacninh.com/kien-thuc/glocom-cuom-nuoc/,200,taxonomy/archive,,,,,,,,,,,,[],,,,,,,https://mathanoibacninh.com/obs-sitemap-cats.xml,,,Asia/Ho_Chi_Minh (+07:00),public HTML/JSON-LD; OBS sitemap; WP-CLI published post fields,Khớp/không có ngày áp dụng,,
https://mathanoibacninh.com/kien-thuc/glocom-cuom-nuoc/page/2/,https://mathanoibacninh.com/kien-thuc/glocom-cuom-nuoc/page/2/,200,taxonomy/archive,,,,,,,,,,,,[],,,,,,,,,,Asia/Ho_Chi_Minh (+07:00),public HTML/JSON-LD; OBS sitemap; WP-CLI published post fields,Khớp/không có ngày áp dụng,,
https://mathanoibacninh.com/kien-thuc/glocom-goc-mo-mat-thi-truong-am-tham/,https://mathanoibacninh.com/kien-thuc/glocom-goc-mo-mat-thi-truong-am-tham/,200,post,654,,Cập nhật 3/10/2026 · 9 phút đọc,3/10/2026,2026-10-03T14:42:55+07:00,2026-10-03T14:42:55+07:00,,2026-08-23T12:28:56+07:00,2026-08-23T12:28:56+07:00,2026-10-03T14:42:55+07:00,2026-10-03T14:42:55+07:00,"[{""@id"":""https://mathanoibacninh.com/kien-thuc/glocom-goc-mo-mat-thi-truong-am-tham/#bai-viet"",""@type"":[""MedicalWebPage"",""Article""],""datePublished"":""2026-08-23T12:28:56+07:00"",""dateModified"":""2026-10-03T14:42:55+07:00"",""dateReviewed"":"""",""lastReviewed"":"""",""script_index"":0},{""@id"":"""",""@type"":""Article"",""datePublished"":""2026-08-23T05:28:56+07:00"",""dateModified"":""2026-10-03T07:42:55+07:00"",""dateReviewed"":"""",""lastReviewed"":"""",""script_index"":1}]",,,2026-08-23T05:28:56+07:00,2026-10-03T07:42:55+07:00,2026-10-03T07:42:55+00:00,2026-10-03T14:42:55+07:00,https://mathanoibacninh.com/obs-sitemap-posts.xml,2026-08-23 12:28:56,2026-10-03 14:42:55,Asia/Ho_Chi_Minh (+07:00),public HTML/JSON-LD; OBS sitemap; WP-CLI published post fields,Cần kiểm tra,D01;D02;D09,one schema entity datePublished differs from WP post_date; one schema entity dateModified differs from WP post_modified; OG article time differs from corresponding WP date
https://mathanoibacninh.com/kien-thuc/glocom-nhan-ap-binh-thuong/,https://mathanoibacninh.com/kien-thuc/glocom-nhan-ap-binh-thuong/,200,post,1563,pending-author-and-medical-review,Đăng ngày 2/10/2026 · 8 phút đọc,2/10/2026,2026-10-02T11:33:51+07:00,2026-10-02T11:33:51+07:00,Đăng ngày,,,,,[],,,2026-10-02T04:33:51+07:00,2026-10-02T04:37:37+07:00,2026-10-02T04:37:37+00:00,2026-10-02T11:37:37+07:00,https://mathanoibacninh.com/obs-sitemap-posts.xml,2026-10-02 11:33:51,2026-10-02 11:37:37,Asia/Ho_Chi_Minh (+07:00),public HTML/JSON-LD; OBS sitemap; WP-CLI published post fields,Cần kiểm tra,D09,Article date-bearing JSON-LD withheld pending author and medical review; verified WP post meta; OG article time differs from corresponding WP date
https://mathanoibacninh.com/kien-thuc/hai-dong-tu-khac-kich-thuoc-moi-xuat-hien/,https://mathanoibacninh.com/kien-thuc/hai-dong-tu-khac-kich-thuoc-moi-xuat-hien/,200,post,1574,pending-author-and-medical-review,Đăng ngày 2/10/2026 · 8 phút đọc,2/10/2026,2026-10-02T11:34:01+07:00,2026-10-02T11:34:01+07:00,Đăng ngày,,,,,[],,,2026-10-02T04:34:01+07:00,2026-10-02T04:37:46+07:00,2026-10-02T04:37:46+00:00,2026-10-02T11:37:46+07:00,https://mathanoibacninh.com/obs-sitemap-posts.xml,2026-10-02 11:34:01,2026-10-02 11:37:46,Asia/Ho_Chi_Minh (+07:00),public HTML/JSON-LD; OBS sitemap; WP-CLI published post fields,Cần kiểm tra,D09,Article date-bearing JSON-LD withheld pending author and medical review; verified WP post meta; OG article time differs from corresponding WP date
https://mathanoibacninh.com/kien-thuc/hai-mat-nhin-khong-cung-huong-o-nguoi-truong-thanh/,https://mathanoibacninh.com/kien-thuc/hai-mat-nhin-khong-cung-huong-o-nguoi-truong-thanh/,200,post,619,,Cập nhật 2/10/2026 · 11 phút đọc,2/10/2026,2026-10-02T15:51:27+07:00,2026-10-02T15:51:27+07:00,,2026-08-23T00:38:32+07:00,2026-08-23T00:38:32+07:00,2026-10-02T15:51:27+07:00,2026-10-02T15:51:27+07:00,"[{""@id"":""https://mathanoibacninh.com/kien-thuc/hai-mat-nhin-khong-cung-huong-o-nguoi-truong-thanh/#bai-viet"",""@type"":[""MedicalWebPage"",""Article""],""datePublished"":""2026-08-23T00:38:32+07:00"",""dateModified"":""2026-10-02T15:51:27+07:00"",""dateReviewed"":"""",""lastReviewed"":"""",""script_index"":0},{""@id"":"""",""@type"":""Article"",""datePublished"":""2026-08-22T17:38:32+07:00"",""dateModified"":""2026-10-02T08:51:27+07:00"",""dateReviewed"":"""",""lastReviewed"":"""",""script_index"":1}]",,,2026-08-22T17:38:32+07:00,2026-10-02T08:51:27+07:00,2026-10-02T08:51:27+00:00,2026-10-02T15:51:27+07:00,https://mathanoibacninh.com/obs-sitemap-posts.xml,2026-08-23 00:38:32,2026-10-02 15:51:27,Asia/Ho_Chi_Minh (+07:00),public HTML/JSON-LD; OBS sitemap; WP-CLI published post fields,Cần kiểm tra,D01;D02;D09,one schema entity datePublished differs from WP post_date; one schema entity dateModified differs from WP post_modified; OG article time differs from corresponding WP date
https://mathanoibacninh.com/kien-thuc/han-dien-va-tia-cuc-tim/,https://mathanoibacninh.com/kien-thuc/han-dien-va-tia-cuc-tim/,200,post,593,,Đăng ngày 23/8/2026 · 11 phút đọc,23/8/2026,2026-08-23T00:25:55+07:00,2026-08-23T00:25:55+07:00,Đăng ngày,2026-08-23T00:25:55+07:00,2026-08-23T00:25:55+07:00,2026-08-23T00:25:55+07:00,2026-08-23T00:25:55+07:00,"[{""@id"":""https://mathanoibacninh.com/kien-thuc/han-dien-va-tia-cuc-tim/#bai-viet"",""@type"":[""MedicalWebPage"",""Article""],""datePublished"":""2026-08-23T00:25:55+07:00"",""dateModified"":""2026-08-23T00:25:55+07:00"",""dateReviewed"":"""",""lastReviewed"":"""",""script_index"":0},{""@id"":"""",""@type"":""Article"",""datePublished"":""2026-08-22T17:25:55+07:00"",""dateModified"":""2026-08-22T17:25:55+07:00"",""dateReviewed"":"""",""lastReviewed"":"""",""script_index"":1}]",,,2026-08-22T17:25:55+07:00,2026-08-22T17:25:55+07:00,2026-08-22T17:25:55+00:00,2026-08-23T00:25:55+07:00,https://mathanoibacninh.com/obs-sitemap-posts.xml,2026-08-23 00:25:55,2026-08-23 00:25:55,Asia/Ho_Chi_Minh (+07:00),public HTML/JSON-LD; OBS sitemap; WP-CLI published post fields,Cần kiểm tra,D01;D02;D09,one schema entity datePublished differs from WP post_date; one schema entity dateModified differs from WP post_modified; OG article time differs from corresponding WP date
https://mathanoibacninh.com/kien-thuc/he-dung-cham-da-ma-quen-mat-bac-si-tiet-lo-ly-do/,https://mathanoibacninh.com/kien-thuc/he-dung-cham-da-ma-quen-mat-bac-si-tiet-lo-ly-do/,200,post,73,,Cập nhật 1/10/2026 · 3 phút đọc,1/10/2026,2026-10-01T16:02:25+07:00,2026-10-01T16:02:25+07:00,,2026-08-06T21:03:14+07:00,2026-08-06T21:03:14+07:00,2026-10-01T16:02:25+07:00,2026-10-01T16:02:25+07:00,"[{""@id"":""https://mathanoibacninh.com/kien-thuc/he-dung-cham-da-ma-quen-mat-bac-si-tiet-lo-ly-do/#bai-viet"",""@type"":[""MedicalWebPage"",""Article""],""datePublished"":""2026-08-06T21:03:14+07:00"",""dateModified"":""2026-10-01T16:02:25+07:00"",""dateReviewed"":"""",""lastReviewed"":"""",""script_index"":0},{""@id"":"""",""@type"":""Article"",""datePublished"":""2026-08-06T14:03:14+07:00"",""dateModified"":""2026-10-01T09:02:25+07:00"",""dateReviewed"":"""",""lastReviewed"":"""",""script_index"":1}]",,,2026-08-06T14:03:14+07:00,2026-10-01T09:02:25+07:00,2026-10-01T09:02:25+00:00,2026-10-01T16:02:25+07:00,https://mathanoibacninh.com/obs-sitemap-posts.xml,2026-08-06 21:03:14,2026-10-01 16:02:25,Asia/Ho_Chi_Minh (+07:00),public HTML/JSON-LD; OBS sitemap; WP-CLI published post fields,Cần kiểm tra,D01;D02;D09,one schema entity datePublished differs from WP post_date; one schema entity dateModified differs from WP post_modified; OG article time differs from corresponding WP date
https://mathanoibacninh.com/kien-thuc/ket-qua-kham-mat-doc-the-nao/,https://mathanoibacninh.com/kien-thuc/ket-qua-kham-mat-doc-the-nao/,200,post,287,,Đăng ngày 9/8/2026 · 11 phút đọc,9/8/2026,2026-08-09T07:19:26+07:00,2026-08-09T07:19:26+07:00,Đăng ngày,2026-08-09T07:19:26+07:00,2026-08-09T07:19:26+07:00,2026-08-09T07:19:26+07:00,2026-08-09T07:19:26+07:00,"[{""@id"":""https://mathanoibacninh.com/kien-thuc/ket-qua-kham-mat-doc-the-nao/#bai-viet"",""@type"":[""MedicalWebPage"",""Article""],""datePublished"":""2026-08-09T07:19:26+07:00"",""dateModified"":""2026-08-09T07:19:26+07:00"",""dateReviewed"":"""",""lastReviewed"":"""",""script_index"":0},{""@id"":"""",""@type"":""Article"",""datePublished"":""2026-08-09T00:19:26+07:00"",""dateModified"":""2026-08-09T00:19:26+07:00"",""dateReviewed"":"""",""lastReviewed"":"""",""script_index"":1}]",,,2026-08-09T00:19:26+07:00,2026-08-09T00:19:26+07:00,2026-08-09T00:19:26+00:00,2026-08-09T07:19:26+07:00,https://mathanoibacninh.com/obs-sitemap-posts.xml,2026-08-09 07:19:26,2026-08-09 07:19:26,Asia/Ho_Chi_Minh (+07:00),public HTML/JSON-LD; OBS sitemap; WP-CLI published post fields,Cần kiểm tra,D01;D02;D09,one schema entity datePublished differs from WP post_date; one schema entity dateModified differs from WP post_modified; OG article time differs from corresponding WP date
https://mathanoibacninh.com/kien-thuc/kham-can-thi-bao-nhieu-tien/,https://mathanoibacninh.com/kien-thuc/kham-can-thi-bao-nhieu-tien/,200,post,1443,pending-author-and-medical-review,Đăng ngày 1/10/2026 · 2 phút đọc,1/10/2026,2026-10-01T09:12:53+07:00,2026-10-01T09:12:53+07:00,Đăng ngày,,,,,[],,,2026-10-01T02:12:53+07:00,2026-10-01T02:12:53+07:00,2026-10-01T02:12:53+00:00,2026-10-01T09:12:53+07:00,https://mathanoibacninh.com/obs-sitemap-posts.xml,2026-10-01 09:12:53,2026-10-01 09:12:53,Asia/Ho_Chi_Minh (+07:00),public HTML/JSON-LD; OBS sitemap; WP-CLI published post fields,Cần kiểm tra,D09,Article date-bearing JSON-LD withheld pending author and medical review; verified WP post meta; OG article time differs from corresponding WP date
https://mathanoibacninh.com/kien-thuc/kham-can-thi-cho-tre-o-bac-ninh/,https://mathanoibacninh.com/kien-thuc/kham-can-thi-cho-tre-o-bac-ninh/,200,post,1445,pending-author-and-medical-review,Đăng ngày 1/10/2026 · 2 phút đọc,1/10/2026,2026-10-01T09:12:54+07:00,2026-10-01T09:12:54+07:00,Đăng ngày,,,,,[],,,2026-10-01T02:12:54+07:00,2026-10-01T02:12:54+07:00,2026-10-01T02:12:54+00:00,2026-10-01T09:12:54+07:00,https://mathanoibacninh.com/obs-sitemap-posts.xml,2026-10-01 09:12:54,2026-10-01 09:12:54,Asia/Ho_Chi_Minh (+07:00),public HTML/JSON-LD; OBS sitemap; WP-CLI published post fields,Cần kiểm tra,D09,Article date-bearing JSON-LD withheld pending author and medical review; verified WP post meta; OG article time differs from corresponding WP date
https://mathanoibacninh.com/kien-thuc/kham-dung-tuyen-va-vuot-tuyen/,https://mathanoibacninh.com/kien-thuc/kham-dung-tuyen-va-vuot-tuyen/,200,post,288,,Đăng ngày 9/8/2026 · 11 phút đọc,9/8/2026,2026-08-09T07:19:26+07:00,2026-08-09T07:19:26+07:00,Đăng ngày,2026-08-09T07:19:26+07:00,2026-08-09T07:19:26+07:00,2026-08-09T07:19:26+07:00,2026-08-09T07:19:26+07:00,"[{""@id"":""https://mathanoibacninh.com/kien-thuc/kham-dung-tuyen-va-vuot-tuyen/#bai-viet"",""@type"":[""MedicalWebPage"",""Article""],""datePublished"":""2026-08-09T07:19:26+07:00"",""dateModified"":""2026-08-09T07:19:26+07:00"",""dateReviewed"":"""",""lastReviewed"":"""",""script_index"":0},{""@id"":"""",""@type"":""Article"",""datePublished"":""2026-08-09T00:19:26+07:00"",""dateModified"":""2026-08-09T00:19:26+07:00"",""dateReviewed"":"""",""lastReviewed"":"""",""script_index"":1}]",,,2026-08-09T00:19:26+07:00,2026-08-09T00:19:26+07:00,2026-08-09T00:19:26+00:00,2026-08-09T07:19:26+07:00,https://mathanoibacninh.com/obs-sitemap-posts.xml,2026-08-09 07:19:26,2026-08-09 07:19:26,Asia/Ho_Chi_Minh (+07:00),public HTML/JSON-LD; OBS sitemap; WP-CLI published post fields,Cần kiểm tra,D01;D02;D09,one schema entity datePublished differs from WP post_date; one schema entity dateModified differs from WP post_modified; OG article time differs from corresponding WP date
https://mathanoibacninh.com/kien-thuc/kham-khuc-xa-gom-nhung-gi/,https://mathanoibacninh.com/kien-thuc/kham-khuc-xa-gom-nhung-gi/,200,post,120,pending-author-and-medical-review,Cập nhật 2/10/2026 · 13 phút đọc,2/10/2026,2026-10-02T15:51:22+07:00,2026-10-02T15:51:22+07:00,,,,,,[],,,2026-08-09T00:20:19+07:00,2026-10-02T08:51:22+07:00,2026-10-02T08:51:22+00:00,2026-10-02T15:51:22+07:00,https://mathanoibacninh.com/obs-sitemap-posts.xml,2026-08-09 07:20:19,2026-10-02 15:51:22,Asia/Ho_Chi_Minh (+07:00),public HTML/JSON-LD; OBS sitemap; WP-CLI published post fields,Cần kiểm tra,D09,Article date-bearing JSON-LD withheld pending author and medical review; verified WP post meta; OG article time differs from corresponding WP date
https://mathanoibacninh.com/kien-thuc/kham-mat-cho-tre-truoc-tuoi-di-hoc/,https://mathanoibacninh.com/kien-thuc/kham-mat-cho-tre-truoc-tuoi-di-hoc/,200,post,194,,Đăng ngày 9/8/2026 · 9 phút đọc,9/8/2026,2026-08-09T07:19:49+07:00,2026-08-09T07:19:49+07:00,Đăng ngày,2026-08-09T07:19:49+07:00,2026-08-09T07:19:49+07:00,2026-08-09T07:19:49+07:00,2026-08-09T07:19:49+07:00,"[{""@id"":""https://mathanoibacninh.com/kien-thuc/kham-mat-cho-tre-truoc-tuoi-di-hoc/#bai-viet"",""@type"":[""MedicalWebPage"",""Article""],""datePublished"":""2026-08-09T07:19:49+07:00"",""dateModified"":""2026-08-09T07:19:49+07:00"",""dateReviewed"":"""",""lastReviewed"":"""",""script_index"":0},{""@id"":"""",""@type"":""Article"",""datePublished"":""2026-08-09T00:19:49+07:00"",""dateModified"":""2026-08-09T00:19:49+07:00"",""dateReviewed"":"""",""lastReviewed"":"""",""script_index"":1}]",,,2026-08-09T00:19:49+07:00,2026-08-09T00:19:49+07:00,2026-08-09T00:19:49+00:00,2026-08-09T07:19:49+07:00,https://mathanoibacninh.com/obs-sitemap-posts.xml,2026-08-09 07:19:49,2026-08-09 07:19:49,Asia/Ho_Chi_Minh (+07:00),public HTML/JSON-LD; OBS sitemap; WP-CLI published post fields,Cần kiểm tra,D01;D02;D09,one schema entity datePublished differs from WP post_date; one schema entity dateModified differs from WP post_modified; OG article time differs from corresponding WP date
https://mathanoibacninh.com/kien-thuc/kham-mat-hoc-duong-cho-hoc-sinh/,https://mathanoibacninh.com/kien-thuc/kham-mat-hoc-duong-cho-hoc-sinh/,200,post,144,,Đăng ngày 9/8/2026 · 9 phút đọc,9/8/2026,2026-08-09T07:19:26+07:00,2026-08-09T07:19:26+07:00,Đăng ngày,2026-08-09T07:19:26+07:00,2026-08-09T07:19:26+07:00,2026-08-09T07:19:26+07:00,2026-08-09T07:19:26+07:00,"[{""@id"":""https://mathanoibacninh.com/kien-thuc/kham-mat-hoc-duong-cho-hoc-sinh/#bai-viet"",""@type"":[""MedicalWebPage"",""Article""],""datePublished"":""2026-08-09T07:19:26+07:00"",""dateModified"":""2026-08-09T07:19:26+07:00"",""dateReviewed"":"""",""lastReviewed"":"""",""script_index"":0},{""@id"":"""",""@type"":""Article"",""datePublished"":""2026-08-09T00:19:26+07:00"",""dateModified"":""2026-08-09T00:19:26+07:00"",""dateReviewed"":"""",""lastReviewed"":"""",""script_index"":1}]",,,2026-08-09T00:19:26+07:00,2026-08-09T00:19:26+07:00,2026-08-09T00:19:26+00:00,2026-08-09T07:19:26+07:00,https://mathanoibacninh.com/obs-sitemap-posts.xml,2026-08-09 07:19:26,2026-08-09 07:19:26,Asia/Ho_Chi_Minh (+07:00),public HTML/JSON-LD; OBS sitemap; WP-CLI published post fields,Cần kiểm tra,D01;D02;D09,one schema entity datePublished differs from WP post_date; one schema entity dateModified differs from WP post_modified; OG article time differs from corresponding WP date
https://mathanoibacninh.com/kien-thuc/kham-mat-ngoai-gio-hanh-chinh/,https://mathanoibacninh.com/kien-thuc/kham-mat-ngoai-gio-hanh-chinh/,200,post,594,,Đăng ngày 23/8/2026 · 9 phút đọc,23/8/2026,2026-08-23T00:25:55+07:00,2026-08-23T00:25:55+07:00,Đăng ngày,2026-08-23T00:25:55+07:00,2026-08-23T00:25:55+07:00,2026-08-23T00:25:55+07:00,2026-08-23T00:25:55+07:00,"[{""@id"":""https://mathanoibacninh.com/kien-thuc/kham-mat-ngoai-gio-hanh-chinh/#bai-viet"",""@type"":[""MedicalWebPage"",""Article""],""datePublished"":""2026-08-23T00:25:55+07:00"",""dateModified"":""2026-08-23T00:25:55+07:00"",""dateReviewed"":"""",""lastReviewed"":"""",""script_index"":0},{""@id"":"""",""@type"":""Article"",""datePublished"":""2026-08-22T17:25:55+07:00"",""dateModified"":""2026-08-22T17:25:55+07:00"",""dateReviewed"":"""",""lastReviewed"":"""",""script_index"":1}]",,,2026-08-22T17:25:55+07:00,2026-08-22T17:25:55+07:00,2026-08-22T17:25:55+00:00,2026-08-23T00:25:55+07:00,https://mathanoibacninh.com/obs-sitemap-posts.xml,2026-08-23 00:25:55,2026-08-23 00:25:55,Asia/Ho_Chi_Minh (+07:00),public HTML/JSON-LD; OBS sitemap; WP-CLI published post fields,Cần kiểm tra,D01;D02;D09,one schema entity datePublished differs from WP post_date; one schema entity dateModified differs from WP post_modified; OG article time differs from corresponding WP date
https://mathanoibacninh.com/kien-thuc/kham-suc-khoe-thi-luc-cho-cong-nhan/,https://mathanoibacninh.com/kien-thuc/kham-suc-khoe-thi-luc-cho-cong-nhan/,200,post,595,,Đăng ngày 23/8/2026 · 11 phút đọc,23/8/2026,2026-08-23T00:25:54+07:00,2026-08-23T00:25:54+07:00,Đăng ngày,2026-08-23T00:25:54+07:00,2026-08-23T00:25:54+07:00,2026-08-23T00:25:54+07:00,2026-08-23T00:25:54+07:00,"[{""@id"":""https://mathanoibacninh.com/kien-thuc/kham-suc-khoe-thi-luc-cho-cong-nhan/#bai-viet"",""@type"":[""MedicalWebPage"",""Article""],""datePublished"":""2026-08-23T00:25:54+07:00"",""dateModified"":""2026-08-23T00:25:54+07:00"",""dateReviewed"":"""",""lastReviewed"":"""",""script_index"":0},{""@id"":"""",""@type"":""Article"",""datePublished"":""2026-08-22T17:25:54+07:00"",""dateModified"":""2026-08-22T17:25:54+07:00"",""dateReviewed"":"""",""lastReviewed"":"""",""script_index"":1}]",,,2026-08-22T17:25:54+07:00,2026-08-22T17:25:54+07:00,2026-08-22T17:25:54+00:00,2026-08-23T00:25:54+07:00,https://mathanoibacninh.com/obs-sitemap-posts.xml,2026-08-23 00:25:54,2026-08-23 00:25:54,Asia/Ho_Chi_Minh (+07:00),public HTML/JSON-LD; OBS sitemap; WP-CLI published post fields,Cần kiểm tra,D01;D02;D09,one schema entity datePublished differs from WP post_date; one schema entity dateModified differs from WP post_modified; OG article time differs from corresponding WP date
https://mathanoibacninh.com/kien-thuc/kham-truoc-mo-can-gom-nhung-gi/,https://mathanoibacninh.com/kien-thuc/kham-truoc-mo-can-gom-nhung-gi/,200,post,1452,pending-author-and-medical-review,Cập nhật 2/10/2026 · 3 phút đọc,2/10/2026,2026-10-02T15:51:12+07:00,2026-10-02T15:51:12+07:00,,,,,,[],,,2026-10-01T02:13:00+07:00,2026-10-02T08:51:12+07:00,2026-10-02T08:51:12+00:00,2026-10-02T15:51:12+07:00,https://mathanoibacninh.com/obs-sitemap-posts.xml,2026-10-01 09:13:00,2026-10-02 15:51:12,Asia/Ho_Chi_Minh (+07:00),public HTML/JSON-LD; OBS sitemap; WP-CLI published post fields,Cần kiểm tra,D09,Article date-bearing JSON-LD withheld pending author and medical review; verified WP post meta; OG article time differs from corresponding WP date
https://mathanoibacninh.com/kien-thuc/khi-nao-can-kham-lai-mat/,https://mathanoibacninh.com/kien-thuc/khi-nao-can-kham-lai-mat/,200,post,289,,Cập nhật 2/10/2026 · 11 phút đọc,2/10/2026,2026-10-02T15:51:27+07:00,2026-10-02T15:51:27+07:00,,2026-08-09T07:19:26+07:00,2026-08-09T07:19:26+07:00,2026-10-02T15:51:27+07:00,2026-10-02T15:51:27+07:00,"[{""@id"":""https://mathanoibacninh.com/kien-thuc/khi-nao-can-kham-lai-mat/#bai-viet"",""@type"":[""MedicalWebPage"",""Article""],""datePublished"":""2026-08-09T07:19:26+07:00"",""dateModified"":""2026-10-02T15:51:27+07:00"",""dateReviewed"":"""",""lastReviewed"":"""",""script_index"":0},{""@id"":"""",""@type"":""Article"",""datePublished"":""2026-08-09T00:19:26+07:00"",""dateModified"":""2026-10-02T08:51:27+07:00"",""dateReviewed"":"""",""lastReviewed"":"""",""script_index"":1}]",,,2026-08-09T00:19:26+07:00,2026-10-02T08:51:27+07:00,2026-10-02T08:51:27+00:00,2026-10-02T15:51:27+07:00,https://mathanoibacninh.com/obs-sitemap-posts.xml,2026-08-09 07:19:26,2026-10-02 15:51:27,Asia/Ho_Chi_Minh (+07:00),public HTML/JSON-LD; OBS sitemap; WP-CLI published post fields,Cần kiểm tra,D01;D02;D09,one schema entity datePublished differs from WP post_date; one schema entity dateModified differs from WP post_modified; OG article time differs from corresponding WP date
https://mathanoibacninh.com/kien-thuc/kho-mat-nang-khong-do-du-da-nho-thuoc/,https://mathanoibacninh.com/kien-thuc/kho-mat-nang-khong-do-du-da-nho-thuoc/,200,post,629,,Cập nhật 3/10/2026 · 11 phút đọc,3/10/2026,2026-10-03T14:42:52+07:00,2026-10-03T14:42:52+07:00,,2026-08-23T00:43:59+07:00,2026-08-23T00:43:59+07:00,2026-10-03T14:42:52+07:00,2026-10-03T14:42:52+07:00,"[{""@id"":""https://mathanoibacninh.com/kien-thuc/kho-mat-nang-khong-do-du-da-nho-thuoc/#bai-viet"",""@type"":[""MedicalWebPage"",""Article""],""datePublished"":""2026-08-23T00:43:59+07:00"",""dateModified"":""2026-10-03T14:42:52+07:00"",""dateReviewed"":"""",""lastReviewed"":"""",""script_index"":0},{""@id"":"""",""@type"":""Article"",""datePublished"":""2026-08-22T17:43:59+07:00"",""dateModified"":""2026-10-03T07:42:52+07:00"",""dateReviewed"":"""",""lastReviewed"":"""",""script_index"":1}]",,,2026-08-22T17:43:59+07:00,2026-10-03T07:42:52+07:00,2026-10-03T07:42:52+00:00,2026-10-03T14:42:52+07:00,https://mathanoibacninh.com/obs-sitemap-posts.xml,2026-08-23 00:43:59,2026-10-03 14:42:52,Asia/Ho_Chi_Minh (+07:00),public HTML/JSON-LD; OBS sitemap; WP-CLI published post fields,Cần kiểm tra,D01;D02;D09,one schema entity datePublished differs from WP post_date; one schema entity dateModified differs from WP post_modified; OG article time differs from corresponding WP date
https://mathanoibacninh.com/kien-thuc/kho-mat-nguyen-nhan-va-xu-tri/,https://mathanoibacninh.com/kien-thuc/kho-mat-nguyen-nhan-va-xu-tri/,200,post,181,,Cập nhật 1/10/2026 · 10 phút đọc,1/10/2026,2026-10-01T16:02:21+07:00,2026-10-01T16:02:21+07:00,,2026-08-09T07:19:49+07:00,2026-08-09T07:19:49+07:00,2026-10-01T16:02:21+07:00,2026-10-01T16:02:21+07:00,"[{""@id"":""https://mathanoibacninh.com/kien-thuc/kho-mat-nguyen-nhan-va-xu-tri/#bai-viet"",""@type"":[""MedicalWebPage"",""Article""],""datePublished"":""2026-08-09T07:19:49+07:00"",""dateModified"":""2026-10-01T16:02:21+07:00"",""dateReviewed"":"""",""lastReviewed"":"""",""script_index"":0},{""@id"":"""",""@type"":""Article"",""datePublished"":""2026-08-09T00:19:49+07:00"",""dateModified"":""2026-10-01T09:02:21+07:00"",""dateReviewed"":"""",""lastReviewed"":"""",""script_index"":1}]",,,2026-08-09T00:19:49+07:00,2026-10-01T09:02:21+07:00,2026-10-01T09:02:21+00:00,2026-10-01T16:02:21+07:00,https://mathanoibacninh.com/obs-sitemap-posts.xml,2026-08-09 07:19:49,2026-10-01 16:02:21,Asia/Ho_Chi_Minh (+07:00),public HTML/JSON-LD; OBS sitemap; WP-CLI published post fields,Cần kiểm tra,D01;D02;D09,one schema entity datePublished differs from WP post_date; one schema entity dateModified differs from WP post_modified; OG article time differs from corresponding WP date
https://mathanoibacninh.com/kien-thuc/kho-mat-sau-mo-can-khi-nao-tai-kham/,https://mathanoibacninh.com/kien-thuc/kho-mat-sau-mo-can-khi-nao-tai-kham/,200,post,1560,pending-author-and-medical-review,Đăng ngày 2/10/2026 · 9 phút đọc,2/10/2026,2026-10-02T11:33:49+07:00,2026-10-02T11:33:49+07:00,Đăng ngày,,,,,[],,,2026-10-02T04:33:49+07:00,2026-10-02T04:37:35+07:00,2026-10-02T04:37:35+00:00,2026-10-02T11:37:35+07:00,https://mathanoibacninh.com/obs-sitemap-posts.xml,2026-10-02 11:33:49,2026-10-02 11:37:35,Asia/Ho_Chi_Minh (+07:00),public HTML/JSON-LD; OBS sitemap; WP-CLI published post fields,Cần kiểm tra,D09,Article date-bearing JSON-LD withheld pending author and medical review; verified WP post meta; OG article time differs from corresponding WP date
https://mathanoibacninh.com/kien-thuc/kho-mat-trong-phong-dieu-hoa/,https://mathanoibacninh.com/kien-thuc/kho-mat-trong-phong-dieu-hoa/,200,post,1476,pending-author-and-medical-review,Đăng ngày 1/10/2026 · 8 phút đọc,1/10/2026,2026-10-01T15:49:48+07:00,2026-10-01T15:49:48+07:00,Đăng ngày,,,,,[],,,2026-10-01T08:49:48+07:00,2026-10-01T09:02:09+07:00,2026-10-01T09:02:09+00:00,2026-10-01T16:02:09+07:00,https://mathanoibacninh.com/obs-sitemap-posts.xml,2026-10-01 15:49:48,2026-10-01 16:02:09,Asia/Ho_Chi_Minh (+07:00),public HTML/JSON-LD; OBS sitemap; WP-CLI published post fields,Cần kiểm tra,D09,Article date-bearing JSON-LD withheld pending author and medical review; verified WP post meta; OG article time differs from corresponding WP date
https://mathanoibacninh.com/kien-thuc/khong-nen-tu-y-mua-khang-sinh-tri-dau-mat-do/,https://mathanoibacninh.com/kien-thuc/khong-nen-tu-y-mua-khang-sinh-tri-dau-mat-do/,200,post,74,,Đăng ngày 6/8/2026 · 3 phút đọc,6/8/2026,2026-08-06T21:02:23+07:00,2026-08-06T21:02:23+07:00,Đăng ngày,2026-08-06T21:02:23+07:00,2026-08-06T21:02:23+07:00,2026-08-06T21:03:14+07:00,2026-08-06T21:03:14+07:00,"[{""@id"":""https://mathanoibacninh.com/kien-thuc/khong-nen-tu-y-mua-khang-sinh-tri-dau-mat-do/#bai-viet"",""@type"":[""MedicalWebPage"",""Article""],""datePublished"":""2026-08-06T21:02:23+07:00"",""dateModified"":""2026-08-06T21:03:14+07:00"",""dateReviewed"":"""",""lastReviewed"":"""",""script_index"":0},{""@id"":"""",""@type"":""Article"",""datePublished"":""2026-08-06T14:02:23+07:00"",""dateModified"":""2026-08-06T14:03:14+07:00"",""dateReviewed"":"""",""lastReviewed"":"""",""script_index"":1}]",,,2026-08-06T14:02:23+07:00,2026-08-06T14:03:14+07:00,2026-08-06T14:03:14+00:00,2026-08-06T21:03:14+07:00,https://mathanoibacninh.com/obs-sitemap-posts.xml,2026-08-06 21:02:23,2026-08-06 21:03:14,Asia/Ho_Chi_Minh (+07:00),public HTML/JSON-LD; OBS sitemap; WP-CLI published post fields,Cần kiểm tra,D01;D02;D09,one schema entity datePublished differs from WP post_date; one schema entity dateModified differs from WP post_modified; OG article time differs from corresponding WP date
https://mathanoibacninh.com/kien-thuc/kiem-soat-tien-trien-can-thi-la-gi/,https://mathanoibacninh.com/kien-thuc/kiem-soat-tien-trien-can-thi-la-gi/,200,post,267,,Cập nhật 2/10/2026 · 10 phút đọc,2/10/2026,2026-10-02T15:51:24+07:00,2026-10-02T15:51:24+07:00,,2026-08-09T07:19:26+07:00,2026-08-09T07:19:26+07:00,2026-10-02T15:51:24+07:00,2026-10-02T15:51:24+07:00,"[{""@id"":""https://mathanoibacninh.com/kien-thuc/kiem-soat-tien-trien-can-thi-la-gi/#bai-viet"",""@type"":[""MedicalWebPage"",""Article""],""datePublished"":""2026-08-09T07:19:26+07:00"",""dateModified"":""2026-10-02T15:51:24+07:00"",""dateReviewed"":"""",""lastReviewed"":"""",""script_index"":0},{""@id"":"""",""@type"":""Article"",""datePublished"":""2026-08-09T00:19:26+07:00"",""dateModified"":""2026-10-02T08:51:24+07:00"",""dateReviewed"":"""",""lastReviewed"":"""",""script_index"":1}]",,,2026-08-09T00:19:26+07:00,2026-10-02T08:51:24+07:00,2026-10-02T08:51:24+00:00,2026-10-02T15:51:24+07:00,https://mathanoibacninh.com/obs-sitemap-posts.xml,2026-08-09 07:19:26,2026-10-02 15:51:24,Asia/Ho_Chi_Minh (+07:00),public HTML/JSON-LD; OBS sitemap; WP-CLI published post fields,Cần kiểm tra,D01;D02;D09,one schema entity datePublished differs from WP post_date; one schema entity dateModified differs from WP post_modified; OG article time differs from corresponding WP date
https://mathanoibacninh.com/kien-thuc/kien-thuc-phau-thuat-khuc-xa/,https://mathanoibacninh.com/kien-thuc/kien-thuc-phau-thuat-khuc-xa/,200,taxonomy/archive,,,,,,,,,,,,[],,,,,,,https://mathanoibacninh.com/obs-sitemap-cats.xml,,,Asia/Ho_Chi_Minh (+07:00),public HTML/JSON-LD; OBS sitemap; WP-CLI published post fields,Khớp/không có ngày áp dụng,,
https://mathanoibacninh.com/kien-thuc/kinh-ap-trong-khi-lam-viec-nhieu-bui/,https://mathanoibacninh.com/kien-thuc/kinh-ap-trong-khi-lam-viec-nhieu-bui/,200,post,1477,pending-author-and-medical-review,Đăng ngày 1/10/2026 · 8 phút đọc,1/10/2026,2026-10-01T15:49:49+07:00,2026-10-01T15:49:49+07:00,Đăng ngày,,,,,[],,,2026-10-01T08:49:49+07:00,2026-10-01T09:02:10+07:00,2026-10-01T09:02:10+00:00,2026-10-01T16:02:10+07:00,https://mathanoibacninh.com/obs-sitemap-posts.xml,2026-10-01 15:49:49,2026-10-01 16:02:10,Asia/Ho_Chi_Minh (+07:00),public HTML/JSON-LD; OBS sitemap; WP-CLI published post fields,Cần kiểm tra,D09,Article date-bearing JSON-LD withheld pending author and medical review; verified WP post meta; OG article time differs from corresponding WP date
https://mathanoibacninh.com/kien-thuc/kinh-bao-ho-bi-mo-hoac-tray/,https://mathanoibacninh.com/kien-thuc/kinh-bao-ho-bi-mo-hoac-tray/,200,post,1485,pending-author-and-medical-review,Đăng ngày 1/10/2026 · 8 phút đọc,1/10/2026,2026-10-01T15:49:56+07:00,2026-10-01T15:49:56+07:00,Đăng ngày,,,,,[],,,2026-10-01T08:49:56+07:00,2026-10-01T09:02:16+07:00,2026-10-01T09:02:16+00:00,2026-10-01T16:02:16+07:00,https://mathanoibacninh.com/obs-sitemap-posts.xml,2026-10-01 15:49:56,2026-10-01 16:02:16,Asia/Ho_Chi_Minh (+07:00),public HTML/JSON-LD; OBS sitemap; WP-CLI published post fields,Cần kiểm tra,D09,Article date-bearing JSON-LD withheld pending author and medical review; verified WP post meta; OG article time differs from corresponding WP date
https://mathanoibacninh.com/kien-thuc/kinh-can-co-thay-kinh-bao-ho-duoc-khong/,https://mathanoibacninh.com/kien-thuc/kinh-can-co-thay-kinh-bao-ho-duoc-khong/,200,post,1478,pending-author-and-medical-review,Đăng ngày 1/10/2026 · 8 phút đọc,1/10/2026,2026-10-01T15:49:50+07:00,2026-10-01T15:49:50+07:00,Đăng ngày,,,,,[],,,2026-10-01T08:49:50+07:00,2026-10-01T09:02:10+07:00,2026-10-01T09:02:10+00:00,2026-10-01T16:02:10+07:00,https://mathanoibacninh.com/obs-sitemap-posts.xml,2026-10-01 15:49:50,2026-10-01 16:02:10,Asia/Ho_Chi_Minh (+07:00),public HTML/JSON-LD; OBS sitemap; WP-CLI published post fields,Cần kiểm tra,D09,Article date-bearing JSON-LD withheld pending author and medical review; verified WP post meta; OG article time differs from corresponding WP date
https://mathanoibacninh.com/kien-thuc/kinh-da-trong-sau-tuoi-40/,https://mathanoibacninh.com/kien-thuc/kinh-da-trong-sau-tuoi-40/,200,post,1559,pending-author-and-medical-review,Đăng ngày 2/10/2026 · 9 phút đọc,2/10/2026,2026-10-02T11:33:48+07:00,2026-10-02T11:33:48+07:00,Đăng ngày,,,,,[],,,2026-10-02T04:33:48+07:00,2026-10-02T04:37:34+07:00,2026-10-02T04:37:34+00:00,2026-10-02T11:37:34+07:00,https://mathanoibacninh.com/obs-sitemap-posts.xml,2026-10-02 11:33:48,2026-10-02 11:37:34,Asia/Ho_Chi_Minh (+07:00),public HTML/JSON-LD; OBS sitemap; WP-CLI published post fields,Cần kiểm tra,D09,Article date-bearing JSON-LD withheld pending author and medical review; verified WP post meta; OG article time differs from corresponding WP date
https://mathanoibacninh.com/kien-thuc/kinh-khong-con-dung-do-khi-nao-do-lai/,https://mathanoibacninh.com/kien-thuc/kinh-khong-con-dung-do-khi-nao-do-lai/,200,post,630,,Cập nhật 2/10/2026 · 11 phút đọc,2/10/2026,2026-10-02T15:51:02+07:00,2026-10-02T15:51:02+07:00,,2026-08-23T00:43:59+07:00,2026-08-23T00:43:59+07:00,2026-10-02T15:51:02+07:00,2026-10-02T15:51:02+07:00,"[{""@id"":""https://mathanoibacninh.com/kien-thuc/kinh-khong-con-dung-do-khi-nao-do-lai/#bai-viet"",""@type"":[""MedicalWebPage"",""Article""],""datePublished"":""2026-08-23T00:43:59+07:00"",""dateModified"":""2026-10-02T15:51:02+07:00"",""dateReviewed"":"""",""lastReviewed"":"""",""script_index"":0},{""@id"":"""",""@type"":""Article"",""datePublished"":""2026-08-22T17:43:59+07:00"",""dateModified"":""2026-10-02T08:51:02+07:00"",""dateReviewed"":"""",""lastReviewed"":"""",""script_index"":1}]",,,2026-08-22T17:43:59+07:00,2026-10-02T08:51:02+07:00,2026-10-02T08:51:02+00:00,2026-10-02T15:51:02+07:00,https://mathanoibacninh.com/obs-sitemap-posts.xml,2026-08-23 00:43:59,2026-10-02 15:51:02,Asia/Ho_Chi_Minh (+07:00),public HTML/JSON-LD; OBS sitemap; WP-CLI published post fields,Cần kiểm tra,D01;D02;D09,one schema entity datePublished differs from WP post_date; one schema entity dateModified differs from WP post_modified; OG article time differs from corresponding WP date
https://mathanoibacninh.com/kien-thuc/kinh-moi-dung-don-nhung-deo-kho-chiu/,https://mathanoibacninh.com/kien-thuc/kinh-moi-dung-don-nhung-deo-kho-chiu/,200,post,1575,pending-author-and-medical-review,Đăng ngày 2/10/2026 · 9 phút đọc,2/10/2026,2026-10-02T11:34:02+07:00,2026-10-02T11:34:02+07:00,Đăng ngày,,,,,[],,,2026-10-02T04:34:02+07:00,2026-10-02T04:37:47+07:00,2026-10-02T04:37:47+00:00,2026-10-02T11:37:47+07:00,https://mathanoibacninh.com/obs-sitemap-posts.xml,2026-10-02 11:34:02,2026-10-02 11:37:47,Asia/Ho_Chi_Minh (+07:00),public HTML/JSON-LD; OBS sitemap; WP-CLI published post fields,Cần kiểm tra,D09,Article date-bearing JSON-LD withheld pending author and medical review; verified WP post meta; OG article time differs from corresponding WP date
https://mathanoibacninh.com/kien-thuc/la-lua-canh-cay-quet-vao-mat/,https://mathanoibacninh.com/kien-thuc/la-lua-canh-cay-quet-vao-mat/,200,post,1569,pending-author-and-medical-review,Đăng ngày 2/10/2026 · 8 phút đọc,2/10/2026,2026-10-02T11:33:56+07:00,2026-10-02T11:33:56+07:00,Đăng ngày,,,,,[],,,2026-10-02T04:33:56+07:00,2026-10-02T04:37:42+07:00,2026-10-02T04:37:42+00:00,2026-10-02T11:37:42+07:00,https://mathanoibacninh.com/obs-sitemap-posts.xml,2026-10-02 11:33:56,2026-10-02 11:37:42,Asia/Ho_Chi_Minh (+07:00),public HTML/JSON-LD; OBS sitemap; WP-CLI published post fields,Cần kiểm tra,D09,Article date-bearing JSON-LD withheld pending author and medical review; verified WP post meta; OG article time differs from corresponding WP date
https://mathanoibacninh.com/kien-thuc/lac-mat-o-tre-co-tu-het-khong/,https://mathanoibacninh.com/kien-thuc/lac-mat-o-tre-co-tu-het-khong/,200,post,187,,Đăng ngày 9/8/2026 · 9 phút đọc,9/8/2026,2026-08-09T07:19:49+07:00,2026-08-09T07:19:49+07:00,Đăng ngày,2026-08-09T07:19:49+07:00,2026-08-09T07:19:49+07:00,2026-08-09T07:19:49+07:00,2026-08-09T07:19:49+07:00,"[{""@id"":""https://mathanoibacninh.com/kien-thuc/lac-mat-o-tre-co-tu-het-khong/#bai-viet"",""@type"":[""MedicalWebPage"",""Article""],""datePublished"":""2026-08-09T07:19:49+07:00"",""dateModified"":""2026-08-09T07:19:49+07:00"",""dateReviewed"":"""",""lastReviewed"":"""",""script_index"":0},{""@id"":"""",""@type"":""Article"",""datePublished"":""2026-08-09T00:19:49+07:00"",""dateModified"":""2026-08-09T00:19:49+07:00"",""dateReviewed"":"""",""lastReviewed"":"""",""script_index"":1}]",,,2026-08-09T00:19:49+07:00,2026-08-09T00:19:49+07:00,2026-08-09T00:19:49+00:00,2026-08-09T07:19:49+07:00,https://mathanoibacninh.com/obs-sitemap-posts.xml,2026-08-09 07:19:49,2026-08-09 07:19:49,Asia/Ho_Chi_Minh (+07:00),public HTML/JSON-LD; OBS sitemap; WP-CLI published post fields,Cần kiểm tra,D01;D02;D09,one schema entity datePublished differs from WP post_date; one schema entity dateModified differs from WP post_modified; OG article time differs from corresponding WP date
https://mathanoibacninh.com/kien-thuc/lac-trong-lac-ngoai-khac-nhau/,https://mathanoibacninh.com/kien-thuc/lac-trong-lac-ngoai-khac-nhau/,200,post,188,,Đăng ngày 9/8/2026 · 9 phút đọc,9/8/2026,2026-08-09T07:19:49+07:00,2026-08-09T07:19:49+07:00,Đăng ngày,2026-08-09T07:19:49+07:00,2026-08-09T07:19:49+07:00,2026-08-09T07:19:49+07:00,2026-08-09T07:19:49+07:00,"[{""@id"":""https://mathanoibacninh.com/kien-thuc/lac-trong-lac-ngoai-khac-nhau/#bai-viet"",""@type"":[""MedicalWebPage"",""Article""],""datePublished"":""2026-08-09T07:19:49+07:00"",""dateModified"":""2026-08-09T07:19:49+07:00"",""dateReviewed"":"""",""lastReviewed"":"""",""script_index"":0},{""@id"":"""",""@type"":""Article"",""datePublished"":""2026-08-09T00:19:49+07:00"",""dateModified"":""2026-08-09T00:19:49+07:00"",""dateReviewed"":"""",""lastReviewed"":"""",""script_index"":1}]",,,2026-08-09T00:19:49+07:00,2026-08-09T00:19:49+07:00,2026-08-09T00:19:49+00:00,2026-08-09T07:19:49+07:00,https://mathanoibacninh.com/obs-sitemap-posts.xml,2026-08-09 07:19:49,2026-08-09 07:19:49,Asia/Ho_Chi_Minh (+07:00),public HTML/JSON-LD; OBS sitemap; WP-CLI published post fields,Cần kiểm tra,D01;D02;D09,one schema entity datePublished differs from WP post_date; one schema entity dateModified differs from WP post_modified; OG article time differs from corresponding WP date
https://mathanoibacninh.com/kien-thuc/lai-xe-ban-dem-nhin-kem/,https://mathanoibacninh.com/kien-thuc/lai-xe-ban-dem-nhin-kem/,200,post,596,,Cập nhật 1/10/2026 · 11 phút đọc,1/10/2026,2026-10-01T16:02:27+07:00,2026-10-01T16:02:27+07:00,,2026-08-23T00:25:53+07:00,2026-08-23T00:25:53+07:00,2026-10-01T16:02:27+07:00,2026-10-01T16:02:27+07:00,"[{""@id"":""https://mathanoibacninh.com/kien-thuc/lai-xe-ban-dem-nhin-kem/#bai-viet"",""@type"":[""MedicalWebPage"",""Article""],""datePublished"":""2026-08-23T00:25:53+07:00"",""dateModified"":""2026-10-01T16:02:27+07:00"",""dateReviewed"":"""",""lastReviewed"":"""",""script_index"":0},{""@id"":"""",""@type"":""Article"",""datePublished"":""2026-08-22T17:25:53+07:00"",""dateModified"":""2026-10-01T09:02:27+07:00"",""dateReviewed"":"""",""lastReviewed"":"""",""script_index"":1}]",,,2026-08-22T17:25:53+07:00,2026-10-01T09:02:27+07:00,2026-10-01T09:02:27+00:00,2026-10-01T16:02:27+07:00,https://mathanoibacninh.com/obs-sitemap-posts.xml,2026-08-23 00:25:53,2026-10-01 16:02:27,Asia/Ho_Chi_Minh (+07:00),public HTML/JSON-LD; OBS sitemap; WP-CLI published post fields,Cần kiểm tra,D01;D02;D09,one schema entity datePublished differs from WP post_date; one schema entity dateModified differs from WP post_modified; OG article time differs from corresponding WP date
https://mathanoibacninh.com/kien-thuc/lam-viec-ngoai-troi-bao-ve-mat-tia-uv/,https://mathanoibacninh.com/kien-thuc/lam-viec-ngoai-troi-bao-ve-mat-tia-uv/,200,post,1483,pending-author-and-medical-review,Đăng ngày 1/10/2026 · 8 phút đọc,1/10/2026,2026-10-01T15:49:54+07:00,2026-10-01T15:49:54+07:00,Đăng ngày,,,,,[],,,2026-10-01T08:49:54+07:00,2026-10-01T09:02:14+07:00,2026-10-01T09:02:14+00:00,2026-10-01T16:02:14+07:00,https://mathanoibacninh.com/obs-sitemap-posts.xml,2026-10-01 15:49:54,2026-10-01 16:02:14,Asia/Ho_Chi_Minh (+07:00),public HTML/JSON-LD; OBS sitemap; WP-CLI published post fields,Cần kiểm tra,D09,Article date-bearing JSON-LD withheld pending author and medical review; verified WP post meta; OG article time differs from corresponding WP date
https://mathanoibacninh.com/kien-thuc/lam-viec-trong-kho-lanh-mat-cay/,https://mathanoibacninh.com/kien-thuc/lam-viec-trong-kho-lanh-mat-cay/,200,post,1486,pending-author-and-medical-review,Đăng ngày 1/10/2026 · 8 phút đọc,1/10/2026,2026-10-01T15:49:57+07:00,2026-10-01T15:49:57+07:00,Đăng ngày,,,,,[],,,2026-10-01T08:49:57+07:00,2026-10-01T09:02:17+07:00,2026-10-01T09:02:17+00:00,2026-10-01T16:02:17+07:00,https://mathanoibacninh.com/obs-sitemap-posts.xml,2026-10-01 15:49:57,2026-10-01 16:02:17,Asia/Ho_Chi_Minh (+07:00),public HTML/JSON-LD; OBS sitemap; WP-CLI published post fields,Cần kiểm tra,D09,Article date-bearing JSON-LD withheld pending author and medical review; verified WP post meta; OG article time differs from corresponding WP date
https://mathanoibacninh.com/kien-thuc/lao-thi-va-duc-thuy-tinh-the-khac-nhau/,https://mathanoibacninh.com/kien-thuc/lao-thi-va-duc-thuy-tinh-the-khac-nhau/,200,post,151,,Cập nhật 2/10/2026 · 10 phút đọc,2/10/2026,2026-10-02T15:51:20+07:00,2026-10-02T15:51:20+07:00,,2026-08-09T07:19:27+07:00,2026-08-09T07:19:27+07:00,2026-10-02T15:51:20+07:00,2026-10-02T15:51:20+07:00,"[{""@id"":""https://mathanoibacninh.com/kien-thuc/lao-thi-va-duc-thuy-tinh-the-khac-nhau/#bai-viet"",""@type"":[""MedicalWebPage"",""Article""],""datePublished"":""2026-08-09T07:19:27+07:00"",""dateModified"":""2026-10-02T15:51:20+07:00"",""dateReviewed"":"""",""lastReviewed"":"""",""script_index"":0},{""@id"":"""",""@type"":""Article"",""datePublished"":""2026-08-09T00:19:27+07:00"",""dateModified"":""2026-10-02T08:51:20+07:00"",""dateReviewed"":"""",""lastReviewed"":"""",""script_index"":1}]",,,2026-08-09T00:19:27+07:00,2026-10-02T08:51:20+07:00,2026-10-02T08:51:20+00:00,2026-10-02T15:51:20+07:00,https://mathanoibacninh.com/obs-sitemap-posts.xml,2026-08-09 07:19:27,2026-10-02 15:51:20,Asia/Ho_Chi_Minh (+07:00),public HTML/JSON-LD; OBS sitemap; WP-CLI published post fields,Cần kiểm tra,D01;D02;D09,one schema entity datePublished differs from WP post_date; one schema entity dateModified differs from WP post_modified; OG article time differs from corresponding WP date
https://mathanoibacninh.com/kien-thuc/lao-thi-vi-sao-sau-40-tuoi-nhin-gan-mo/,https://mathanoibacninh.com/kien-thuc/lao-thi-vi-sao-sau-40-tuoi-nhin-gan-mo/,200,post,631,,Cập nhật 3/10/2026 · 11 phút đọc,3/10/2026,2026-10-03T14:42:53+07:00,2026-10-03T14:42:53+07:00,,2026-08-23T00:44:00+07:00,2026-08-23T00:44:00+07:00,2026-10-03T14:42:53+07:00,2026-10-03T14:42:53+07:00,"[{""@id"":""https://mathanoibacninh.com/kien-thuc/lao-thi-vi-sao-sau-40-tuoi-nhin-gan-mo/#bai-viet"",""@type"":[""MedicalWebPage"",""Article""],""datePublished"":""2026-08-23T00:44:00+07:00"",""dateModified"":""2026-10-03T14:42:53+07:00"",""dateReviewed"":"""",""lastReviewed"":"""",""script_index"":0},{""@id"":"""",""@type"":""Article"",""datePublished"":""2026-08-22T17:44:00+07:00"",""dateModified"":""2026-10-03T07:42:53+07:00"",""dateReviewed"":"""",""lastReviewed"":"""",""script_index"":1}]",,,2026-08-22T17:44:00+07:00,2026-10-03T07:42:53+07:00,2026-10-03T07:42:53+00:00,2026-10-03T14:42:53+07:00,https://mathanoibacninh.com/obs-sitemap-posts.xml,2026-08-23 00:44:00,2026-10-03 14:42:53,Asia/Ho_Chi_Minh (+07:00),public HTML/JSON-LD; OBS sitemap; WP-CLI published post fields,Cần kiểm tra,D01;D02;D09,one schema entity datePublished differs from WP post_date; one schema entity dateModified differs from WP post_modified; OG article time differs from corresponding WP date
https://mathanoibacninh.com/kien-thuc/lech-do-hai-mat/,https://mathanoibacninh.com/kien-thuc/lech-do-hai-mat/,200,post,121,,Đăng ngày 9/8/2026 · 11 phút đọc,9/8/2026,2026-08-09T07:19:27+07:00,2026-08-09T07:19:27+07:00,Đăng ngày,2026-08-09T07:19:27+07:00,2026-08-09T07:19:27+07:00,2026-08-09T07:19:27+07:00,2026-08-09T07:19:27+07:00,"[{""@id"":""https://mathanoibacninh.com/kien-thuc/lech-do-hai-mat/#bai-viet"",""@type"":[""MedicalWebPage"",""Article""],""datePublished"":""2026-08-09T07:19:27+07:00"",""dateModified"":""2026-08-09T07:19:27+07:00"",""dateReviewed"":"""",""lastReviewed"":"""",""script_index"":0},{""@id"":"""",""@type"":""Article"",""datePublished"":""2026-08-09T00:19:27+07:00"",""dateModified"":""2026-08-09T00:19:27+07:00"",""dateReviewed"":"""",""lastReviewed"":"""",""script_index"":1}]",,,2026-08-09T00:19:27+07:00,2026-08-09T00:19:27+07:00,2026-08-09T00:19:27+00:00,2026-08-09T07:19:27+07:00,https://mathanoibacninh.com/obs-sitemap-posts.xml,2026-08-09 07:19:27,2026-08-09 07:19:27,Asia/Ho_Chi_Minh (+07:00),public HTML/JSON-LD; OBS sitemap; WP-CLI published post fields,Cần kiểm tra,D01;D02;D09,one schema entity datePublished differs from WP post_date; one schema entity dateModified differs from WP post_modified; OG article time differs from corresponding WP date
https://mathanoibacninh.com/kien-thuc/lo-hoang-diem-vi-sao-nhin-meo/,https://mathanoibacninh.com/kien-thuc/lo-hoang-diem-vi-sao-nhin-meo/,200,post,655,,Đăng ngày 23/8/2026 · 9 phút đọc,23/8/2026,2026-08-23T12:28:57+07:00,2026-08-23T12:28:57+07:00,Đăng ngày,2026-08-23T12:28:57+07:00,2026-08-23T12:28:57+07:00,2026-08-23T12:28:57+07:00,2026-08-23T12:28:57+07:00,"[{""@id"":""https://mathanoibacninh.com/kien-thuc/lo-hoang-diem-vi-sao-nhin-meo/#bai-viet"",""@type"":[""MedicalWebPage"",""Article""],""datePublished"":""2026-08-23T12:28:57+07:00"",""dateModified"":""2026-08-23T12:28:57+07:00"",""dateReviewed"":"""",""lastReviewed"":"""",""script_index"":0},{""@id"":"""",""@type"":""Article"",""datePublished"":""2026-08-23T05:28:57+07:00"",""dateModified"":""2026-08-23T05:28:57+07:00"",""dateReviewed"":"""",""lastReviewed"":"""",""script_index"":1}]",,,2026-08-23T05:28:57+07:00,2026-08-23T05:28:57+07:00,2026-08-23T05:28:57+00:00,2026-08-23T12:28:57+07:00,https://mathanoibacninh.com/obs-sitemap-posts.xml,2026-08-23 12:28:57,2026-08-23 12:28:57,Asia/Ho_Chi_Minh (+07:00),public HTML/JSON-LD; OBS sitemap; WP-CLI published post fields,Cần kiểm tra,D01;D02;D09,one schema entity datePublished differs from WP post_date; one schema entity dateModified differs from WP post_modified; OG article time differs from corresponding WP date
https://mathanoibacninh.com/kien-thuc/loan-thi-khong-deu-kinh-dung-van-mo/,https://mathanoibacninh.com/kien-thuc/loan-thi-khong-deu-kinh-dung-van-mo/,200,post,1562,pending-author-and-medical-review,Đăng ngày 2/10/2026 · 8 phút đọc,2/10/2026,2026-10-02T11:33:50+07:00,2026-10-02T11:33:50+07:00,Đăng ngày,,,,,[],,,2026-10-02T04:33:50+07:00,2026-10-02T04:37:37+07:00,2026-10-02T04:37:37+00:00,2026-10-02T11:37:37+07:00,https://mathanoibacninh.com/obs-sitemap-posts.xml,2026-10-02 11:33:50,2026-10-02 11:37:37,Asia/Ho_Chi_Minh (+07:00),public HTML/JSON-LD; OBS sitemap; WP-CLI published post fields,Cần kiểm tra,D09,Article date-bearing JSON-LD withheld pending author and medical review; verified WP post meta; OG article time differs from corresponding WP date
https://mathanoibacninh.com/kien-thuc/loan-thi-la-gi-khac-can-thi-the-nao/,https://mathanoibacninh.com/kien-thuc/loan-thi-la-gi-khac-can-thi-the-nao/,200,post,122,,Cập nhật 2/10/2026 · 10 phút đọc,2/10/2026,2026-10-02T15:51:09+07:00,2026-10-02T15:51:09+07:00,,2026-08-09T07:19:27+07:00,2026-08-09T07:19:27+07:00,2026-10-02T15:51:09+07:00,2026-10-02T15:51:09+07:00,"[{""@id"":""https://mathanoibacninh.com/kien-thuc/loan-thi-la-gi-khac-can-thi-the-nao/#bai-viet"",""@type"":[""MedicalWebPage"",""Article""],""datePublished"":""2026-08-09T07:19:27+07:00"",""dateModified"":""2026-10-02T15:51:09+07:00"",""dateReviewed"":"""",""lastReviewed"":"""",""script_index"":0},{""@id"":"""",""@type"":""Article"",""datePublished"":""2026-08-09T00:19:27+07:00"",""dateModified"":""2026-10-02T08:51:09+07:00"",""dateReviewed"":"""",""lastReviewed"":"""",""script_index"":1}]",,,2026-08-09T00:19:27+07:00,2026-10-02T08:51:09+07:00,2026-10-02T08:51:09+00:00,2026-10-02T15:51:09+07:00,https://mathanoibacninh.com/obs-sitemap-posts.xml,2026-08-09 07:19:27,2026-10-02 15:51:09,Asia/Ho_Chi_Minh (+07:00),public HTML/JSON-LD; OBS sitemap; WP-CLI published post fields,Cần kiểm tra,D01;D02;D09,one schema entity datePublished differs from WP post_date; one schema entity dateModified differs from WP post_modified; OG article time differs from corresponding WP date
https://mathanoibacninh.com/kien-thuc/loet-giac-mac-dau-hieu-nguy-hiem/,https://mathanoibacninh.com/kien-thuc/loet-giac-mac-dau-hieu-nguy-hiem/,200,post,182,,Cập nhật 2/10/2026 · 9 phút đọc,2/10/2026,2026-10-02T15:51:19+07:00,2026-10-02T15:51:19+07:00,,2026-08-09T07:19:49+07:00,2026-08-09T07:19:49+07:00,2026-10-02T15:51:19+07:00,2026-10-02T15:51:19+07:00,"[{""@id"":""https://mathanoibacninh.com/kien-thuc/loet-giac-mac-dau-hieu-nguy-hiem/#bai-viet"",""@type"":[""MedicalWebPage"",""Article""],""datePublished"":""2026-08-09T07:19:49+07:00"",""dateModified"":""2026-10-02T15:51:19+07:00"",""dateReviewed"":"""",""lastReviewed"":"""",""script_index"":0},{""@id"":"""",""@type"":""Article"",""datePublished"":""2026-08-09T00:19:49+07:00"",""dateModified"":""2026-10-02T08:51:19+07:00"",""dateReviewed"":"""",""lastReviewed"":"""",""script_index"":1}]",,,2026-08-09T00:19:49+07:00,2026-10-02T08:51:19+07:00,2026-10-02T08:51:19+00:00,2026-10-02T15:51:19+07:00,https://mathanoibacninh.com/obs-sitemap-posts.xml,2026-08-09 07:19:49,2026-10-02 15:51:19,Asia/Ho_Chi_Minh (+07:00),public HTML/JSON-LD; OBS sitemap; WP-CLI published post fields,Cần kiểm tra,D01;D02;D09,one schema entity datePublished differs from WP post_date; one schema entity dateModified differs from WP post_modified; OG article time differs from corresponding WP date
https://mathanoibacninh.com/kien-thuc/loi-mat-mot-ben-khac-han-truoc/,https://mathanoibacninh.com/kien-thuc/loi-mat-mot-ben-khac-han-truoc/,200,post,620,,Đăng ngày 23/8/2026 · 10 phút đọc,23/8/2026,2026-08-23T00:38:33+07:00,2026-08-23T00:38:33+07:00,Đăng ngày,2026-08-23T00:38:33+07:00,2026-08-23T00:38:33+07:00,2026-08-23T00:38:33+07:00,2026-08-23T00:38:33+07:00,"[{""@id"":""https://mathanoibacninh.com/kien-thuc/loi-mat-mot-ben-khac-han-truoc/#bai-viet"",""@type"":[""MedicalWebPage"",""Article""],""datePublished"":""2026-08-23T00:38:33+07:00"",""dateModified"":""2026-08-23T00:38:33+07:00"",""dateReviewed"":"""",""lastReviewed"":"""",""script_index"":0},{""@id"":"""",""@type"":""Article"",""datePublished"":""2026-08-22T17:38:33+07:00"",""dateModified"":""2026-08-22T17:38:33+07:00"",""dateReviewed"":"""",""lastReviewed"":"""",""script_index"":1}]",,,2026-08-22T17:38:33+07:00,2026-08-22T17:38:33+07:00,2026-08-22T17:38:33+00:00,2026-08-23T00:38:33+07:00,https://mathanoibacninh.com/obs-sitemap-posts.xml,2026-08-23 00:38:33,2026-08-23 00:38:33,Asia/Ho_Chi_Minh (+07:00),public HTML/JSON-LD; OBS sitemap; WP-CLI published post fields,Cần kiểm tra,D01;D02;D09,one schema entity datePublished differs from WP post_date; one schema entity dateModified differs from WP post_modified; OG article time differs from corresponding WP date
https://mathanoibacninh.com/kien-thuc/mai-khoan-kim-loai-bao-ve-mat/,https://mathanoibacninh.com/kien-thuc/mai-khoan-kim-loai-bao-ve-mat/,200,post,1479,pending-author-and-medical-review,Đăng ngày 1/10/2026 · 8 phút đọc,1/10/2026,2026-10-01T15:49:51+07:00,2026-10-01T15:49:51+07:00,Đăng ngày,,,,,[],,,2026-10-01T08:49:51+07:00,2026-10-01T09:02:11+07:00,2026-10-01T09:02:11+00:00,2026-10-01T16:02:11+07:00,https://mathanoibacninh.com/obs-sitemap-posts.xml,2026-10-01 15:49:51,2026-10-01 16:02:11,Asia/Ho_Chi_Minh (+07:00),public HTML/JSON-LD; OBS sitemap; WP-CLI published post fields,Cần kiểm tra,D09,Article date-bearing JSON-LD withheld pending author and medical review; verified WP post meta; OG article time differs from corresponding WP date
https://mathanoibacninh.com/kien-thuc/man-che-truoc-mat-nhu-buc-man/,https://mathanoibacninh.com/kien-thuc/man-che-truoc-mat-nhu-buc-man/,200,post,172,,Đăng ngày 9/8/2026 · 10 phút đọc,9/8/2026,2026-08-09T07:19:48+07:00,2026-08-09T07:19:48+07:00,Đăng ngày,2026-08-09T07:19:48+07:00,2026-08-09T07:19:48+07:00,2026-08-09T07:19:48+07:00,2026-08-09T07:19:48+07:00,"[{""@id"":""https://mathanoibacninh.com/kien-thuc/man-che-truoc-mat-nhu-buc-man/#bai-viet"",""@type"":[""MedicalWebPage"",""Article""],""datePublished"":""2026-08-09T07:19:48+07:00"",""dateModified"":""2026-08-09T07:19:48+07:00"",""dateReviewed"":"""",""lastReviewed"":"""",""script_index"":0},{""@id"":"""",""@type"":""Article"",""datePublished"":""2026-08-09T00:19:48+07:00"",""dateModified"":""2026-08-09T00:19:48+07:00"",""dateReviewed"":"""",""lastReviewed"":"""",""script_index"":1}]",,,2026-08-09T00:19:48+07:00,2026-08-09T00:19:48+07:00,2026-08-09T00:19:48+00:00,2026-08-09T07:19:48+07:00,https://mathanoibacninh.com/obs-sitemap-posts.xml,2026-08-09 07:19:48,2026-08-09 07:19:48,Asia/Ho_Chi_Minh (+07:00),public HTML/JSON-LD; OBS sitemap; WP-CLI published post fields,Cần kiểm tra,D01;D02;D09,one schema entity datePublished differs from WP post_date; one schema entity dateModified differs from WP post_modified; OG article time differs from corresponding WP date
https://mathanoibacninh.com/kien-thuc/man-hinh-bi-loa-khi-lam-viec/,https://mathanoibacninh.com/kien-thuc/man-hinh-bi-loa-khi-lam-viec/,200,post,1474,pending-author-and-medical-review,Cập nhật 2/10/2026 · 8 phút đọc,2/10/2026,2026-10-02T15:51:03+07:00,2026-10-02T15:51:03+07:00,,,,,,[],,,2026-10-01T08:49:47+07:00,2026-10-02T08:51:03+07:00,2026-10-02T08:51:03+00:00,2026-10-02T15:51:03+07:00,https://mathanoibacninh.com/obs-sitemap-posts.xml,2026-10-01 15:49:47,2026-10-02 15:51:03,Asia/Ho_Chi_Minh (+07:00),public HTML/JSON-LD; OBS sitemap; WP-CLI published post fields,Cần kiểm tra,D09,Article date-bearing JSON-LD withheld pending author and medical review; verified WP post meta; OG article time differs from corresponding WP date
https://mathanoibacninh.com/kien-thuc/mang-truoc-vong-mac-la-gi/,https://mathanoibacninh.com/kien-thuc/mang-truoc-vong-mac-la-gi/,200,post,656,,Cập nhật 3/10/2026 · 9 phút đọc,3/10/2026,2026-10-03T14:42:56+07:00,2026-10-03T14:42:56+07:00,,2026-08-23T12:28:58+07:00,2026-08-23T12:28:58+07:00,2026-10-03T14:42:56+07:00,2026-10-03T14:42:56+07:00,"[{""@id"":""https://mathanoibacninh.com/kien-thuc/mang-truoc-vong-mac-la-gi/#bai-viet"",""@type"":[""MedicalWebPage"",""Article""],""datePublished"":""2026-08-23T12:28:58+07:00"",""dateModified"":""2026-10-03T14:42:56+07:00"",""dateReviewed"":"""",""lastReviewed"":"""",""script_index"":0},{""@id"":"""",""@type"":""Article"",""datePublished"":""2026-08-23T05:28:58+07:00"",""dateModified"":""2026-10-03T07:42:56+07:00"",""dateReviewed"":"""",""lastReviewed"":"""",""script_index"":1}]",,,2026-08-23T05:28:58+07:00,2026-10-03T07:42:56+07:00,2026-10-03T07:42:56+00:00,2026-10-03T14:42:56+07:00,https://mathanoibacninh.com/obs-sitemap-posts.xml,2026-08-23 12:28:58,2026-10-03 14:42:56,Asia/Ho_Chi_Minh (+07:00),public HTML/JSON-LD; OBS sitemap; WP-CLI published post fields,Cần kiểm tra,D01;D02;D09,one schema entity datePublished differs from WP post_date; one schema entity dateModified differs from WP post_modified; OG article time differs from corresponding WP date
https://mathanoibacninh.com/kien-thuc/mat-bi-cham-thuong-do-vat-nhon/,https://mathanoibacninh.com/kien-thuc/mat-bi-cham-thuong-do-vat-nhon/,200,post,255,,Cập nhật 2/10/2026 · 9 phút đọc,2/10/2026,2026-10-02T15:51:04+07:00,2026-10-02T15:51:04+07:00,,2026-08-09T07:19:49+07:00,2026-08-09T07:19:49+07:00,2026-10-02T15:51:04+07:00,2026-10-02T15:51:04+07:00,"[{""@id"":""https://mathanoibacninh.com/kien-thuc/mat-bi-cham-thuong-do-vat-nhon/#bai-viet"",""@type"":[""MedicalWebPage"",""Article""],""datePublished"":""2026-08-09T07:19:49+07:00"",""dateModified"":""2026-10-02T15:51:04+07:00"",""dateReviewed"":"""",""lastReviewed"":"""",""script_index"":0},{""@id"":"""",""@type"":""Article"",""datePublished"":""2026-08-09T00:19:49+07:00"",""dateModified"":""2026-10-02T08:51:04+07:00"",""dateReviewed"":"""",""lastReviewed"":"""",""script_index"":1}]",,,2026-08-09T00:19:49+07:00,2026-10-02T08:51:04+07:00,2026-10-02T08:51:04+00:00,2026-10-02T15:51:04+07:00,https://mathanoibacninh.com/obs-sitemap-posts.xml,2026-08-09 07:19:49,2026-10-02 15:51:04,Asia/Ho_Chi_Minh (+07:00),public HTML/JSON-LD; OBS sitemap; WP-CLI published post fields,Cần kiểm tra,D01;D02;D09,one schema entity datePublished differs from WP post_date; one schema entity dateModified differs from WP post_modified; OG article time differs from corresponding WP date
https://mathanoibacninh.com/kien-thuc/mat-com-nhu-co-hat-cat/,https://mathanoibacninh.com/kien-thuc/mat-com-nhu-co-hat-cat/,200,post,183,,Cập nhật 2/10/2026 · 10 phút đọc,2/10/2026,2026-10-02T15:51:38+07:00,2026-10-02T15:51:38+07:00,,2026-08-09T07:19:49+07:00,2026-08-09T07:19:49+07:00,2026-10-02T15:51:38+07:00,2026-10-02T15:51:38+07:00,"[{""@id"":""https://mathanoibacninh.com/kien-thuc/mat-com-nhu-co-hat-cat/#bai-viet"",""@type"":[""MedicalWebPage"",""Article""],""datePublished"":""2026-08-09T07:19:49+07:00"",""dateModified"":""2026-10-02T15:51:38+07:00"",""dateReviewed"":"""",""lastReviewed"":"""",""script_index"":0},{""@id"":"""",""@type"":""Article"",""datePublished"":""2026-08-09T00:19:49+07:00"",""dateModified"":""2026-10-02T08:51:38+07:00"",""dateReviewed"":"""",""lastReviewed"":"""",""script_index"":1}]",,,2026-08-09T00:19:49+07:00,2026-10-02T08:51:38+07:00,2026-10-02T08:51:38+00:00,2026-10-02T15:51:38+07:00,https://mathanoibacninh.com/obs-sitemap-posts.xml,2026-08-09 07:19:49,2026-10-02 15:51:38,Asia/Ho_Chi_Minh (+07:00),public HTML/JSON-LD; OBS sitemap; WP-CLI published post fields,Cần kiểm tra,D01;D02;D09,one schema entity datePublished differs from WP post_date; one schema entity dateModified differs from WP post_modified; OG article time differs from corresponding WP date
https://mathanoibacninh.com/kien-thuc/mat-do-kem-ghen-vang-dinh-mi-buoi-sang/,https://mathanoibacninh.com/kien-thuc/mat-do-kem-ghen-vang-dinh-mi-buoi-sang/,200,post,621,,Cập nhật 3/10/2026 · 10 phút đọc,3/10/2026,2026-10-03T14:42:49+07:00,2026-10-03T14:42:49+07:00,,2026-08-23T00:38:33+07:00,2026-08-23T00:38:33+07:00,2026-10-03T14:42:49+07:00,2026-10-03T14:42:49+07:00,"[{""@id"":""https://mathanoibacninh.com/kien-thuc/mat-do-kem-ghen-vang-dinh-mi-buoi-sang/#bai-viet"",""@type"":[""MedicalWebPage"",""Article""],""datePublished"":""2026-08-23T00:38:33+07:00"",""dateModified"":""2026-10-03T14:42:49+07:00"",""dateReviewed"":"""",""lastReviewed"":"""",""script_index"":0},{""@id"":"""",""@type"":""Article"",""datePublished"":""2026-08-22T17:38:33+07:00"",""dateModified"":""2026-10-03T07:42:49+07:00"",""dateReviewed"":"""",""lastReviewed"":"""",""script_index"":1}]",,,2026-08-22T17:38:33+07:00,2026-10-03T07:42:49+07:00,2026-10-03T07:42:49+00:00,2026-10-03T14:42:49+07:00,https://mathanoibacninh.com/obs-sitemap-posts.xml,2026-08-23 00:38:33,2026-10-03 14:42:49,Asia/Ho_Chi_Minh (+07:00),public HTML/JSON-LD; OBS sitemap; WP-CLI published post fields,Cần kiểm tra,D01;D02;D09,one schema entity datePublished differs from WP post_date; one schema entity dateModified differs from WP post_modified; OG article time differs from corresponding WP date
https://mathanoibacninh.com/kien-thuc/mat-do-keo-dai-nhieu-tuan-khong-do/,https://mathanoibacninh.com/kien-thuc/mat-do-keo-dai-nhieu-tuan-khong-do/,200,post,622,,Đăng ngày 23/8/2026 · 11 phút đọc,23/8/2026,2026-08-23T00:38:34+07:00,2026-08-23T00:38:34+07:00,Đăng ngày,2026-08-23T00:38:34+07:00,2026-08-23T00:38:34+07:00,2026-08-23T00:38:34+07:00,2026-08-23T00:38:34+07:00,"[{""@id"":""https://mathanoibacninh.com/kien-thuc/mat-do-keo-dai-nhieu-tuan-khong-do/#bai-viet"",""@type"":[""MedicalWebPage"",""Article""],""datePublished"":""2026-08-23T00:38:34+07:00"",""dateModified"":""2026-08-23T00:38:34+07:00"",""dateReviewed"":"""",""lastReviewed"":"""",""script_index"":0},{""@id"":"""",""@type"":""Article"",""datePublished"":""2026-08-22T17:38:34+07:00"",""dateModified"":""2026-08-22T17:38:34+07:00"",""dateReviewed"":"""",""lastReviewed"":"""",""script_index"":1}]",,,2026-08-22T17:38:34+07:00,2026-08-22T17:38:34+07:00,2026-08-22T17:38:34+00:00,2026-08-23T00:38:34+07:00,https://mathanoibacninh.com/obs-sitemap-posts.xml,2026-08-23 00:38:34,2026-08-23 00:38:34,Asia/Ho_Chi_Minh (+07:00),public HTML/JSON-LD; OBS sitemap; WP-CLI published post fields,Cần kiểm tra,D01;D02;D09,one schema entity datePublished differs from WP post_date; one schema entity dateModified differs from WP post_modified; OG article time differs from corresponding WP date
https://mathanoibacninh.com/kien-thuc/mat-do-khong-dau-khong-mo/,https://mathanoibacninh.com/kien-thuc/mat-do-khong-dau-khong-mo/,200,post,568,,Cập nhật 3/10/2026 · 11 phút đọc,3/10/2026,2026-10-03T14:42:43+07:00,2026-10-03T14:42:43+07:00,,2026-08-23T01:18:56+07:00,2026-08-23T01:18:56+07:00,2026-10-03T14:42:43+07:00,2026-10-03T14:42:43+07:00,"[{""@id"":""https://mathanoibacninh.com/kien-thuc/mat-do-khong-dau-khong-mo/#bai-viet"",""@type"":[""MedicalWebPage"",""Article""],""datePublished"":""2026-08-23T01:18:56+07:00"",""dateModified"":""2026-10-03T14:42:43+07:00"",""dateReviewed"":"""",""lastReviewed"":"""",""script_index"":0},{""@id"":"""",""@type"":""Article"",""datePublished"":""2026-08-22T18:18:56+07:00"",""dateModified"":""2026-10-03T07:42:43+07:00"",""dateReviewed"":"""",""lastReviewed"":"""",""script_index"":1}]",,,2026-08-22T18:18:56+07:00,2026-10-03T07:42:43+07:00,2026-10-03T07:42:43+00:00,2026-10-03T14:42:43+07:00,https://mathanoibacninh.com/obs-sitemap-posts.xml,2026-08-23 01:18:56,2026-10-03 14:42:43,Asia/Ho_Chi_Minh (+07:00),public HTML/JSON-LD; OBS sitemap; WP-CLI published post fields,Cần kiểm tra,D01;D02;D09,one schema entity datePublished differs from WP post_date; one schema entity dateModified differs from WP post_modified; OG article time differs from corresponding WP date
https://mathanoibacninh.com/kien-thuc/mat-do-khong-phai-dau-mat-do/,https://mathanoibacninh.com/kien-thuc/mat-do-khong-phai-dau-mat-do/,200,post,184,,Đăng ngày 9/8/2026 · 9 phút đọc,9/8/2026,2026-08-09T07:19:49+07:00,2026-08-09T07:19:49+07:00,Đăng ngày,2026-08-09T07:19:49+07:00,2026-08-09T07:19:49+07:00,2026-08-09T07:19:49+07:00,2026-08-09T07:19:49+07:00,"[{""@id"":""https://mathanoibacninh.com/kien-thuc/mat-do-khong-phai-dau-mat-do/#bai-viet"",""@type"":[""MedicalWebPage"",""Article""],""datePublished"":""2026-08-09T07:19:49+07:00"",""dateModified"":""2026-08-09T07:19:49+07:00"",""dateReviewed"":"""",""lastReviewed"":"""",""script_index"":0},{""@id"":"""",""@type"":""Article"",""datePublished"":""2026-08-09T00:19:49+07:00"",""dateModified"":""2026-08-09T00:19:49+07:00"",""dateReviewed"":"""",""lastReviewed"":"""",""script_index"":1}]",,,2026-08-09T00:19:49+07:00,2026-08-09T00:19:49+07:00,2026-08-09T00:19:49+00:00,2026-08-09T07:19:49+07:00,https://mathanoibacninh.com/obs-sitemap-posts.xml,2026-08-09 07:19:49,2026-08-09 07:19:49,Asia/Ho_Chi_Minh (+07:00),public HTML/JSON-LD; OBS sitemap; WP-CLI published post fields,Cần kiểm tra,D01;D02;D09,one schema entity datePublished differs from WP post_date; one schema entity dateModified differs from WP post_modified; OG article time differs from corresponding WP date
https://mathanoibacninh.com/kien-thuc/mat-do-mot-mang-tim-sam-duoi-ket-mac/,https://mathanoibacninh.com/kien-thuc/mat-do-mot-mang-tim-sam-duoi-ket-mac/,200,post,623,,Đăng ngày 23/8/2026 · 11 phút đọc,23/8/2026,2026-08-23T00:38:35+07:00,2026-08-23T00:38:35+07:00,Đăng ngày,2026-08-23T00:38:35+07:00,2026-08-23T00:38:35+07:00,2026-08-23T00:38:35+07:00,2026-08-23T00:38:35+07:00,"[{""@id"":""https://mathanoibacninh.com/kien-thuc/mat-do-mot-mang-tim-sam-duoi-ket-mac/#bai-viet"",""@type"":[""MedicalWebPage"",""Article""],""datePublished"":""2026-08-23T00:38:35+07:00"",""dateModified"":""2026-08-23T00:38:35+07:00"",""dateReviewed"":"""",""lastReviewed"":"""",""script_index"":0},{""@id"":"""",""@type"":""Article"",""datePublished"":""2026-08-22T17:38:35+07:00"",""dateModified"":""2026-08-22T17:38:35+07:00"",""dateReviewed"":"""",""lastReviewed"":"""",""script_index"":1}]",,,2026-08-22T17:38:35+07:00,2026-08-22T17:38:35+07:00,2026-08-22T17:38:35+00:00,2026-08-23T00:38:35+07:00,https://mathanoibacninh.com/obs-sitemap-posts.xml,2026-08-23 00:38:35,2026-08-23 00:38:35,Asia/Ho_Chi_Minh (+07:00),public HTML/JSON-LD; OBS sitemap; WP-CLI published post fields,Cần kiểm tra,D01;D02;D09,one schema entity datePublished differs from WP post_date; one schema entity dateModified differs from WP post_modified; OG article time differs from corresponding WP date
https://mathanoibacninh.com/kien-thuc/mat-do-sau-khi-boi-hoac-tam-bien/,https://mathanoibacninh.com/kien-thuc/mat-do-sau-khi-boi-hoac-tam-bien/,200,post,624,,Cập nhật 3/10/2026 · 10 phút đọc,3/10/2026,2026-10-03T14:42:50+07:00,2026-10-03T14:42:50+07:00,,2026-08-23T00:38:35+07:00,2026-08-23T00:38:35+07:00,2026-10-03T14:42:50+07:00,2026-10-03T14:42:50+07:00,"[{""@id"":""https://mathanoibacninh.com/kien-thuc/mat-do-sau-khi-boi-hoac-tam-bien/#bai-viet"",""@type"":[""MedicalWebPage"",""Article""],""datePublished"":""2026-08-23T00:38:35+07:00"",""dateModified"":""2026-10-03T14:42:50+07:00"",""dateReviewed"":"""",""lastReviewed"":"""",""script_index"":0},{""@id"":"""",""@type"":""Article"",""datePublished"":""2026-08-22T17:38:35+07:00"",""dateModified"":""2026-10-03T07:42:50+07:00"",""dateReviewed"":"""",""lastReviewed"":"""",""script_index"":1}]",,,2026-08-22T17:38:35+07:00,2026-10-03T07:42:50+07:00,2026-10-03T07:42:50+00:00,2026-10-03T14:42:50+07:00,https://mathanoibacninh.com/obs-sitemap-posts.xml,2026-08-23 00:38:35,2026-10-03 14:42:50,Asia/Ho_Chi_Minh (+07:00),public HTML/JSON-LD; OBS sitemap; WP-CLI published post fields,Cần kiểm tra,D01;D02;D09,one schema entity datePublished differs from WP post_date; one schema entity dateModified differs from WP post_modified; OG article time differs from corresponding WP date
https://mathanoibacninh.com/kien-thuc/mat-giat-va-co-mi-lien-tuc/,https://mathanoibacninh.com/kien-thuc/mat-giat-va-co-mi-lien-tuc/,200,post,256,,Cập nhật 2/10/2026 · 9 phút đọc,2/10/2026,2026-10-02T15:51:34+07:00,2026-10-02T15:51:34+07:00,,2026-08-09T07:19:49+07:00,2026-08-09T07:19:49+07:00,2026-10-02T15:51:34+07:00,2026-10-02T15:51:34+07:00,"[{""@id"":""https://mathanoibacninh.com/kien-thuc/mat-giat-va-co-mi-lien-tuc/#bai-viet"",""@type"":[""MedicalWebPage"",""Article""],""datePublished"":""2026-08-09T07:19:49+07:00"",""dateModified"":""2026-10-02T15:51:34+07:00"",""dateReviewed"":"""",""lastReviewed"":"""",""script_index"":0},{""@id"":"""",""@type"":""Article"",""datePublished"":""2026-08-09T00:19:49+07:00"",""dateModified"":""2026-10-02T08:51:34+07:00"",""dateReviewed"":"""",""lastReviewed"":"""",""script_index"":1}]",,,2026-08-09T00:19:49+07:00,2026-10-02T08:51:34+07:00,2026-10-02T08:51:34+00:00,2026-10-02T15:51:34+07:00,https://mathanoibacninh.com/obs-sitemap-posts.xml,2026-08-09 07:19:49,2026-10-02 15:51:34,Asia/Ho_Chi_Minh (+07:00),public HTML/JSON-LD; OBS sitemap; WP-CLI published post fields,Cần kiểm tra,D01;D02;D09,one schema entity datePublished differs from WP post_date; one schema entity dateModified differs from WP post_modified; OG article time differs from corresponding WP date
https://mathanoibacninh.com/kien-thuc/mat-keo-may-la-benh-gi/,https://mathanoibacninh.com/kien-thuc/mat-keo-may-la-benh-gi/,200,post,152,,Đăng ngày 9/8/2026 · 10 phút đọc,9/8/2026,2026-08-09T07:19:27+07:00,2026-08-09T07:19:27+07:00,Đăng ngày,2026-08-09T07:19:27+07:00,2026-08-09T07:19:27+07:00,2026-08-09T07:19:27+07:00,2026-08-09T07:19:27+07:00,"[{""@id"":""https://mathanoibacninh.com/kien-thuc/mat-keo-may-la-benh-gi/#bai-viet"",""@type"":[""MedicalWebPage"",""Article""],""datePublished"":""2026-08-09T07:19:27+07:00"",""dateModified"":""2026-08-09T07:19:27+07:00"",""dateReviewed"":"""",""lastReviewed"":"""",""script_index"":0},{""@id"":"""",""@type"":""Article"",""datePublished"":""2026-08-09T00:19:27+07:00"",""dateModified"":""2026-08-09T00:19:27+07:00"",""dateReviewed"":"""",""lastReviewed"":"""",""script_index"":1}]",,,2026-08-09T00:19:27+07:00,2026-08-09T00:19:27+07:00,2026-08-09T00:19:27+00:00,2026-08-09T07:19:27+07:00,https://mathanoibacninh.com/obs-sitemap-posts.xml,2026-08-09 07:19:27,2026-08-09 07:19:27,Asia/Ho_Chi_Minh (+07:00),public HTML/JSON-LD; OBS sitemap; WP-CLI published post fields,Cần kiểm tra,D01;D02;D09,one schema entity datePublished differs from WP post_date; one schema entity dateModified differs from WP post_modified; OG article time differs from corresponding WP date
https://mathanoibacninh.com/kien-thuc/mat-mo-buoi-toi-ban-ngay-thi-ro/,https://mathanoibacninh.com/kien-thuc/mat-mo-buoi-toi-ban-ngay-thi-ro/,200,post,569,,Cập nhật 3/10/2026 · 10 phút đọc,3/10/2026,2026-10-03T14:42:44+07:00,2026-10-03T14:42:44+07:00,,2026-08-23T01:18:57+07:00,2026-08-23T01:18:57+07:00,2026-10-03T14:42:44+07:00,2026-10-03T14:42:44+07:00,"[{""@id"":""https://mathanoibacninh.com/kien-thuc/mat-mo-buoi-toi-ban-ngay-thi-ro/#bai-viet"",""@type"":[""MedicalWebPage"",""Article""],""datePublished"":""2026-08-23T01:18:57+07:00"",""dateModified"":""2026-10-03T14:42:44+07:00"",""dateReviewed"":"""",""lastReviewed"":"""",""script_index"":0},{""@id"":"""",""@type"":""Article"",""datePublished"":""2026-08-22T18:18:57+07:00"",""dateModified"":""2026-10-03T07:42:44+07:00"",""dateReviewed"":"""",""lastReviewed"":"""",""script_index"":1}]",,,2026-08-22T18:18:57+07:00,2026-10-03T07:42:44+07:00,2026-10-03T07:42:44+00:00,2026-10-03T14:42:44+07:00,https://mathanoibacninh.com/obs-sitemap-posts.xml,2026-08-23 01:18:57,2026-10-03 14:42:44,Asia/Ho_Chi_Minh (+07:00),public HTML/JSON-LD; OBS sitemap; WP-CLI published post fields,Cần kiểm tra,D01;D02;D09,one schema entity datePublished differs from WP post_date; one schema entity dateModified differs from WP post_modified; OG article time differs from corresponding WP date
https://mathanoibacninh.com/kien-thuc/mat-mo-dan-theo-thoi-gian-o-nguoi-truong-thanh/,https://mathanoibacninh.com/kien-thuc/mat-mo-dan-theo-thoi-gian-o-nguoi-truong-thanh/,200,post,570,,Cập nhật 3/10/2026 · 11 phút đọc,3/10/2026,2026-10-03T14:42:45+07:00,2026-10-03T14:42:45+07:00,,2026-08-23T01:18:58+07:00,2026-08-23T01:18:58+07:00,2026-10-03T14:42:45+07:00,2026-10-03T14:42:45+07:00,"[{""@id"":""https://mathanoibacninh.com/kien-thuc/mat-mo-dan-theo-thoi-gian-o-nguoi-truong-thanh/#bai-viet"",""@type"":[""MedicalWebPage"",""Article""],""datePublished"":""2026-08-23T01:18:58+07:00"",""dateModified"":""2026-10-03T14:42:45+07:00"",""dateReviewed"":"""",""lastReviewed"":"""",""script_index"":0},{""@id"":"""",""@type"":""Article"",""datePublished"":""2026-08-22T18:18:58+07:00"",""dateModified"":""2026-10-03T07:42:45+07:00"",""dateReviewed"":"""",""lastReviewed"":"""",""script_index"":1}]",,,2026-08-22T18:18:58+07:00,2026-10-03T07:42:45+07:00,2026-10-03T07:42:45+00:00,2026-10-03T14:42:45+07:00,https://mathanoibacninh.com/obs-sitemap-posts.xml,2026-08-23 01:18:58,2026-10-03 14:42:45,Asia/Ho_Chi_Minh (+07:00),public HTML/JSON-LD; OBS sitemap; WP-CLI published post fields,Cần kiểm tra,D01;D02;D09,one schema entity datePublished differs from WP post_date; one schema entity dateModified differs from WP post_modified; OG article time differs from corresponding WP date
https://mathanoibacninh.com/kien-thuc/mat-mo-dot-ngot-mot-ben/,https://mathanoibacninh.com/kien-thuc/mat-mo-dot-ngot-mot-ben/,200,post,173,,Đăng ngày 9/8/2026 · 10 phút đọc,9/8/2026,2026-08-09T07:19:48+07:00,2026-08-09T07:19:48+07:00,Đăng ngày,2026-08-09T07:19:48+07:00,2026-08-09T07:19:48+07:00,2026-08-09T07:19:48+07:00,2026-08-09T07:19:48+07:00,"[{""@id"":""https://mathanoibacninh.com/kien-thuc/mat-mo-dot-ngot-mot-ben/#bai-viet"",""@type"":[""MedicalWebPage"",""Article""],""datePublished"":""2026-08-09T07:19:48+07:00"",""dateModified"":""2026-08-09T07:19:48+07:00"",""dateReviewed"":"""",""lastReviewed"":"""",""script_index"":0},{""@id"":"""",""@type"":""Article"",""datePublished"":""2026-08-09T00:19:48+07:00"",""dateModified"":""2026-08-09T00:19:48+07:00"",""dateReviewed"":"""",""lastReviewed"":"""",""script_index"":1}]",,,2026-08-09T00:19:48+07:00,2026-08-09T00:19:48+07:00,2026-08-09T00:19:48+00:00,2026-08-09T07:19:48+07:00,https://mathanoibacninh.com/obs-sitemap-posts.xml,2026-08-09 07:19:48,2026-08-09 07:19:48,Asia/Ho_Chi_Minh (+07:00),public HTML/JSON-LD; OBS sitemap; WP-CLI published post fields,Cần kiểm tra,D01;D02;D09,one schema entity datePublished differs from WP post_date; one schema entity dateModified differs from WP post_modified; OG article time differs from corresponding WP date
https://mathanoibacninh.com/kien-thuc/mat-mo-dot-ngot-trong-vai-phut/,https://mathanoibacninh.com/kien-thuc/mat-mo-dot-ngot-trong-vai-phut/,200,post,257,,Đăng ngày 9/8/2026 · 9 phút đọc,9/8/2026,2026-08-09T07:19:49+07:00,2026-08-09T07:19:49+07:00,Đăng ngày,2026-08-09T07:19:49+07:00,2026-08-09T07:19:49+07:00,2026-08-10T00:07:45+07:00,2026-08-10T00:07:45+07:00,"[{""@id"":""https://mathanoibacninh.com/kien-thuc/mat-mo-dot-ngot-trong-vai-phut/#bai-viet"",""@type"":[""MedicalWebPage"",""Article""],""datePublished"":""2026-08-09T07:19:49+07:00"",""dateModified"":""2026-08-10T00:07:45+07:00"",""dateReviewed"":"""",""lastReviewed"":"""",""script_index"":0},{""@id"":"""",""@type"":""Article"",""datePublished"":""2026-08-09T00:19:49+07:00"",""dateModified"":""2026-08-09T17:07:45+07:00"",""dateReviewed"":"""",""lastReviewed"":"""",""script_index"":1}]",,,2026-08-09T00:19:49+07:00,2026-08-09T17:07:45+07:00,2026-08-09T17:07:45+00:00,2026-08-10T00:07:45+07:00,https://mathanoibacninh.com/obs-sitemap-posts.xml,2026-08-09 07:19:49,2026-08-10 00:07:45,Asia/Ho_Chi_Minh (+07:00),public HTML/JSON-LD; OBS sitemap; WP-CLI published post fields,Cần kiểm tra,D01;D02;D09,one schema entity datePublished differs from WP post_date; one schema entity dateModified differs from WP post_modified; OG article time differs from corresponding WP date
https://mathanoibacninh.com/kien-thuc/mat-mo-kem-nhin-meo-duong-thang-thanh-cong/,https://mathanoibacninh.com/kien-thuc/mat-mo-kem-nhin-meo-duong-thang-thanh-cong/,200,post,571,,Cập nhật 3/10/2026 · 10 phút đọc,3/10/2026,2026-10-03T14:42:46+07:00,2026-10-03T14:42:46+07:00,,2026-08-23T01:18:58+07:00,2026-08-23T01:18:58+07:00,2026-10-03T14:42:46+07:00,2026-10-03T14:42:46+07:00,"[{""@id"":""https://mathanoibacninh.com/kien-thuc/mat-mo-kem-nhin-meo-duong-thang-thanh-cong/#bai-viet"",""@type"":[""MedicalWebPage"",""Article""],""datePublished"":""2026-08-23T01:18:58+07:00"",""dateModified"":""2026-10-03T14:42:46+07:00"",""dateReviewed"":"""",""lastReviewed"":"""",""script_index"":0},{""@id"":"""",""@type"":""Article"",""datePublished"":""2026-08-22T18:18:58+07:00"",""dateModified"":""2026-10-03T07:42:46+07:00"",""dateReviewed"":"""",""lastReviewed"":"""",""script_index"":1}]",,,2026-08-22T18:18:58+07:00,2026-10-03T07:42:46+07:00,2026-10-03T07:42:46+00:00,2026-10-03T14:42:46+07:00,https://mathanoibacninh.com/obs-sitemap-posts.xml,2026-08-23 01:18:58,2026-10-03 14:42:46,Asia/Ho_Chi_Minh (+07:00),public HTML/JSON-LD; OBS sitemap; WP-CLI published post fields,Cần kiểm tra,D01;D02;D09,one schema entity datePublished differs from WP post_date; one schema entity dateModified differs from WP post_modified; OG article time differs from corresponding WP date
https://mathanoibacninh.com/kien-thuc/mat-mo-kem-thay-man-che-hoac-mat-mang-tam-nhin/,https://mathanoibacninh.com/kien-thuc/mat-mo-kem-thay-man-che-hoac-mat-mang-tam-nhin/,200,post,572,,Cập nhật 3/10/2026 · 11 phút đọc,3/10/2026,2026-10-03T14:42:47+07:00,2026-10-03T14:42:47+07:00,,2026-08-23T01:18:59+07:00,2026-08-23T01:18:59+07:00,2026-10-03T14:42:47+07:00,2026-10-03T14:42:47+07:00,"[{""@id"":""https://mathanoibacninh.com/kien-thuc/mat-mo-kem-thay-man-che-hoac-mat-mang-tam-nhin/#bai-viet"",""@type"":[""MedicalWebPage"",""Article""],""datePublished"":""2026-08-23T01:18:59+07:00"",""dateModified"":""2026-10-03T14:42:47+07:00"",""dateReviewed"":"""",""lastReviewed"":"""",""script_index"":0},{""@id"":"""",""@type"":""Article"",""datePublished"":""2026-08-22T18:18:59+07:00"",""dateModified"":""2026-10-03T07:42:47+07:00"",""dateReviewed"":"""",""lastReviewed"":"""",""script_index"":1}]",,,2026-08-22T18:18:59+07:00,2026-10-03T07:42:47+07:00,2026-10-03T07:42:47+00:00,2026-10-03T14:42:47+07:00,https://mathanoibacninh.com/obs-sitemap-posts.xml,2026-08-23 01:18:59,2026-10-03 14:42:47,Asia/Ho_Chi_Minh (+07:00),public HTML/JSON-LD; OBS sitemap; WP-CLI published post fields,Cần kiểm tra,D01;D02;D09,one schema entity datePublished differs from WP post_date; one schema entity dateModified differs from WP post_modified; OG article time differs from corresponding WP date
https://mathanoibacninh.com/kien-thuc/mat-mo-khi-nhin-gan-nhin-xa-thi-ro/,https://mathanoibacninh.com/kien-thuc/mat-mo-khi-nhin-gan-nhin-xa-thi-ro/,200,post,573,,Đăng ngày 23/8/2026 · 11 phút đọc,23/8/2026,2026-08-23T01:19:00+07:00,2026-08-23T01:19:00+07:00,Đăng ngày,2026-08-23T01:19:00+07:00,2026-08-23T01:19:00+07:00,2026-08-23T01:19:00+07:00,2026-08-23T01:19:00+07:00,"[{""@id"":""https://mathanoibacninh.com/kien-thuc/mat-mo-khi-nhin-gan-nhin-xa-thi-ro/#bai-viet"",""@type"":[""MedicalWebPage"",""Article""],""datePublished"":""2026-08-23T01:19:00+07:00"",""dateModified"":""2026-08-23T01:19:00+07:00"",""dateReviewed"":"""",""lastReviewed"":"""",""script_index"":0},{""@id"":"""",""@type"":""Article"",""datePublished"":""2026-08-22T18:19:00+07:00"",""dateModified"":""2026-08-22T18:19:00+07:00"",""dateReviewed"":"""",""lastReviewed"":"""",""script_index"":1}]",,,2026-08-22T18:19:00+07:00,2026-08-22T18:19:00+07:00,2026-08-22T18:19:00+00:00,2026-08-23T01:19:00+07:00,https://mathanoibacninh.com/obs-sitemap-posts.xml,2026-08-23 01:19:00,2026-08-23 01:19:00,Asia/Ho_Chi_Minh (+07:00),public HTML/JSON-LD; OBS sitemap; WP-CLI published post fields,Cần kiểm tra,D01;D02;D09,one schema entity datePublished differs from WP post_date; one schema entity dateModified differs from WP post_modified; OG article time differs from corresponding WP date
https://mathanoibacninh.com/kien-thuc/mat-mo-khi-nhin-xa-nhin-gan-thi-ro/,https://mathanoibacninh.com/kien-thuc/mat-mo-khi-nhin-xa-nhin-gan-thi-ro/,200,post,574,,Đăng ngày 23/8/2026 · 10 phút đọc,23/8/2026,2026-08-23T01:19:00+07:00,2026-08-23T01:19:00+07:00,Đăng ngày,2026-08-23T01:19:00+07:00,2026-08-23T01:19:00+07:00,2026-08-23T01:19:00+07:00,2026-08-23T01:19:00+07:00,"[{""@id"":""https://mathanoibacninh.com/kien-thuc/mat-mo-khi-nhin-xa-nhin-gan-thi-ro/#bai-viet"",""@type"":[""MedicalWebPage"",""Article""],""datePublished"":""2026-08-23T01:19:00+07:00"",""dateModified"":""2026-08-23T01:19:00+07:00"",""dateReviewed"":"""",""lastReviewed"":"""",""script_index"":0},{""@id"":"""",""@type"":""Article"",""datePublished"":""2026-08-22T18:19:00+07:00"",""dateModified"":""2026-08-22T18:19:00+07:00"",""dateReviewed"":"""",""lastReviewed"":"""",""script_index"":1}]",,,2026-08-22T18:19:00+07:00,2026-08-22T18:19:00+07:00,2026-08-22T18:19:00+00:00,2026-08-23T01:19:00+07:00,https://mathanoibacninh.com/obs-sitemap-posts.xml,2026-08-23 01:19:00,2026-08-23 01:19:00,Asia/Ho_Chi_Minh (+07:00),public HTML/JSON-LD; OBS sitemap; WP-CLI published post fields,Cần kiểm tra,D01;D02;D09,one schema entity datePublished differs from WP post_date; one schema entity dateModified differs from WP post_modified; OG article time differs from corresponding WP date
https://mathanoibacninh.com/kien-thuc/mat-mo-mot-ben-ben-kia-van-ro/,https://mathanoibacninh.com/kien-thuc/mat-mo-mot-ben-ben-kia-van-ro/,200,post,575,,Cập nhật 3/10/2026 · 11 phút đọc,3/10/2026,2026-10-03T14:42:47+07:00,2026-10-03T14:42:47+07:00,,2026-08-23T01:19:01+07:00,2026-08-23T01:19:01+07:00,2026-10-03T14:42:47+07:00,2026-10-03T14:42:47+07:00,"[{""@id"":""https://mathanoibacninh.com/kien-thuc/mat-mo-mot-ben-ben-kia-van-ro/#bai-viet"",""@type"":[""MedicalWebPage"",""Article""],""datePublished"":""2026-08-23T01:19:01+07:00"",""dateModified"":""2026-10-03T14:42:47+07:00"",""dateReviewed"":"""",""lastReviewed"":"""",""script_index"":0},{""@id"":"""",""@type"":""Article"",""datePublished"":""2026-08-22T18:19:01+07:00"",""dateModified"":""2026-10-03T07:42:47+07:00"",""dateReviewed"":"""",""lastReviewed"":"""",""script_index"":1}]",,,2026-08-22T18:19:01+07:00,2026-10-03T07:42:47+07:00,2026-10-03T07:42:47+00:00,2026-10-03T14:42:47+07:00,https://mathanoibacninh.com/obs-sitemap-posts.xml,2026-08-23 01:19:01,2026-10-03 14:42:47,Asia/Ho_Chi_Minh (+07:00),public HTML/JSON-LD; OBS sitemap; WP-CLI published post fields,Cần kiểm tra,D01;D02;D09,one schema entity datePublished differs from WP post_date; one schema entity dateModified differs from WP post_modified; OG article time differs from corresponding WP date
https://mathanoibacninh.com/kien-thuc/mat-mo-mot-ben-khong-phai-can-thi/,https://mathanoibacninh.com/kien-thuc/mat-mo-mot-ben-khong-phai-can-thi/,200,post,123,,Đăng ngày 9/8/2026 · 11 phút đọc,9/8/2026,2026-08-09T07:19:27+07:00,2026-08-09T07:19:27+07:00,Đăng ngày,2026-08-09T07:19:27+07:00,2026-08-09T07:19:27+07:00,2026-08-09T07:19:27+07:00,2026-08-09T07:19:27+07:00,"[{""@id"":""https://mathanoibacninh.com/kien-thuc/mat-mo-mot-ben-khong-phai-can-thi/#bai-viet"",""@type"":[""MedicalWebPage"",""Article""],""datePublished"":""2026-08-09T07:19:27+07:00"",""dateModified"":""2026-08-09T07:19:27+07:00"",""dateReviewed"":"""",""lastReviewed"":"""",""script_index"":0},{""@id"":"""",""@type"":""Article"",""datePublished"":""2026-08-09T00:19:27+07:00"",""dateModified"":""2026-08-09T00:19:27+07:00"",""dateReviewed"":"""",""lastReviewed"":"""",""script_index"":1}]",,,2026-08-09T00:19:27+07:00,2026-08-09T00:19:27+07:00,2026-08-09T00:19:27+00:00,2026-08-09T07:19:27+07:00,https://mathanoibacninh.com/obs-sitemap-posts.xml,2026-08-09 07:19:27,2026-08-09 07:19:27,Asia/Ho_Chi_Minh (+07:00),public HTML/JSON-LD; OBS sitemap; WP-CLI published post fields,Cần kiểm tra,D01;D02;D09,one schema entity datePublished differs from WP post_date; one schema entity dateModified differs from WP post_modified; OG article time differs from corresponding WP date
https://mathanoibacninh.com/kien-thuc/mat-nguoi-cao-tuoi-kham-dinh-ky/,https://mathanoibacninh.com/kien-thuc/mat-nguoi-cao-tuoi-kham-dinh-ky/,200,post,153,,Đăng ngày 9/8/2026 · 10 phút đọc,9/8/2026,2026-08-09T07:19:27+07:00,2026-08-09T07:19:27+07:00,Đăng ngày,2026-08-09T07:19:27+07:00,2026-08-09T07:19:27+07:00,2026-08-09T07:19:27+07:00,2026-08-09T07:19:27+07:00,"[{""@id"":""https://mathanoibacninh.com/kien-thuc/mat-nguoi-cao-tuoi-kham-dinh-ky/#bai-viet"",""@type"":[""MedicalWebPage"",""Article""],""datePublished"":""2026-08-09T07:19:27+07:00"",""dateModified"":""2026-08-09T07:19:27+07:00"",""dateReviewed"":"""",""lastReviewed"":"""",""script_index"":0},{""@id"":"""",""@type"":""Article"",""datePublished"":""2026-08-09T00:19:27+07:00"",""dateModified"":""2026-08-09T00:19:27+07:00"",""dateReviewed"":"""",""lastReviewed"":"""",""script_index"":1}]",,,2026-08-09T00:19:27+07:00,2026-08-09T00:19:27+07:00,2026-08-09T00:19:27+00:00,2026-08-09T07:19:27+07:00,https://mathanoibacninh.com/obs-sitemap-posts.xml,2026-08-09 07:19:27,2026-08-09 07:19:27,Asia/Ho_Chi_Minh (+07:00),public HTML/JSON-LD; OBS sitemap; WP-CLI published post fields,Cần kiểm tra,D01;D02;D09,one schema entity datePublished differs from WP post_date; one schema entity dateModified differs from WP post_modified; OG article time differs from corresponding WP date
https://mathanoibacninh.com/kien-thuc/mat-nguoi-cao-tuoi/,https://mathanoibacninh.com/kien-thuc/mat-nguoi-cao-tuoi/,200,taxonomy/archive,,,,,,,,,,,,[],,,,,,,https://mathanoibacninh.com/obs-sitemap-cats.xml,,,Asia/Ho_Chi_Minh (+07:00),public HTML/JSON-LD; OBS sitemap; WP-CLI published post fields,Khớp/không có ngày áp dụng,,
https://mathanoibacninh.com/kien-thuc/mat-nguoi-cao-tuoi/page/2/,https://mathanoibacninh.com/kien-thuc/mat-nguoi-cao-tuoi/page/2/,200,taxonomy/archive,,,,,,,,,,,,[],,,,,,,,,,Asia/Ho_Chi_Minh (+07:00),public HTML/JSON-LD; OBS sitemap; WP-CLI published post fields,Khớp/không có ngày áp dụng,,
https://mathanoibacninh.com/kien-thuc/mat-nhay-cam-voi-anh-sang/,https://mathanoibacninh.com/kien-thuc/mat-nhay-cam-voi-anh-sang/,200,post,258,,Cập nhật 2/10/2026 · 9 phút đọc,2/10/2026,2026-10-02T15:51:28+07:00,2026-10-02T15:51:28+07:00,,2026-08-09T07:19:49+07:00,2026-08-09T07:19:49+07:00,2026-10-02T15:51:28+07:00,2026-10-02T15:51:28+07:00,"[{""@id"":""https://mathanoibacninh.com/kien-thuc/mat-nhay-cam-voi-anh-sang/#bai-viet"",""@type"":[""MedicalWebPage"",""Article""],""datePublished"":""2026-08-09T07:19:49+07:00"",""dateModified"":""2026-10-02T15:51:28+07:00"",""dateReviewed"":"""",""lastReviewed"":"""",""script_index"":0},{""@id"":"""",""@type"":""Article"",""datePublished"":""2026-08-09T00:19:49+07:00"",""dateModified"":""2026-10-02T08:51:28+07:00"",""dateReviewed"":"""",""lastReviewed"":"""",""script_index"":1}]",,,2026-08-09T00:19:49+07:00,2026-10-02T08:51:28+07:00,2026-10-02T08:51:28+00:00,2026-10-02T15:51:28+07:00,https://mathanoibacninh.com/obs-sitemap-posts.xml,2026-08-09 07:19:49,2026-10-02 15:51:28,Asia/Ho_Chi_Minh (+07:00),public HTML/JSON-LD; OBS sitemap; WP-CLI published post fields,Cần kiểm tra,D01;D02;D09,one schema entity datePublished differs from WP post_date; one schema entity dateModified differs from WP post_modified; OG article time differs from corresponding WP date
https://mathanoibacninh.com/kien-thuc/mat-nong-rat-kem-chay-nuoc-mat/,https://mathanoibacninh.com/kien-thuc/mat-nong-rat-kem-chay-nuoc-mat/,200,post,625,,Cập nhật 3/10/2026 · 11 phút đọc,3/10/2026,2026-10-03T14:42:51+07:00,2026-10-03T14:42:51+07:00,,2026-08-23T00:38:36+07:00,2026-08-23T00:38:36+07:00,2026-10-03T14:42:51+07:00,2026-10-03T14:42:51+07:00,"[{""@id"":""https://mathanoibacninh.com/kien-thuc/mat-nong-rat-kem-chay-nuoc-mat/#bai-viet"",""@type"":[""MedicalWebPage"",""Article""],""datePublished"":""2026-08-23T00:38:36+07:00"",""dateModified"":""2026-10-03T14:42:51+07:00"",""dateReviewed"":"""",""lastReviewed"":"""",""script_index"":0},{""@id"":"""",""@type"":""Article"",""datePublished"":""2026-08-22T17:38:36+07:00"",""dateModified"":""2026-10-03T07:42:51+07:00"",""dateReviewed"":"""",""lastReviewed"":"""",""script_index"":1}]",,,2026-08-22T17:38:36+07:00,2026-10-03T07:42:51+07:00,2026-10-03T07:42:51+00:00,2026-10-03T14:42:51+07:00,https://mathanoibacninh.com/obs-sitemap-posts.xml,2026-08-23 00:38:36,2026-10-03 14:42:51,Asia/Ho_Chi_Minh (+07:00),public HTML/JSON-LD; OBS sitemap; WP-CLI published post fields,Cần kiểm tra,D01;D02;D09,one schema entity datePublished differs from WP post_date; one schema entity dateModified differs from WP post_modified; OG article time differs from corresponding WP date
https://mathanoibacninh.com/kien-thuc/mat-tiet-dich-lan-mau/,https://mathanoibacninh.com/kien-thuc/mat-tiet-dich-lan-mau/,200,post,626,,Đăng ngày 23/8/2026 · 11 phút đọc,23/8/2026,2026-08-23T00:38:37+07:00,2026-08-23T00:38:37+07:00,Đăng ngày,2026-08-23T00:38:37+07:00,2026-08-23T00:38:37+07:00,2026-08-23T00:38:37+07:00,2026-08-23T00:38:37+07:00,"[{""@id"":""https://mathanoibacninh.com/kien-thuc/mat-tiet-dich-lan-mau/#bai-viet"",""@type"":[""MedicalWebPage"",""Article""],""datePublished"":""2026-08-23T00:38:37+07:00"",""dateModified"":""2026-08-23T00:38:37+07:00"",""dateReviewed"":"""",""lastReviewed"":"""",""script_index"":0},{""@id"":"""",""@type"":""Article"",""datePublished"":""2026-08-22T17:38:37+07:00"",""dateModified"":""2026-08-22T17:38:37+07:00"",""dateReviewed"":"""",""lastReviewed"":"""",""script_index"":1}]",,,2026-08-22T17:38:37+07:00,2026-08-22T17:38:37+07:00,2026-08-22T17:38:37+00:00,2026-08-23T00:38:37+07:00,https://mathanoibacninh.com/obs-sitemap-posts.xml,2026-08-23 00:38:37,2026-08-23 00:38:37,Asia/Ho_Chi_Minh (+07:00),public HTML/JSON-LD; OBS sitemap; WP-CLI published post fields,Cần kiểm tra,D01;D02;D09,one schema entity datePublished differs from WP post_date; one schema entity dateModified differs from WP post_modified; OG article time differs from corresponding WP date
https://mathanoibacninh.com/kien-thuc/mat-va-cong-viec-nha-may/,https://mathanoibacninh.com/kien-thuc/mat-va-cong-viec-nha-may/,200,post,597,,Đăng ngày 23/8/2026 · 11 phút đọc,23/8/2026,2026-08-23T00:25:53+07:00,2026-08-23T00:25:53+07:00,Đăng ngày,2026-08-23T00:25:53+07:00,2026-08-23T00:25:53+07:00,2026-08-23T00:25:53+07:00,2026-08-23T00:25:53+07:00,"[{""@id"":""https://mathanoibacninh.com/kien-thuc/mat-va-cong-viec-nha-may/#bai-viet"",""@type"":[""MedicalWebPage"",""Article""],""datePublished"":""2026-08-23T00:25:53+07:00"",""dateModified"":""2026-08-23T00:25:53+07:00"",""dateReviewed"":"""",""lastReviewed"":"""",""script_index"":0},{""@id"":"""",""@type"":""Article"",""datePublished"":""2026-08-22T17:25:53+07:00"",""dateModified"":""2026-08-22T17:25:53+07:00"",""dateReviewed"":"""",""lastReviewed"":"""",""script_index"":1}]",,,2026-08-22T17:25:53+07:00,2026-08-22T17:25:53+07:00,2026-08-22T17:25:53+00:00,2026-08-23T00:25:53+07:00,https://mathanoibacninh.com/obs-sitemap-posts.xml,2026-08-23 00:25:53,2026-08-23 00:25:53,Asia/Ho_Chi_Minh (+07:00),public HTML/JSON-LD; OBS sitemap; WP-CLI published post fields,Cần kiểm tra,D01;D02;D09,one schema entity datePublished differs from WP post_date; one schema entity dateModified differs from WP post_modified; OG article time differs from corresponding WP date
https://mathanoibacninh.com/kien-thuc/mat-va-moi-truong-lam-viec/,https://mathanoibacninh.com/kien-thuc/mat-va-moi-truong-lam-viec/,200,taxonomy/archive,,,,,,,,,,,,[],,,,,,,https://mathanoibacninh.com/obs-sitemap-cats.xml,,,Asia/Ho_Chi_Minh (+07:00),public HTML/JSON-LD; OBS sitemap; WP-CLI published post fields,Khớp/không có ngày áp dụng,,
https://mathanoibacninh.com/kien-thuc/mat-va-moi-truong-lam-viec/page/2/,https://mathanoibacninh.com/kien-thuc/mat-va-moi-truong-lam-viec/page/2/,200,taxonomy/archive,,,,,,,,,,,,[],,,,,,,,,,Asia/Ho_Chi_Minh (+07:00),public HTML/JSON-LD; OBS sitemap; WP-CLI published post fields,Khớp/không có ngày áp dụng,,
https://mathanoibacninh.com/kien-thuc/mat-va-moi-truong-lam-viec/page/3/,https://mathanoibacninh.com/kien-thuc/mat-va-moi-truong-lam-viec/page/3/,200,taxonomy/archive,,,,,,,,,,,,[],,,,,,,,,,Asia/Ho_Chi_Minh (+07:00),public HTML/JSON-LD; OBS sitemap; WP-CLI published post fields,Khớp/không có ngày áp dụng,,
https://mathanoibacninh.com/kien-thuc/mat-va-thai-ky/,https://mathanoibacninh.com/kien-thuc/mat-va-thai-ky/,200,post,662,,Cập nhật 3/10/2026 · 9 phút đọc,3/10/2026,2026-10-03T14:42:58+07:00,2026-10-03T14:42:58+07:00,,2026-08-23T14:38:02+07:00,2026-08-23T14:38:02+07:00,2026-10-03T14:42:58+07:00,2026-10-03T14:42:58+07:00,"[{""@id"":""https://mathanoibacninh.com/kien-thuc/mat-va-thai-ky/#bai-viet"",""@type"":[""MedicalWebPage"",""Article""],""datePublished"":""2026-08-23T14:38:02+07:00"",""dateModified"":""2026-10-03T14:42:58+07:00"",""dateReviewed"":"""",""lastReviewed"":"""",""script_index"":0},{""@id"":"""",""@type"":""Article"",""datePublished"":""2026-08-23T07:38:02+07:00"",""dateModified"":""2026-10-03T07:42:58+07:00"",""dateReviewed"":"""",""lastReviewed"":"""",""script_index"":1}]",,,2026-08-23T07:38:02+07:00,2026-10-03T07:42:58+07:00,2026-10-03T07:42:58+00:00,2026-10-03T14:42:58+07:00,https://mathanoibacninh.com/obs-sitemap-posts.xml,2026-08-23 14:38:02,2026-10-03 14:42:58,Asia/Ho_Chi_Minh (+07:00),public HTML/JSON-LD; OBS sitemap; WP-CLI published post fields,Cần kiểm tra,D01;D02;D09,one schema entity datePublished differs from WP post_date; one schema entity dateModified differs from WP post_modified; OG article time differs from corresponding WP date
https://mathanoibacninh.com/kien-thuc/mi-duoi-lat-ra-ngoai-lo-niem-mac/,https://mathanoibacninh.com/kien-thuc/mi-duoi-lat-ra-ngoai-lo-niem-mac/,200,post,632,,Đăng ngày 23/8/2026 · 11 phút đọc,23/8/2026,2026-08-23T00:44:01+07:00,2026-08-23T00:44:01+07:00,Đăng ngày,2026-08-23T00:44:01+07:00,2026-08-23T00:44:01+07:00,2026-08-23T00:44:01+07:00,2026-08-23T00:44:01+07:00,"[{""@id"":""https://mathanoibacninh.com/kien-thuc/mi-duoi-lat-ra-ngoai-lo-niem-mac/#bai-viet"",""@type"":[""MedicalWebPage"",""Article""],""datePublished"":""2026-08-23T00:44:01+07:00"",""dateModified"":""2026-08-23T00:44:01+07:00"",""dateReviewed"":"""",""lastReviewed"":"""",""script_index"":0},{""@id"":"""",""@type"":""Article"",""datePublished"":""2026-08-22T17:44:01+07:00"",""dateModified"":""2026-08-22T17:44:01+07:00"",""dateReviewed"":"""",""lastReviewed"":"""",""script_index"":1}]",,,2026-08-22T17:44:01+07:00,2026-08-22T17:44:01+07:00,2026-08-22T17:44:01+00:00,2026-08-23T00:44:01+07:00,https://mathanoibacninh.com/obs-sitemap-posts.xml,2026-08-23 00:44:01,2026-08-23 00:44:01,Asia/Ho_Chi_Minh (+07:00),public HTML/JSON-LD; OBS sitemap; WP-CLI published post fields,Cần kiểm tra,D01;D02;D09,one schema entity datePublished differs from WP post_date; one schema entity dateModified differs from WP post_modified; OG article time differs from corresponding WP date
https://mathanoibacninh.com/kien-thuc/mi-quap-vao-trong-long-mi-choc-mat/,https://mathanoibacninh.com/kien-thuc/mi-quap-vao-trong-long-mi-choc-mat/,200,post,633,,Đăng ngày 23/8/2026 · 10 phút đọc,23/8/2026,2026-08-23T00:44:01+07:00,2026-08-23T00:44:01+07:00,Đăng ngày,2026-08-23T00:44:01+07:00,2026-08-23T00:44:01+07:00,2026-08-23T00:44:01+07:00,2026-08-23T00:44:01+07:00,"[{""@id"":""https://mathanoibacninh.com/kien-thuc/mi-quap-vao-trong-long-mi-choc-mat/#bai-viet"",""@type"":[""MedicalWebPage"",""Article""],""datePublished"":""2026-08-23T00:44:01+07:00"",""dateModified"":""2026-08-23T00:44:01+07:00"",""dateReviewed"":"""",""lastReviewed"":"""",""script_index"":0},{""@id"":"""",""@type"":""Article"",""datePublished"":""2026-08-22T17:44:01+07:00"",""dateModified"":""2026-08-22T17:44:01+07:00"",""dateReviewed"":"""",""lastReviewed"":"""",""script_index"":1}]",,,2026-08-22T17:44:01+07:00,2026-08-22T17:44:01+07:00,2026-08-22T17:44:01+00:00,2026-08-23T00:44:01+07:00,https://mathanoibacninh.com/obs-sitemap-posts.xml,2026-08-23 00:44:01,2026-08-23 00:44:01,Asia/Ho_Chi_Minh (+07:00),public HTML/JSON-LD; OBS sitemap; WP-CLI published post fields,Cần kiểm tra,D01;D02;D09,one schema entity datePublished differs from WP post_date; one schema entity dateModified differs from WP post_modified; OG article time differs from corresponding WP date
https://mathanoibacninh.com/kien-thuc/mo-duc-thuy-tinh-the-co-nguy-hiem/,https://mathanoibacninh.com/kien-thuc/mo-duc-thuy-tinh-the-co-nguy-hiem/,200,post,154,,Đăng ngày 9/8/2026 · 10 phút đọc,9/8/2026,2026-08-09T07:20:19+07:00,2026-08-09T07:20:19+07:00,Đăng ngày,2026-08-09T07:20:19+07:00,2026-08-09T07:20:19+07:00,2026-08-09T07:20:19+07:00,2026-08-09T07:20:19+07:00,"[{""@id"":""https://mathanoibacninh.com/kien-thuc/mo-duc-thuy-tinh-the-co-nguy-hiem/#bai-viet"",""@type"":[""MedicalWebPage"",""Article""],""datePublished"":""2026-08-09T07:20:19+07:00"",""dateModified"":""2026-08-09T07:20:19+07:00"",""dateReviewed"":"""",""lastReviewed"":"""",""script_index"":0},{""@id"":"""",""@type"":""Article"",""datePublished"":""2026-08-09T00:20:19+07:00"",""dateModified"":""2026-08-09T00:20:19+07:00"",""dateReviewed"":"""",""lastReviewed"":"""",""script_index"":1}]",,,2026-08-09T00:20:19+07:00,2026-08-09T00:20:19+07:00,2026-08-09T00:20:19+00:00,2026-08-09T07:20:19+07:00,https://mathanoibacninh.com/obs-sitemap-posts.xml,2026-08-09 07:20:19,2026-08-09 07:20:19,Asia/Ho_Chi_Minh (+07:00),public HTML/JSON-LD; OBS sitemap; WP-CLI published post fields,Cần kiểm tra,D01;D02;D09,one schema entity datePublished differs from WP post_date; one schema entity dateModified differs from WP post_modified; OG article time differs from corresponding WP date
https://mathanoibacninh.com/kien-thuc/mo-lai-sau-mo-duc-thuy-tinh-the/,https://mathanoibacninh.com/kien-thuc/mo-lai-sau-mo-duc-thuy-tinh-the/,200,post,1567,pending-author-and-medical-review,Đăng ngày 2/10/2026 · 8 phút đọc,2/10/2026,2026-10-02T11:33:55+07:00,2026-10-02T11:33:55+07:00,Đăng ngày,,,,,[],,,2026-10-02T04:33:55+07:00,2026-10-02T04:37:41+07:00,2026-10-02T04:37:41+00:00,2026-10-02T11:37:41+07:00,https://mathanoibacninh.com/obs-sitemap-posts.xml,2026-10-02 11:33:55,2026-10-02 11:37:41,Asia/Ho_Chi_Minh (+07:00),public HTML/JSON-LD; OBS sitemap; WP-CLI published post fields,Cần kiểm tra,D09,Article date-bearing JSON-LD withheld pending author and medical review; verified WP post meta; OG article time differs from corresponding WP date
https://mathanoibacninh.com/kien-thuc/mo-mat-bao-lau-thi-nhin-ro/,https://mathanoibacninh.com/kien-thuc/mo-mat-bao-lau-thi-nhin-ro/,200,post,155,,Đăng ngày 9/8/2026 · 10 phút đọc,9/8/2026,2026-08-09T07:20:19+07:00,2026-08-09T07:20:19+07:00,Đăng ngày,2026-08-09T07:20:19+07:00,2026-08-09T07:20:19+07:00,2026-08-09T07:20:19+07:00,2026-08-09T07:20:19+07:00,"[{""@id"":""https://mathanoibacninh.com/kien-thuc/mo-mat-bao-lau-thi-nhin-ro/#bai-viet"",""@type"":[""MedicalWebPage"",""Article""],""datePublished"":""2026-08-09T07:20:19+07:00"",""dateModified"":""2026-08-09T07:20:19+07:00"",""dateReviewed"":"""",""lastReviewed"":"""",""script_index"":0},{""@id"":"""",""@type"":""Article"",""datePublished"":""2026-08-09T00:20:19+07:00"",""dateModified"":""2026-08-09T00:20:19+07:00"",""dateReviewed"":"""",""lastReviewed"":"""",""script_index"":1}]",,,2026-08-09T00:20:19+07:00,2026-08-09T00:20:19+07:00,2026-08-09T00:20:19+00:00,2026-08-09T07:20:19+07:00,https://mathanoibacninh.com/obs-sitemap-posts.xml,2026-08-09 07:20:19,2026-08-09 07:20:19,Asia/Ho_Chi_Minh (+07:00),public HTML/JSON-LD; OBS sitemap; WP-CLI published post fields,Cần kiểm tra,D01;D02;D09,one schema entity datePublished differs from WP post_date; one schema entity dateModified differs from WP post_modified; OG article time differs from corresponding WP date
https://mathanoibacninh.com/kien-thuc/mong-mat-khi-nao-can-mo/,https://mathanoibacninh.com/kien-thuc/mong-mat-khi-nao-can-mo/,200,post,634,,Cập nhật 2/10/2026 · 11 phút đọc,2/10/2026,2026-10-02T15:51:18+07:00,2026-10-02T15:51:18+07:00,,2026-08-23T00:44:02+07:00,2026-08-23T00:44:02+07:00,2026-10-02T15:51:18+07:00,2026-10-02T15:51:18+07:00,"[{""@id"":""https://mathanoibacninh.com/kien-thuc/mong-mat-khi-nao-can-mo/#bai-viet"",""@type"":[""MedicalWebPage"",""Article""],""datePublished"":""2026-08-23T00:44:02+07:00"",""dateModified"":""2026-10-02T15:51:18+07:00"",""dateReviewed"":"""",""lastReviewed"":"""",""script_index"":0},{""@id"":"""",""@type"":""Article"",""datePublished"":""2026-08-22T17:44:02+07:00"",""dateModified"":""2026-10-02T08:51:18+07:00"",""dateReviewed"":"""",""lastReviewed"":"""",""script_index"":1}]",,,2026-08-22T17:44:02+07:00,2026-10-02T08:51:18+07:00,2026-10-02T08:51:18+00:00,2026-10-02T15:51:18+07:00,https://mathanoibacninh.com/obs-sitemap-posts.xml,2026-08-23 00:44:02,2026-10-02 15:51:18,Asia/Ho_Chi_Minh (+07:00),public HTML/JSON-LD; OBS sitemap; WP-CLI published post fields,Cần kiểm tra,D01;D02;D09,one schema entity datePublished differs from WP post_date; one schema entity dateModified differs from WP post_modified; OG article time differs from corresponding WP date
https://mathanoibacninh.com/kien-thuc/mong-mo-va-mong-thit-khac-nhau/,https://mathanoibacninh.com/kien-thuc/mong-mo-va-mong-thit-khac-nhau/,200,post,1553,pending-author-and-medical-review,Đăng ngày 2/10/2026 · 8 phút đọc,2/10/2026,2026-10-02T11:33:42+07:00,2026-10-02T11:33:42+07:00,Đăng ngày,,,,,[],,,2026-10-02T04:33:42+07:00,2026-10-02T04:37:29+07:00,2026-10-02T04:37:29+00:00,2026-10-02T11:37:29+07:00,https://mathanoibacninh.com/obs-sitemap-posts.xml,2026-10-02 11:33:42,2026-10-02 11:37:29,Asia/Ho_Chi_Minh (+07:00),public HTML/JSON-LD; OBS sitemap; WP-CLI published post fields,Cần kiểm tra,D09,Article date-bearing JSON-LD withheld pending author and medical review; verified WP post meta; OG article time differs from corresponding WP date
https://mathanoibacninh.com/kien-thuc/muoi-dau-hieu-o-mat-phai-di-kham-ngay/,https://mathanoibacninh.com/kien-thuc/muoi-dau-hieu-o-mat-phai-di-kham-ngay/,200,post,259,,Cập nhật 2/10/2026 · 10 phút đọc,2/10/2026,2026-10-02T15:51:36+07:00,2026-10-02T15:51:36+07:00,,2026-08-09T07:19:49+07:00,2026-08-09T07:19:49+07:00,2026-10-02T15:51:36+07:00,2026-10-02T15:51:36+07:00,"[{""@id"":""https://mathanoibacninh.com/kien-thuc/muoi-dau-hieu-o-mat-phai-di-kham-ngay/#bai-viet"",""@type"":[""MedicalWebPage"",""Article""],""datePublished"":""2026-08-09T07:19:49+07:00"",""dateModified"":""2026-10-02T15:51:36+07:00"",""dateReviewed"":"""",""lastReviewed"":"""",""script_index"":0},{""@id"":"""",""@type"":""Article"",""datePublished"":""2026-08-09T00:19:49+07:00"",""dateModified"":""2026-10-02T08:51:36+07:00"",""dateReviewed"":"""",""lastReviewed"":"""",""script_index"":1}]",,,2026-08-09T00:19:49+07:00,2026-10-02T08:51:36+07:00,2026-10-02T08:51:36+00:00,2026-10-02T15:51:36+07:00,https://mathanoibacninh.com/obs-sitemap-posts.xml,2026-08-09 07:19:49,2026-10-02 15:51:36,Asia/Ho_Chi_Minh (+07:00),public HTML/JSON-LD; OBS sitemap; WP-CLI published post fields,Cần kiểm tra,D01;D02;D09,one schema entity datePublished differs from WP post_date; one schema entity dateModified differs from WP post_modified; OG article time differs from corresponding WP date
https://mathanoibacninh.com/kien-thuc/nguoi-gia-di-kham-mat-can-nguoi-di-cung/,https://mathanoibacninh.com/kien-thuc/nguoi-gia-di-kham-mat-can-nguoi-di-cung/,200,post,290,,Đăng ngày 9/8/2026 · 11 phút đọc,9/8/2026,2026-08-09T07:19:26+07:00,2026-08-09T07:19:26+07:00,Đăng ngày,2026-08-09T07:19:26+07:00,2026-08-09T07:19:26+07:00,2026-08-09T07:19:26+07:00,2026-08-09T07:19:26+07:00,"[{""@id"":""https://mathanoibacninh.com/kien-thuc/nguoi-gia-di-kham-mat-can-nguoi-di-cung/#bai-viet"",""@type"":[""MedicalWebPage"",""Article""],""datePublished"":""2026-08-09T07:19:26+07:00"",""dateModified"":""2026-08-09T07:19:26+07:00"",""dateReviewed"":"""",""lastReviewed"":"""",""script_index"":0},{""@id"":"""",""@type"":""Article"",""datePublished"":""2026-08-09T00:19:26+07:00"",""dateModified"":""2026-08-09T00:19:26+07:00"",""dateReviewed"":"""",""lastReviewed"":"""",""script_index"":1}]",,,2026-08-09T00:19:26+07:00,2026-08-09T00:19:26+07:00,2026-08-09T00:19:26+00:00,2026-08-09T07:19:26+07:00,https://mathanoibacninh.com/obs-sitemap-posts.xml,2026-08-09 07:19:26,2026-08-09 07:19:26,Asia/Ho_Chi_Minh (+07:00),public HTML/JSON-LD; OBS sitemap; WP-CLI published post fields,Cần kiểm tra,D01;D02;D09,one schema entity datePublished differs from WP post_date; one schema entity dateModified differs from WP post_modified; OG article time differs from corresponding WP date
https://mathanoibacninh.com/kien-thuc/nguoi-gia-mat-mo-nhin-khong-ro/,https://mathanoibacninh.com/kien-thuc/nguoi-gia-mat-mo-nhin-khong-ro/,200,post,156,,Cập nhật 2/10/2026 · 10 phút đọc,2/10/2026,2026-10-02T15:51:32+07:00,2026-10-02T15:51:32+07:00,,2026-08-09T07:19:26+07:00,2026-08-09T07:19:26+07:00,2026-10-02T15:51:32+07:00,2026-10-02T15:51:32+07:00,"[{""@id"":""https://mathanoibacninh.com/kien-thuc/nguoi-gia-mat-mo-nhin-khong-ro/#bai-viet"",""@type"":[""MedicalWebPage"",""Article""],""datePublished"":""2026-08-09T07:19:26+07:00"",""dateModified"":""2026-10-02T15:51:32+07:00"",""dateReviewed"":"""",""lastReviewed"":"""",""script_index"":0},{""@id"":"""",""@type"":""Article"",""datePublished"":""2026-08-09T00:19:26+07:00"",""dateModified"":""2026-10-02T08:51:32+07:00"",""dateReviewed"":"""",""lastReviewed"":"""",""script_index"":1}]",,,2026-08-09T00:19:26+07:00,2026-10-02T08:51:32+07:00,2026-10-02T08:51:32+00:00,2026-10-02T15:51:32+07:00,https://mathanoibacninh.com/obs-sitemap-posts.xml,2026-08-09 07:19:26,2026-10-02 15:51:32,Asia/Ho_Chi_Minh (+07:00),public HTML/JSON-LD; OBS sitemap; WP-CLI published post fields,Cần kiểm tra,D01;D02;D09,one schema entity datePublished differs from WP post_date; one schema entity dateModified differs from WP post_modified; OG article time differs from corresponding WP date
https://mathanoibacninh.com/kien-thuc/nhan-ap-cao-chua-ton-thuong/,https://mathanoibacninh.com/kien-thuc/nhan-ap-cao-chua-ton-thuong/,200,post,663,,Cập nhật 2/10/2026 · 9 phút đọc,2/10/2026,2026-10-02T15:51:08+07:00,2026-10-02T15:51:08+07:00,,2026-08-23T14:38:02+07:00,2026-08-23T14:38:02+07:00,2026-10-02T15:51:08+07:00,2026-10-02T15:51:08+07:00,"[{""@id"":""https://mathanoibacninh.com/kien-thuc/nhan-ap-cao-chua-ton-thuong/#bai-viet"",""@type"":[""MedicalWebPage"",""Article""],""datePublished"":""2026-08-23T14:38:02+07:00"",""dateModified"":""2026-10-02T15:51:08+07:00"",""dateReviewed"":"""",""lastReviewed"":"""",""script_index"":0},{""@id"":"""",""@type"":""Article"",""datePublished"":""2026-08-23T07:38:02+07:00"",""dateModified"":""2026-10-02T08:51:08+07:00"",""dateReviewed"":"""",""lastReviewed"":"""",""script_index"":1}]",,,2026-08-23T07:38:02+07:00,2026-10-02T08:51:08+07:00,2026-10-02T08:51:08+00:00,2026-10-02T15:51:08+07:00,https://mathanoibacninh.com/obs-sitemap-posts.xml,2026-08-23 14:38:02,2026-10-02 15:51:08,Asia/Ho_Chi_Minh (+07:00),public HTML/JSON-LD; OBS sitemap; WP-CLI published post fields,Cần kiểm tra,D01;D02;D09,one schema entity datePublished differs from WP post_date; one schema entity dateModified differs from WP post_modified; OG article time differs from corresponding WP date
https://mathanoibacninh.com/kien-thuc/nhan-vien-y-te-kinh-bao-ve-mat-giot-ban/,https://mathanoibacninh.com/kien-thuc/nhan-vien-y-te-kinh-bao-ve-mat-giot-ban/,200,post,1484,pending-author-and-medical-review,Đăng ngày 1/10/2026 · 8 phút đọc,1/10/2026,2026-10-01T15:49:55+07:00,2026-10-01T15:49:55+07:00,Đăng ngày,,,,,[],,,2026-10-01T08:49:55+07:00,2026-10-01T09:02:15+07:00,2026-10-01T09:02:15+00:00,2026-10-01T16:02:15+07:00,https://mathanoibacninh.com/obs-sitemap-posts.xml,2026-10-01 15:49:55,2026-10-01 16:02:15,Asia/Ho_Chi_Minh (+07:00),public HTML/JSON-LD; OBS sitemap; WP-CLI published post fields,Cần kiểm tra,D09,Article date-bearing JSON-LD withheld pending author and medical review; verified WP post meta; OG article time differs from corresponding WP date
https://mathanoibacninh.com/kien-thuc/nhin-doi-nhin-nhoe/,https://mathanoibacninh.com/kien-thuc/nhin-doi-nhin-nhoe/,200,post,260,,Đăng ngày 9/8/2026 · 9 phút đọc,9/8/2026,2026-08-09T07:19:49+07:00,2026-08-09T07:19:49+07:00,Đăng ngày,2026-08-09T07:19:49+07:00,2026-08-09T07:19:49+07:00,2026-08-09T07:19:49+07:00,2026-08-09T07:19:49+07:00,"[{""@id"":""https://mathanoibacninh.com/kien-thuc/nhin-doi-nhin-nhoe/#bai-viet"",""@type"":[""MedicalWebPage"",""Article""],""datePublished"":""2026-08-09T07:19:49+07:00"",""dateModified"":""2026-08-09T07:19:49+07:00"",""dateReviewed"":"""",""lastReviewed"":"""",""script_index"":0},{""@id"":"""",""@type"":""Article"",""datePublished"":""2026-08-09T00:19:49+07:00"",""dateModified"":""2026-08-09T00:19:49+07:00"",""dateReviewed"":"""",""lastReviewed"":"""",""script_index"":1}]",,,2026-08-09T00:19:49+07:00,2026-08-09T00:19:49+07:00,2026-08-09T00:19:49+00:00,2026-08-09T07:19:49+07:00,https://mathanoibacninh.com/obs-sitemap-posts.xml,2026-08-09 07:19:49,2026-08-09 07:19:49,Asia/Ho_Chi_Minh (+07:00),public HTML/JSON-LD; OBS sitemap; WP-CLI published post fields,Cần kiểm tra,D01;D02;D09,one schema entity datePublished differs from WP post_date; one schema entity dateModified differs from WP post_modified; OG article time differs from corresponding WP date
https://mathanoibacninh.com/kien-thuc/nhin-mo-do-mat-hay-do-nao/,https://mathanoibacninh.com/kien-thuc/nhin-mo-do-mat-hay-do-nao/,200,post,124,,Đăng ngày 9/8/2026 · 11 phút đọc,9/8/2026,2026-08-09T07:20:19+07:00,2026-08-09T07:20:19+07:00,Đăng ngày,2026-08-09T07:20:19+07:00,2026-08-09T07:20:19+07:00,2026-08-10T00:07:43+07:00,2026-08-10T00:07:43+07:00,"[{""@id"":""https://mathanoibacninh.com/kien-thuc/nhin-mo-do-mat-hay-do-nao/#bai-viet"",""@type"":[""MedicalWebPage"",""Article""],""datePublished"":""2026-08-09T07:20:19+07:00"",""dateModified"":""2026-08-10T00:07:43+07:00"",""dateReviewed"":"""",""lastReviewed"":"""",""script_index"":0},{""@id"":"""",""@type"":""Article"",""datePublished"":""2026-08-09T00:20:19+07:00"",""dateModified"":""2026-08-09T17:07:43+07:00"",""dateReviewed"":"""",""lastReviewed"":"""",""script_index"":1}]",,,2026-08-09T00:20:19+07:00,2026-08-09T17:07:43+07:00,2026-08-09T17:07:43+00:00,2026-08-10T00:07:43+07:00,https://mathanoibacninh.com/obs-sitemap-posts.xml,2026-08-09 07:20:19,2026-08-10 00:07:43,Asia/Ho_Chi_Minh (+07:00),public HTML/JSON-LD; OBS sitemap; WP-CLI published post fields,Cần kiểm tra,D01;D02;D09,one schema entity datePublished differs from WP post_date; one schema entity dateModified differs from WP post_modified; OG article time differs from corresponding WP date
https://mathanoibacninh.com/kien-thuc/nhin-thay-quang-sang-quanh-den/,https://mathanoibacninh.com/kien-thuc/nhin-thay-quang-sang-quanh-den/,200,post,261,,Đăng ngày 9/8/2026 · 9 phút đọc,9/8/2026,2026-08-09T07:19:49+07:00,2026-08-09T07:19:49+07:00,Đăng ngày,2026-08-09T07:19:49+07:00,2026-08-09T07:19:49+07:00,2026-08-09T07:19:49+07:00,2026-08-09T07:19:49+07:00,"[{""@id"":""https://mathanoibacninh.com/kien-thuc/nhin-thay-quang-sang-quanh-den/#bai-viet"",""@type"":[""MedicalWebPage"",""Article""],""datePublished"":""2026-08-09T07:19:49+07:00"",""dateModified"":""2026-08-09T07:19:49+07:00"",""dateReviewed"":"""",""lastReviewed"":"""",""script_index"":0},{""@id"":"""",""@type"":""Article"",""datePublished"":""2026-08-09T00:19:49+07:00"",""dateModified"":""2026-08-09T00:19:49+07:00"",""dateReviewed"":"""",""lastReviewed"":"""",""script_index"":1}]",,,2026-08-09T00:19:49+07:00,2026-08-09T00:19:49+07:00,2026-08-09T00:19:49+00:00,2026-08-09T07:19:49+07:00,https://mathanoibacninh.com/obs-sitemap-posts.xml,2026-08-09 07:19:49,2026-08-09 07:19:49,Asia/Ho_Chi_Minh (+07:00),public HTML/JSON-LD; OBS sitemap; WP-CLI published post fields,Cần kiểm tra,D01;D02;D09,one schema entity datePublished differs from WP post_date; one schema entity dateModified differs from WP post_modified; OG article time differs from corresponding WP date
https://mathanoibacninh.com/kien-thuc/nho-thuoc-gian-dong-tu-anh-huong-gi/,https://mathanoibacninh.com/kien-thuc/nho-thuoc-gian-dong-tu-anh-huong-gi/,200,post,291,,Đăng ngày 9/8/2026 · 11 phút đọc,9/8/2026,2026-08-09T07:19:26+07:00,2026-08-09T07:19:26+07:00,Đăng ngày,2026-08-09T07:19:26+07:00,2026-08-09T07:19:26+07:00,2026-08-09T07:19:26+07:00,2026-08-09T07:19:26+07:00,"[{""@id"":""https://mathanoibacninh.com/kien-thuc/nho-thuoc-gian-dong-tu-anh-huong-gi/#bai-viet"",""@type"":[""MedicalWebPage"",""Article""],""datePublished"":""2026-08-09T07:19:26+07:00"",""dateModified"":""2026-08-09T07:19:26+07:00"",""dateReviewed"":"""",""lastReviewed"":"""",""script_index"":0},{""@id"":"""",""@type"":""Article"",""datePublished"":""2026-08-09T00:19:26+07:00"",""dateModified"":""2026-08-09T00:19:26+07:00"",""dateReviewed"":"""",""lastReviewed"":"""",""script_index"":1}]",,,2026-08-09T00:19:26+07:00,2026-08-09T00:19:26+07:00,2026-08-09T00:19:26+00:00,2026-08-09T07:19:26+07:00,https://mathanoibacninh.com/obs-sitemap-posts.xml,2026-08-09 07:19:26,2026-08-09 07:19:26,Asia/Ho_Chi_Minh (+07:00),public HTML/JSON-LD; OBS sitemap; WP-CLI published post fields,Cần kiểm tra,D01;D02;D09,one schema entity datePublished differs from WP post_date; one schema entity dateModified differs from WP post_modified; OG article time differs from corresponding WP date
https://mathanoibacninh.com/kien-thuc/nhuc-moi-mat-khi-nhin-may-tinh/,https://mathanoibacninh.com/kien-thuc/nhuc-moi-mat-khi-nhin-may-tinh/,200,post,262,,Đăng ngày 9/8/2026 · 9 phút đọc,9/8/2026,2026-08-09T07:19:49+07:00,2026-08-09T07:19:49+07:00,Đăng ngày,2026-08-09T07:19:49+07:00,2026-08-09T07:19:49+07:00,2026-08-09T07:19:49+07:00,2026-08-09T07:19:49+07:00,"[{""@id"":""https://mathanoibacninh.com/kien-thuc/nhuc-moi-mat-khi-nhin-may-tinh/#bai-viet"",""@type"":[""MedicalWebPage"",""Article""],""datePublished"":""2026-08-09T07:19:49+07:00"",""dateModified"":""2026-08-09T07:19:49+07:00"",""dateReviewed"":"""",""lastReviewed"":"""",""script_index"":0},{""@id"":"""",""@type"":""Article"",""datePublished"":""2026-08-09T00:19:49+07:00"",""dateModified"":""2026-08-09T00:19:49+07:00"",""dateReviewed"":"""",""lastReviewed"":"""",""script_index"":1}]",,,2026-08-09T00:19:49+07:00,2026-08-09T00:19:49+07:00,2026-08-09T00:19:49+00:00,2026-08-09T07:19:49+07:00,https://mathanoibacninh.com/obs-sitemap-posts.xml,2026-08-09 07:19:49,2026-08-09 07:19:49,Asia/Ho_Chi_Minh (+07:00),public HTML/JSON-LD; OBS sitemap; WP-CLI published post fields,Cần kiểm tra,D01;D02;D09,one schema entity datePublished differs from WP post_date; one schema entity dateModified differs from WP post_modified; OG article time differs from corresponding WP date
https://mathanoibacninh.com/kien-thuc/nhuoc-thi-dieu-tri-den-tuoi-nao/,https://mathanoibacninh.com/kien-thuc/nhuoc-thi-dieu-tri-den-tuoi-nao/,200,post,189,,Đăng ngày 9/8/2026 · 9 phút đọc,9/8/2026,2026-08-09T07:19:49+07:00,2026-08-09T07:19:49+07:00,Đăng ngày,2026-08-09T07:19:49+07:00,2026-08-09T07:19:49+07:00,2026-08-09T07:19:49+07:00,2026-08-09T07:19:49+07:00,"[{""@id"":""https://mathanoibacninh.com/kien-thuc/nhuoc-thi-dieu-tri-den-tuoi-nao/#bai-viet"",""@type"":[""MedicalWebPage"",""Article""],""datePublished"":""2026-08-09T07:19:49+07:00"",""dateModified"":""2026-08-09T07:19:49+07:00"",""dateReviewed"":"""",""lastReviewed"":"""",""script_index"":0},{""@id"":"""",""@type"":""Article"",""datePublished"":""2026-08-09T00:19:49+07:00"",""dateModified"":""2026-08-09T00:19:49+07:00"",""dateReviewed"":"""",""lastReviewed"":"""",""script_index"":1}]",,,2026-08-09T00:19:49+07:00,2026-08-09T00:19:49+07:00,2026-08-09T00:19:49+00:00,2026-08-09T07:19:49+07:00,https://mathanoibacninh.com/obs-sitemap-posts.xml,2026-08-09 07:19:49,2026-08-09 07:19:49,Asia/Ho_Chi_Minh (+07:00),public HTML/JSON-LD; OBS sitemap; WP-CLI published post fields,Cần kiểm tra,D01;D02;D09,one schema entity datePublished differs from WP post_date; one schema entity dateModified differs from WP post_modified; OG article time differs from corresponding WP date
https://mathanoibacninh.com/kien-thuc/nhuoc-thi-la-gi-o-tre/,https://mathanoibacninh.com/kien-thuc/nhuoc-thi-la-gi-o-tre/,200,post,190,,Cập nhật 2/10/2026 · 10 phút đọc,2/10/2026,2026-10-02T15:51:16+07:00,2026-10-02T15:51:16+07:00,,2026-08-09T07:19:49+07:00,2026-08-09T07:19:49+07:00,2026-10-02T15:51:16+07:00,2026-10-02T15:51:16+07:00,"[{""@id"":""https://mathanoibacninh.com/kien-thuc/nhuoc-thi-la-gi-o-tre/#bai-viet"",""@type"":[""MedicalWebPage"",""Article""],""datePublished"":""2026-08-09T07:19:49+07:00"",""dateModified"":""2026-10-02T15:51:16+07:00"",""dateReviewed"":"""",""lastReviewed"":"""",""script_index"":0},{""@id"":"""",""@type"":""Article"",""datePublished"":""2026-08-09T00:19:49+07:00"",""dateModified"":""2026-10-02T08:51:16+07:00"",""dateReviewed"":"""",""lastReviewed"":"""",""script_index"":1}]",,,2026-08-09T00:19:49+07:00,2026-10-02T08:51:16+07:00,2026-10-02T08:51:16+00:00,2026-10-02T15:51:16+07:00,https://mathanoibacninh.com/obs-sitemap-posts.xml,2026-08-09 07:19:49,2026-10-02 15:51:16,Asia/Ho_Chi_Minh (+07:00),public HTML/JSON-LD; OBS sitemap; WP-CLI published post fields,Cần kiểm tra,D01;D02;D09,one schema entity datePublished differs from WP post_date; one schema entity dateModified differs from WP post_modified; OG article time differs from corresponding WP date
https://mathanoibacninh.com/kien-thuc/nhuoc-thi-lac-tre-em/,https://mathanoibacninh.com/kien-thuc/nhuoc-thi-lac-tre-em/,200,taxonomy/archive,,,,,,,,,,,,[],,,,,,,https://mathanoibacninh.com/obs-sitemap-cats.xml,,,Asia/Ho_Chi_Minh (+07:00),public HTML/JSON-LD; OBS sitemap; WP-CLI published post fields,Khớp/không có ngày áp dụng,,
https://mathanoibacninh.com/kien-thuc/nhuoc-thi-lac-tre-em/page/2/,https://mathanoibacninh.com/kien-thuc/nhuoc-thi-lac-tre-em/page/2/,200,taxonomy/archive,,,,,,,,,,,,[],,,,,,,,,,Asia/Ho_Chi_Minh (+07:00),public HTML/JSON-LD; OBS sitemap; WP-CLI published post fields,Khớp/không có ngày áp dụng,,
https://mathanoibacninh.com/kien-thuc/nuoc-mat-nhan-tao-dung-the-nao/,https://mathanoibacninh.com/kien-thuc/nuoc-mat-nhan-tao-dung-the-nao/,200,post,185,,Cập nhật 2/10/2026 · 9 phút đọc,2/10/2026,2026-10-02T15:51:33+07:00,2026-10-02T15:51:33+07:00,,2026-08-09T07:19:48+07:00,2026-08-09T07:19:48+07:00,2026-10-02T15:51:33+07:00,2026-10-02T15:51:33+07:00,"[{""@id"":""https://mathanoibacninh.com/kien-thuc/nuoc-mat-nhan-tao-dung-the-nao/#bai-viet"",""@type"":[""MedicalWebPage"",""Article""],""datePublished"":""2026-08-09T07:19:48+07:00"",""dateModified"":""2026-10-02T15:51:33+07:00"",""dateReviewed"":"""",""lastReviewed"":"""",""script_index"":0},{""@id"":"""",""@type"":""Article"",""datePublished"":""2026-08-09T00:19:48+07:00"",""dateModified"":""2026-10-02T08:51:33+07:00"",""dateReviewed"":"""",""lastReviewed"":"""",""script_index"":1}]",,,2026-08-09T00:19:48+07:00,2026-10-02T08:51:33+07:00,2026-10-02T08:51:33+00:00,2026-10-02T15:51:33+07:00,https://mathanoibacninh.com/obs-sitemap-posts.xml,2026-08-09 07:19:48,2026-10-02 15:51:33,Asia/Ho_Chi_Minh (+07:00),public HTML/JSON-LD; OBS sitemap; WP-CLI published post fields,Cần kiểm tra,D01;D02;D09,one schema entity datePublished differs from WP post_date; one schema entity dateModified differs from WP post_modified; OG article time differs from corresponding WP date
https://mathanoibacninh.com/kien-thuc/nuoc-tay-rua-ban-vao-mat-khi-lam-viec/,https://mathanoibacninh.com/kien-thuc/nuoc-tay-rua-ban-vao-mat-khi-lam-viec/,200,post,1480,pending-author-and-medical-review,Đăng ngày 1/10/2026 · 8 phút đọc,1/10/2026,2026-10-01T15:49:52+07:00,2026-10-01T15:49:52+07:00,Đăng ngày,,,,,[],,,2026-10-01T08:49:52+07:00,2026-10-01T09:02:12+07:00,2026-10-01T09:02:12+00:00,2026-10-01T16:02:12+07:00,https://mathanoibacninh.com/obs-sitemap-posts.xml,2026-10-01 15:49:52,2026-10-01 16:02:12,Asia/Ho_Chi_Minh (+07:00),public HTML/JSON-LD; OBS sitemap; WP-CLI published post fields,Cần kiểm tra,D09,Article date-bearing JSON-LD withheld pending author and medical review; verified WP post meta; OG article time differs from corresponding WP date
https://mathanoibacninh.com/kien-thuc/oct-than-kinh-thi-giac-co-thay-kham-mat/,https://mathanoibacninh.com/kien-thuc/oct-than-kinh-thi-giac-co-thay-kham-mat/,200,post,1565,pending-author-and-medical-review,Đăng ngày 2/10/2026 · 8 phút đọc,2/10/2026,2026-10-02T11:33:53+07:00,2026-10-02T11:33:53+07:00,Đăng ngày,,,,,[],,,2026-10-02T04:33:53+07:00,2026-10-02T04:37:39+07:00,2026-10-02T04:37:39+00:00,2026-10-02T11:37:39+07:00,https://mathanoibacninh.com/obs-sitemap-posts.xml,2026-10-02 11:33:53,2026-10-02 11:37:39,Asia/Ho_Chi_Minh (+07:00),public HTML/JSON-LD; OBS sitemap; WP-CLI published post fields,Cần kiểm tra,D09,Article date-bearing JSON-LD withheld pending author and medical review; verified WP post meta; OG article time differs from corresponding WP date
https://mathanoibacninh.com/kien-thuc/page/10/,https://mathanoibacninh.com/kien-thuc/page/10/,200,taxonomy/archive,,,,,,,,2026-08-05T22:10:33+07:00,2026-08-05T22:10:33+07:00,2026-08-05T22:10:33+07:00,2026-08-05T22:10:33+07:00,"[{""@id"":"""",""@type"":""Article"",""datePublished"":""2026-08-05T22:10:33+07:00"",""dateModified"":""2026-08-05T22:10:33+07:00"",""dateReviewed"":"""",""lastReviewed"":"""",""script_index"":1}]",,,2026-08-05T22:10:33+07:00,2026-08-05T22:10:33+07:00,,,,,,Asia/Ho_Chi_Minh (+07:00),public HTML/JSON-LD; OBS sitemap; WP-CLI published post fields,Khớp/không có ngày áp dụng,,
https://mathanoibacninh.com/kien-thuc/page/11/,https://mathanoibacninh.com/kien-thuc/page/11/,200,taxonomy/archive,,,,,,,,2026-08-05T22:10:33+07:00,2026-08-05T22:10:33+07:00,2026-08-05T22:10:33+07:00,2026-08-05T22:10:33+07:00,"[{""@id"":"""",""@type"":""Article"",""datePublished"":""2026-08-05T22:10:33+07:00"",""dateModified"":""2026-08-05T22:10:33+07:00"",""dateReviewed"":"""",""lastReviewed"":"""",""script_index"":1}]",,,2026-08-05T22:10:33+07:00,2026-08-05T22:10:33+07:00,,,,,,Asia/Ho_Chi_Minh (+07:00),public HTML/JSON-LD; OBS sitemap; WP-CLI published post fields,Khớp/không có ngày áp dụng,,
https://mathanoibacninh.com/kien-thuc/page/12/,https://mathanoibacninh.com/kien-thuc/page/12/,200,taxonomy/archive,,,,,,,,2026-08-05T22:10:33+07:00,2026-08-05T22:10:33+07:00,2026-08-05T22:10:33+07:00,2026-08-05T22:10:33+07:00,"[{""@id"":"""",""@type"":""Article"",""datePublished"":""2026-08-05T22:10:33+07:00"",""dateModified"":""2026-08-05T22:10:33+07:00"",""dateReviewed"":"""",""lastReviewed"":"""",""script_index"":1}]",,,2026-08-05T22:10:33+07:00,2026-08-05T22:10:33+07:00,,,,,,Asia/Ho_Chi_Minh (+07:00),public HTML/JSON-LD; OBS sitemap; WP-CLI published post fields,Khớp/không có ngày áp dụng,,
https://mathanoibacninh.com/kien-thuc/page/13/,https://mathanoibacninh.com/kien-thuc/page/13/,200,taxonomy/archive,,,,,,,,2026-08-05T22:10:33+07:00,2026-08-05T22:10:33+07:00,2026-08-05T22:10:33+07:00,2026-08-05T22:10:33+07:00,"[{""@id"":"""",""@type"":""Article"",""datePublished"":""2026-08-05T22:10:33+07:00"",""dateModified"":""2026-08-05T22:10:33+07:00"",""dateReviewed"":"""",""lastReviewed"":"""",""script_index"":1}]",,,2026-08-05T22:10:33+07:00,2026-08-05T22:10:33+07:00,,,,,,Asia/Ho_Chi_Minh (+07:00),public HTML/JSON-LD; OBS sitemap; WP-CLI published post fields,Khớp/không có ngày áp dụng,,
https://mathanoibacninh.com/kien-thuc/page/14/,https://mathanoibacninh.com/kien-thuc/page/14/,200,taxonomy/archive,,,,,,,,2026-08-05T22:10:33+07:00,2026-08-05T22:10:33+07:00,2026-08-05T22:10:33+07:00,2026-08-05T22:10:33+07:00,"[{""@id"":"""",""@type"":""Article"",""datePublished"":""2026-08-05T22:10:33+07:00"",""dateModified"":""2026-08-05T22:10:33+07:00"",""dateReviewed"":"""",""lastReviewed"":"""",""script_index"":1}]",,,2026-08-05T22:10:33+07:00,2026-08-05T22:10:33+07:00,,,,,,Asia/Ho_Chi_Minh (+07:00),public HTML/JSON-LD; OBS sitemap; WP-CLI published post fields,Khớp/không có ngày áp dụng,,
https://mathanoibacninh.com/kien-thuc/page/15/,https://mathanoibacninh.com/kien-thuc/page/15/,200,taxonomy/archive,,,,,,,,2026-08-05T22:10:33+07:00,2026-08-05T22:10:33+07:00,2026-08-05T22:10:33+07:00,2026-08-05T22:10:33+07:00,"[{""@id"":"""",""@type"":""Article"",""datePublished"":""2026-08-05T22:10:33+07:00"",""dateModified"":""2026-08-05T22:10:33+07:00"",""dateReviewed"":"""",""lastReviewed"":"""",""script_index"":1}]",,,2026-08-05T22:10:33+07:00,2026-08-05T22:10:33+07:00,,,,,,Asia/Ho_Chi_Minh (+07:00),public HTML/JSON-LD; OBS sitemap; WP-CLI published post fields,Khớp/không có ngày áp dụng,,
https://mathanoibacninh.com/kien-thuc/page/16/,https://mathanoibacninh.com/kien-thuc/page/16/,200,taxonomy/archive,,,,,,,,2026-08-05T22:10:33+07:00,2026-08-05T22:10:33+07:00,2026-08-05T22:10:33+07:00,2026-08-05T22:10:33+07:00,"[{""@id"":"""",""@type"":""Article"",""datePublished"":""2026-08-05T22:10:33+07:00"",""dateModified"":""2026-08-05T22:10:33+07:00"",""dateReviewed"":"""",""lastReviewed"":"""",""script_index"":1}]",,,2026-08-05T22:10:33+07:00,2026-08-05T22:10:33+07:00,,,,,,Asia/Ho_Chi_Minh (+07:00),public HTML/JSON-LD; OBS sitemap; WP-CLI published post fields,Khớp/không có ngày áp dụng,,
https://mathanoibacninh.com/kien-thuc/page/17/,https://mathanoibacninh.com/kien-thuc/page/17/,200,taxonomy/archive,,,,,,,,2026-08-05T22:10:33+07:00,2026-08-05T22:10:33+07:00,2026-08-05T22:10:33+07:00,2026-08-05T22:10:33+07:00,"[{""@id"":"""",""@type"":""Article"",""datePublished"":""2026-08-05T22:10:33+07:00"",""dateModified"":""2026-08-05T22:10:33+07:00"",""dateReviewed"":"""",""lastReviewed"":"""",""script_index"":1}]",,,2026-08-05T22:10:33+07:00,2026-08-05T22:10:33+07:00,,,,,,Asia/Ho_Chi_Minh (+07:00),public HTML/JSON-LD; OBS sitemap; WP-CLI published post fields,Khớp/không có ngày áp dụng,,
https://mathanoibacninh.com/kien-thuc/page/18/,https://mathanoibacninh.com/kien-thuc/page/18/,200,taxonomy/archive,,,,,,,,2026-08-05T22:10:33+07:00,2026-08-05T22:10:33+07:00,2026-08-05T22:10:33+07:00,2026-08-05T22:10:33+07:00,"[{""@id"":"""",""@type"":""Article"",""datePublished"":""2026-08-05T22:10:33+07:00"",""dateModified"":""2026-08-05T22:10:33+07:00"",""dateReviewed"":"""",""lastReviewed"":"""",""script_index"":1}]",,,2026-08-05T22:10:33+07:00,2026-08-05T22:10:33+07:00,,,,,,Asia/Ho_Chi_Minh (+07:00),public HTML/JSON-LD; OBS sitemap; WP-CLI published post fields,Khớp/không có ngày áp dụng,,
https://mathanoibacninh.com/kien-thuc/page/19/,https://mathanoibacninh.com/kien-thuc/page/19/,200,taxonomy/archive,,,,,,,,2026-08-05T22:10:33+07:00,2026-08-05T22:10:33+07:00,2026-08-05T22:10:33+07:00,2026-08-05T22:10:33+07:00,"[{""@id"":"""",""@type"":""Article"",""datePublished"":""2026-08-05T22:10:33+07:00"",""dateModified"":""2026-08-05T22:10:33+07:00"",""dateReviewed"":"""",""lastReviewed"":"""",""script_index"":1}]",,,2026-08-05T22:10:33+07:00,2026-08-05T22:10:33+07:00,,,,,,Asia/Ho_Chi_Minh (+07:00),public HTML/JSON-LD; OBS sitemap; WP-CLI published post fields,Khớp/không có ngày áp dụng,,
https://mathanoibacninh.com/kien-thuc/page/2/,https://mathanoibacninh.com/kien-thuc/page/2/,200,taxonomy/archive,,,,,,,,2026-08-05T22:10:33+07:00,2026-08-05T22:10:33+07:00,2026-08-05T22:10:33+07:00,2026-08-05T22:10:33+07:00,"[{""@id"":"""",""@type"":""Article"",""datePublished"":""2026-08-05T22:10:33+07:00"",""dateModified"":""2026-08-05T22:10:33+07:00"",""dateReviewed"":"""",""lastReviewed"":"""",""script_index"":1}]",,,2026-08-05T22:10:33+07:00,2026-08-05T22:10:33+07:00,,,,,,Asia/Ho_Chi_Minh (+07:00),public HTML/JSON-LD; OBS sitemap; WP-CLI published post fields,Khớp/không có ngày áp dụng,,
https://mathanoibacninh.com/kien-thuc/page/20/,https://mathanoibacninh.com/kien-thuc/page/20/,200,taxonomy/archive,,,,,,,,2026-08-05T22:10:33+07:00,2026-08-05T22:10:33+07:00,2026-08-05T22:10:33+07:00,2026-08-05T22:10:33+07:00,"[{""@id"":"""",""@type"":""Article"",""datePublished"":""2026-08-05T22:10:33+07:00"",""dateModified"":""2026-08-05T22:10:33+07:00"",""dateReviewed"":"""",""lastReviewed"":"""",""script_index"":1}]",,,2026-08-05T22:10:33+07:00,2026-08-05T22:10:33+07:00,,,,,,Asia/Ho_Chi_Minh (+07:00),public HTML/JSON-LD; OBS sitemap; WP-CLI published post fields,Khớp/không có ngày áp dụng,,
https://mathanoibacninh.com/kien-thuc/page/3/,https://mathanoibacninh.com/kien-thuc/page/3/,200,taxonomy/archive,,,,,,,,2026-08-05T22:10:33+07:00,2026-08-05T22:10:33+07:00,2026-08-05T22:10:33+07:00,2026-08-05T22:10:33+07:00,"[{""@id"":"""",""@type"":""Article"",""datePublished"":""2026-08-05T22:10:33+07:00"",""dateModified"":""2026-08-05T22:10:33+07:00"",""dateReviewed"":"""",""lastReviewed"":"""",""script_index"":1}]",,,2026-08-05T22:10:33+07:00,2026-08-05T22:10:33+07:00,,,,,,Asia/Ho_Chi_Minh (+07:00),public HTML/JSON-LD; OBS sitemap; WP-CLI published post fields,Khớp/không có ngày áp dụng,,
https://mathanoibacninh.com/kien-thuc/page/4/,https://mathanoibacninh.com/kien-thuc/page/4/,200,taxonomy/archive,,,,,,,,2026-08-05T22:10:33+07:00,2026-08-05T22:10:33+07:00,2026-08-05T22:10:33+07:00,2026-08-05T22:10:33+07:00,"[{""@id"":"""",""@type"":""Article"",""datePublished"":""2026-08-05T22:10:33+07:00"",""dateModified"":""2026-08-05T22:10:33+07:00"",""dateReviewed"":"""",""lastReviewed"":"""",""script_index"":1}]",,,2026-08-05T22:10:33+07:00,2026-08-05T22:10:33+07:00,,,,,,Asia/Ho_Chi_Minh (+07:00),public HTML/JSON-LD; OBS sitemap; WP-CLI published post fields,Khớp/không có ngày áp dụng,,
https://mathanoibacninh.com/kien-thuc/page/5/,https://mathanoibacninh.com/kien-thuc/page/5/,200,taxonomy/archive,,,,,,,,2026-08-05T22:10:33+07:00,2026-08-05T22:10:33+07:00,2026-08-05T22:10:33+07:00,2026-08-05T22:10:33+07:00,"[{""@id"":"""",""@type"":""Article"",""datePublished"":""2026-08-05T22:10:33+07:00"",""dateModified"":""2026-08-05T22:10:33+07:00"",""dateReviewed"":"""",""lastReviewed"":"""",""script_index"":1}]",,,2026-08-05T22:10:33+07:00,2026-08-05T22:10:33+07:00,,,,,,Asia/Ho_Chi_Minh (+07:00),public HTML/JSON-LD; OBS sitemap; WP-CLI published post fields,Khớp/không có ngày áp dụng,,
https://mathanoibacninh.com/kien-thuc/page/6/,https://mathanoibacninh.com/kien-thuc/page/6/,200,taxonomy/archive,,,,,,,,2026-08-05T22:10:33+07:00,2026-08-05T22:10:33+07:00,2026-08-05T22:10:33+07:00,2026-08-05T22:10:33+07:00,"[{""@id"":"""",""@type"":""Article"",""datePublished"":""2026-08-05T22:10:33+07:00"",""dateModified"":""2026-08-05T22:10:33+07:00"",""dateReviewed"":"""",""lastReviewed"":"""",""script_index"":1}]",,,2026-08-05T22:10:33+07:00,2026-08-05T22:10:33+07:00,,,,,,Asia/Ho_Chi_Minh (+07:00),public HTML/JSON-LD; OBS sitemap; WP-CLI published post fields,Khớp/không có ngày áp dụng,,
https://mathanoibacninh.com/kien-thuc/page/7/,https://mathanoibacninh.com/kien-thuc/page/7/,200,taxonomy/archive,,,,,,,,2026-08-05T22:10:33+07:00,2026-08-05T22:10:33+07:00,2026-08-05T22:10:33+07:00,2026-08-05T22:10:33+07:00,"[{""@id"":"""",""@type"":""Article"",""datePublished"":""2026-08-05T22:10:33+07:00"",""dateModified"":""2026-08-05T22:10:33+07:00"",""dateReviewed"":"""",""lastReviewed"":"""",""script_index"":1}]",,,2026-08-05T22:10:33+07:00,2026-08-05T22:10:33+07:00,,,,,,Asia/Ho_Chi_Minh (+07:00),public HTML/JSON-LD; OBS sitemap; WP-CLI published post fields,Khớp/không có ngày áp dụng,,
https://mathanoibacninh.com/kien-thuc/page/8/,https://mathanoibacninh.com/kien-thuc/page/8/,200,taxonomy/archive,,,,,,,,2026-08-05T22:10:33+07:00,2026-08-05T22:10:33+07:00,2026-08-05T22:10:33+07:00,2026-08-05T22:10:33+07:00,"[{""@id"":"""",""@type"":""Article"",""datePublished"":""2026-08-05T22:10:33+07:00"",""dateModified"":""2026-08-05T22:10:33+07:00"",""dateReviewed"":"""",""lastReviewed"":"""",""script_index"":1}]",,,2026-08-05T22:10:33+07:00,2026-08-05T22:10:33+07:00,,,,,,Asia/Ho_Chi_Minh (+07:00),public HTML/JSON-LD; OBS sitemap; WP-CLI published post fields,Khớp/không có ngày áp dụng,,
https://mathanoibacninh.com/kien-thuc/page/9/,https://mathanoibacninh.com/kien-thuc/page/9/,200,taxonomy/archive,,,,,,,,2026-08-05T22:10:33+07:00,2026-08-05T22:10:33+07:00,2026-08-05T22:10:33+07:00,2026-08-05T22:10:33+07:00,"[{""@id"":"""",""@type"":""Article"",""datePublished"":""2026-08-05T22:10:33+07:00"",""dateModified"":""2026-08-05T22:10:33+07:00"",""dateReviewed"":"""",""lastReviewed"":"""",""script_index"":1}]",,,2026-08-05T22:10:33+07:00,2026-08-05T22:10:33+07:00,,,,,,Asia/Ho_Chi_Minh (+07:00),public HTML/JSON-LD; OBS sitemap; WP-CLI published post fields,Khớp/không có ngày áp dụng,,
https://mathanoibacninh.com/kien-thuc/phu-hoang-diem-do-dai-thao-duong/,https://mathanoibacninh.com/kien-thuc/phu-hoang-diem-do-dai-thao-duong/,200,post,1566,pending-author-and-medical-review,Đăng ngày 2/10/2026 · 8 phút đọc,2/10/2026,2026-10-02T11:33:54+07:00,2026-10-02T11:33:54+07:00,Đăng ngày,,,,,[],,,2026-10-02T04:33:54+07:00,2026-10-02T04:37:40+07:00,2026-10-02T04:37:40+00:00,2026-10-02T11:37:40+07:00,https://mathanoibacninh.com/obs-sitemap-posts.xml,2026-10-02 11:33:54,2026-10-02 11:37:40,Asia/Ho_Chi_Minh (+07:00),public HTML/JSON-LD; OBS sitemap; WP-CLI published post fields,Cần kiểm tra,D09,Article date-bearing JSON-LD withheld pending author and medical review; verified WP post meta; OG article time differs from corresponding WP date
https://mathanoibacninh.com/kien-thuc/phun-thuoc-bao-ve-thuc-vat-bao-ve-mat/,https://mathanoibacninh.com/kien-thuc/phun-thuoc-bao-ve-thuc-vat-bao-ve-mat/,200,post,1482,pending-author-and-medical-review,Đăng ngày 1/10/2026 · 8 phút đọc,1/10/2026,2026-10-01T15:49:53+07:00,2026-10-01T15:49:53+07:00,Đăng ngày,,,,,[],,,2026-10-01T08:49:53+07:00,2026-10-01T09:02:14+07:00,2026-10-01T09:02:14+00:00,2026-10-01T16:02:14+07:00,https://mathanoibacninh.com/obs-sitemap-posts.xml,2026-10-01 15:49:53,2026-10-01 16:02:14,Asia/Ho_Chi_Minh (+07:00),public HTML/JSON-LD; OBS sitemap; WP-CLI published post fields,Cần kiểm tra,D09,Article date-bearing JSON-LD withheld pending author and medical review; verified WP post meta; OG article time differs from corresponding WP date
https://mathanoibacninh.com/kien-thuc/quy-tac-20-20-20-cho-nguoi-lam-may-tinh/,https://mathanoibacninh.com/kien-thuc/quy-tac-20-20-20-cho-nguoi-lam-may-tinh/,200,post,598,,Cập nhật 1/10/2026 · 11 phút đọc,1/10/2026,2026-10-01T16:02:19+07:00,2026-10-01T16:02:19+07:00,,2026-08-23T00:25:52+07:00,2026-08-23T00:25:52+07:00,2026-10-01T16:02:19+07:00,2026-10-01T16:02:19+07:00,"[{""@id"":""https://mathanoibacninh.com/kien-thuc/quy-tac-20-20-20-cho-nguoi-lam-may-tinh/#bai-viet"",""@type"":[""MedicalWebPage"",""Article""],""datePublished"":""2026-08-23T00:25:52+07:00"",""dateModified"":""2026-10-01T16:02:19+07:00"",""dateReviewed"":"""",""lastReviewed"":"""",""script_index"":0},{""@id"":"""",""@type"":""Article"",""datePublished"":""2026-08-22T17:25:52+07:00"",""dateModified"":""2026-10-01T09:02:19+07:00"",""dateReviewed"":"""",""lastReviewed"":"""",""script_index"":1}]",,,2026-08-22T17:25:52+07:00,2026-10-01T09:02:19+07:00,2026-10-01T09:02:19+00:00,2026-10-01T16:02:19+07:00,https://mathanoibacninh.com/obs-sitemap-posts.xml,2026-08-23 00:25:52,2026-10-01 16:02:19,Asia/Ho_Chi_Minh (+07:00),public HTML/JSON-LD; OBS sitemap; WP-CLI published post fields,Cần kiểm tra,D01;D02;D09,one schema entity datePublished differs from WP post_date; one schema entity dateModified differs from WP post_modified; OG article time differs from corresponding WP date
https://mathanoibacninh.com/kien-thuc/quy-trinh-kham-mat-gom-may-buoc/,https://mathanoibacninh.com/kien-thuc/quy-trinh-kham-mat-gom-may-buoc/,200,post,292,,Cập nhật 2/10/2026 · 11 phút đọc,2/10/2026,2026-10-02T10:25:58+07:00,2026-10-02T10:25:58+07:00,,2026-08-09T07:19:26+07:00,2026-08-09T07:19:26+07:00,2026-10-02T10:25:58+07:00,2026-10-02T10:25:58+07:00,"[{""@id"":""https://mathanoibacninh.com/kien-thuc/quy-trinh-kham-mat-gom-may-buoc/#bai-viet"",""@type"":[""MedicalWebPage"",""Article""],""datePublished"":""2026-08-09T07:19:26+07:00"",""dateModified"":""2026-10-02T10:25:58+07:00"",""dateReviewed"":"""",""lastReviewed"":"""",""script_index"":0},{""@id"":"""",""@type"":""Article"",""datePublished"":""2026-08-09T00:19:26+07:00"",""dateModified"":""2026-10-02T03:25:58+07:00"",""dateReviewed"":"""",""lastReviewed"":"""",""script_index"":1}]",,,2026-08-09T00:19:26+07:00,2026-10-02T03:25:58+07:00,2026-10-02T03:25:58+00:00,2026-10-02T10:25:58+07:00,https://mathanoibacninh.com/obs-sitemap-posts.xml,2026-08-09 07:19:26,2026-10-02 10:25:58,Asia/Ho_Chi_Minh (+07:00),public HTML/JSON-LD; OBS sitemap; WP-CLI published post fields,Cần kiểm tra,D01;D02;D09,one schema entity datePublished differs from WP post_date; one schema entity dateModified differs from WP post_modified; OG article time differs from corresponding WP date
https://mathanoibacninh.com/kien-thuc/sau-mo-mat-kieng-an-gi-kieng-lam-gi/,https://mathanoibacninh.com/kien-thuc/sau-mo-mat-kieng-an-gi-kieng-lam-gi/,200,post,157,,Đăng ngày 9/8/2026 · 10 phút đọc,9/8/2026,2026-08-09T07:19:26+07:00,2026-08-09T07:19:26+07:00,Đăng ngày,2026-08-09T07:19:26+07:00,2026-08-09T07:19:26+07:00,2026-08-09T07:19:26+07:00,2026-08-09T07:19:26+07:00,"[{""@id"":""https://mathanoibacninh.com/kien-thuc/sau-mo-mat-kieng-an-gi-kieng-lam-gi/#bai-viet"",""@type"":[""MedicalWebPage"",""Article""],""datePublished"":""2026-08-09T07:19:26+07:00"",""dateModified"":""2026-08-09T07:19:26+07:00"",""dateReviewed"":"""",""lastReviewed"":"""",""script_index"":0},{""@id"":"""",""@type"":""Article"",""datePublished"":""2026-08-09T00:19:26+07:00"",""dateModified"":""2026-08-09T00:19:26+07:00"",""dateReviewed"":"""",""lastReviewed"":"""",""script_index"":1}]",,,2026-08-09T00:19:26+07:00,2026-08-09T00:19:26+07:00,2026-08-09T00:19:26+00:00,2026-08-09T07:19:26+07:00,https://mathanoibacninh.com/obs-sitemap-posts.xml,2026-08-09 07:19:26,2026-08-09 07:19:26,Asia/Ho_Chi_Minh (+07:00),public HTML/JSON-LD; OBS sitemap; WP-CLI published post fields,Cần kiểm tra,D01;D02;D09,one schema entity datePublished differs from WP post_date; one schema entity dateModified differs from WP post_modified; OG article time differs from corresponding WP date
https://mathanoibacninh.com/kien-thuc/seo-giac-mac-sau-chan-thuong-hoac-loet/,https://mathanoibacninh.com/kien-thuc/seo-giac-mac-sau-chan-thuong-hoac-loet/,200,post,635,,Đăng ngày 23/8/2026 · 11 phút đọc,23/8/2026,2026-08-23T00:44:03+07:00,2026-08-23T00:44:03+07:00,Đăng ngày,2026-08-23T00:44:03+07:00,2026-08-23T00:44:03+07:00,2026-08-23T00:44:03+07:00,2026-08-23T00:44:03+07:00,"[{""@id"":""https://mathanoibacninh.com/kien-thuc/seo-giac-mac-sau-chan-thuong-hoac-loet/#bai-viet"",""@type"":[""MedicalWebPage"",""Article""],""datePublished"":""2026-08-23T00:44:03+07:00"",""dateModified"":""2026-08-23T00:44:03+07:00"",""dateReviewed"":"""",""lastReviewed"":"""",""script_index"":0},{""@id"":"""",""@type"":""Article"",""datePublished"":""2026-08-22T17:44:03+07:00"",""dateModified"":""2026-08-22T17:44:03+07:00"",""dateReviewed"":"""",""lastReviewed"":"""",""script_index"":1}]",,,2026-08-22T17:44:03+07:00,2026-08-22T17:44:03+07:00,2026-08-22T17:44:03+00:00,2026-08-23T00:44:03+07:00,https://mathanoibacninh.com/obs-sitemap-posts.xml,2026-08-23 00:44:03,2026-08-23 00:44:03,Asia/Ho_Chi_Minh (+07:00),public HTML/JSON-LD; OBS sitemap; WP-CLI published post fields,Cần kiểm tra,D01;D02;D09,one schema entity datePublished differs from WP post_date; one schema entity dateModified differs from WP post_modified; OG article time differs from corresponding WP date
https://mathanoibacninh.com/kien-thuc/soi-day-mat-la-gi/,https://mathanoibacninh.com/kien-thuc/soi-day-mat-la-gi/,200,post,174,,Đăng ngày 9/8/2026 · 9 phút đọc,9/8/2026,2026-08-09T07:19:48+07:00,2026-08-09T07:19:48+07:00,Đăng ngày,2026-08-09T07:19:48+07:00,2026-08-09T07:19:48+07:00,2026-08-09T07:19:48+07:00,2026-08-09T07:19:48+07:00,"[{""@id"":""https://mathanoibacninh.com/kien-thuc/soi-day-mat-la-gi/#bai-viet"",""@type"":[""MedicalWebPage"",""Article""],""datePublished"":""2026-08-09T07:19:48+07:00"",""dateModified"":""2026-08-09T07:19:48+07:00"",""dateReviewed"":"""",""lastReviewed"":"""",""script_index"":0},{""@id"":"""",""@type"":""Article"",""datePublished"":""2026-08-09T00:19:48+07:00"",""dateModified"":""2026-08-09T00:19:48+07:00"",""dateReviewed"":"""",""lastReviewed"":"""",""script_index"":1}]",,,2026-08-09T00:19:48+07:00,2026-08-09T00:19:48+07:00,2026-08-09T00:19:48+00:00,2026-08-09T07:19:48+07:00,https://mathanoibacninh.com/obs-sitemap-posts.xml,2026-08-09 07:19:48,2026-08-09 07:19:48,Asia/Ho_Chi_Minh (+07:00),public HTML/JSON-LD; OBS sitemap; WP-CLI published post fields,Cần kiểm tra,D01;D02;D09,one schema entity datePublished differs from WP post_date; one schema entity dateModified differs from WP post_modified; OG article time differs from corresponding WP date
https://mathanoibacninh.com/kien-thuc/sung-ne-quanh-mat-va-sot/,https://mathanoibacninh.com/kien-thuc/sung-ne-quanh-mat-va-sot/,200,post,263,,Đăng ngày 9/8/2026 · 9 phút đọc,9/8/2026,2026-08-09T07:19:48+07:00,2026-08-09T07:19:48+07:00,Đăng ngày,2026-08-09T07:19:48+07:00,2026-08-09T07:19:48+07:00,2026-08-09T07:19:48+07:00,2026-08-09T07:19:48+07:00,"[{""@id"":""https://mathanoibacninh.com/kien-thuc/sung-ne-quanh-mat-va-sot/#bai-viet"",""@type"":[""MedicalWebPage"",""Article""],""datePublished"":""2026-08-09T07:19:48+07:00"",""dateModified"":""2026-08-09T07:19:48+07:00"",""dateReviewed"":"""",""lastReviewed"":"""",""script_index"":0},{""@id"":"""",""@type"":""Article"",""datePublished"":""2026-08-09T00:19:48+07:00"",""dateModified"":""2026-08-09T00:19:48+07:00"",""dateReviewed"":"""",""lastReviewed"":"""",""script_index"":1}]",,,2026-08-09T00:19:48+07:00,2026-08-09T00:19:48+07:00,2026-08-09T00:19:48+00:00,2026-08-09T07:19:48+07:00,https://mathanoibacninh.com/obs-sitemap-posts.xml,2026-08-09 07:19:48,2026-08-09 07:19:48,Asia/Ho_Chi_Minh (+07:00),public HTML/JSON-LD; OBS sitemap; WP-CLI published post fields,Cần kiểm tra,D01;D02;D09,one schema entity datePublished differs from WP post_date; one schema entity dateModified differs from WP post_modified; OG article time differs from corresponding WP date
https://mathanoibacninh.com/kien-thuc/sup-mi-mot-ben-moi-xuat-hien/,https://mathanoibacninh.com/kien-thuc/sup-mi-mot-ben-moi-xuat-hien/,200,post,627,,Cập nhật 2/10/2026 · 10 phút đọc,2/10/2026,2026-10-02T15:51:00+07:00,2026-10-02T15:51:00+07:00,,2026-08-23T00:38:37+07:00,2026-08-23T00:38:37+07:00,2026-10-02T15:51:00+07:00,2026-10-02T15:51:00+07:00,"[{""@id"":""https://mathanoibacninh.com/kien-thuc/sup-mi-mot-ben-moi-xuat-hien/#bai-viet"",""@type"":[""MedicalWebPage"",""Article""],""datePublished"":""2026-08-23T00:38:37+07:00"",""dateModified"":""2026-10-02T15:51:00+07:00"",""dateReviewed"":"""",""lastReviewed"":"""",""script_index"":0},{""@id"":"""",""@type"":""Article"",""datePublished"":""2026-08-22T17:38:37+07:00"",""dateModified"":""2026-10-02T08:51:00+07:00"",""dateReviewed"":"""",""lastReviewed"":"""",""script_index"":1}]",,,2026-08-22T17:38:37+07:00,2026-10-02T08:51:00+07:00,2026-10-02T08:51:00+00:00,2026-10-02T15:51:00+07:00,https://mathanoibacninh.com/obs-sitemap-posts.xml,2026-08-23 00:38:37,2026-10-02 15:51:00,Asia/Ho_Chi_Minh (+07:00),public HTML/JSON-LD; OBS sitemap; WP-CLI published post fields,Cần kiểm tra,D01;D02;D09,one schema entity datePublished differs from WP post_date; one schema entity dateModified differs from WP post_modified; OG article time differs from corresponding WP date
https://mathanoibacninh.com/kien-thuc/sup-mi-nang-dan-ve-cuoi-ngay/,https://mathanoibacninh.com/kien-thuc/sup-mi-nang-dan-ve-cuoi-ngay/,200,post,628,,Cập nhật 3/10/2026 · 11 phút đọc,3/10/2026,2026-10-03T14:42:51+07:00,2026-10-03T14:42:51+07:00,,2026-08-23T00:38:38+07:00,2026-08-23T00:38:38+07:00,2026-10-03T14:42:51+07:00,2026-10-03T14:42:51+07:00,"[{""@id"":""https://mathanoibacninh.com/kien-thuc/sup-mi-nang-dan-ve-cuoi-ngay/#bai-viet"",""@type"":[""MedicalWebPage"",""Article""],""datePublished"":""2026-08-23T00:38:38+07:00"",""dateModified"":""2026-10-03T14:42:51+07:00"",""dateReviewed"":"""",""lastReviewed"":"""",""script_index"":0},{""@id"":"""",""@type"":""Article"",""datePublished"":""2026-08-22T17:38:38+07:00"",""dateModified"":""2026-10-03T07:42:51+07:00"",""dateReviewed"":"""",""lastReviewed"":"""",""script_index"":1}]",,,2026-08-22T17:38:38+07:00,2026-10-03T07:42:51+07:00,2026-10-03T07:42:51+00:00,2026-10-03T14:42:51+07:00,https://mathanoibacninh.com/obs-sitemap-posts.xml,2026-08-23 00:38:38,2026-10-03 14:42:51,Asia/Ho_Chi_Minh (+07:00),public HTML/JSON-LD; OBS sitemap; WP-CLI published post fields,Cần kiểm tra,D01;D02;D09,one schema entity datePublished differs from WP post_date; one schema entity dateModified differs from WP post_modified; OG article time differs from corresponding WP date
https://mathanoibacninh.com/kien-thuc/sup-mi-o-tre-nho/,https://mathanoibacninh.com/kien-thuc/sup-mi-o-tre-nho/,200,post,199,,Cập nhật 2/10/2026 · 10 phút đọc,2/10/2026,2026-10-02T15:51:35+07:00,2026-10-02T15:51:35+07:00,,2026-08-09T07:19:49+07:00,2026-08-09T07:19:49+07:00,2026-10-02T15:51:35+07:00,2026-10-02T15:51:35+07:00,"[{""@id"":""https://mathanoibacninh.com/kien-thuc/sup-mi-o-tre-nho/#bai-viet"",""@type"":[""MedicalWebPage"",""Article""],""datePublished"":""2026-08-09T07:19:49+07:00"",""dateModified"":""2026-10-02T15:51:35+07:00"",""dateReviewed"":"""",""lastReviewed"":"""",""script_index"":0},{""@id"":"""",""@type"":""Article"",""datePublished"":""2026-08-09T00:19:49+07:00"",""dateModified"":""2026-10-02T08:51:35+07:00"",""dateReviewed"":"""",""lastReviewed"":"""",""script_index"":1}]",,,2026-08-09T00:19:49+07:00,2026-10-02T08:51:35+07:00,2026-10-02T08:51:35+00:00,2026-10-02T15:51:35+07:00,https://mathanoibacninh.com/obs-sitemap-posts.xml,2026-08-09 07:19:49,2026-10-02 15:51:35,Asia/Ho_Chi_Minh (+07:00),public HTML/JSON-LD; OBS sitemap; WP-CLI published post fields,Cần kiểm tra,D01;D02;D09,one schema entity datePublished differs from WP post_date; one schema entity dateModified differs from WP post_modified; OG article time differs from corresponding WP date
https://mathanoibacninh.com/kien-thuc/tac-mach-mau-vong-mac/,https://mathanoibacninh.com/kien-thuc/tac-mach-mau-vong-mac/,200,post,269,,Cập nhật 2/10/2026 · 10 phút đọc,2/10/2026,2026-10-02T15:51:26+07:00,2026-10-02T15:51:26+07:00,,2026-08-09T07:19:49+07:00,2026-08-09T07:19:49+07:00,2026-10-02T15:51:26+07:00,2026-10-02T15:51:26+07:00,"[{""@id"":""https://mathanoibacninh.com/kien-thuc/tac-mach-mau-vong-mac/#bai-viet"",""@type"":[""MedicalWebPage"",""Article""],""datePublished"":""2026-08-09T07:19:49+07:00"",""dateModified"":""2026-10-02T15:51:26+07:00"",""dateReviewed"":"""",""lastReviewed"":"""",""script_index"":0},{""@id"":"""",""@type"":""Article"",""datePublished"":""2026-08-09T00:19:49+07:00"",""dateModified"":""2026-10-02T08:51:26+07:00"",""dateReviewed"":"""",""lastReviewed"":"""",""script_index"":1}]",,,2026-08-09T00:19:49+07:00,2026-10-02T08:51:26+07:00,2026-10-02T08:51:26+00:00,2026-10-02T15:51:26+07:00,https://mathanoibacninh.com/obs-sitemap-posts.xml,2026-08-09 07:19:49,2026-10-02 15:51:26,Asia/Ho_Chi_Minh (+07:00),public HTML/JSON-LD; OBS sitemap; WP-CLI published post fields,Cần kiểm tra,D01;D02;D09,one schema entity datePublished differs from WP post_date; one schema entity dateModified differs from WP post_modified; OG article time differs from corresponding WP date
https://mathanoibacninh.com/kien-thuc/tang-huyet-ap-va-vong-mac/,https://mathanoibacninh.com/kien-thuc/tang-huyet-ap-va-vong-mac/,200,post,664,,Cập nhật 3/10/2026 · 8 phút đọc,3/10/2026,2026-10-03T14:42:58+07:00,2026-10-03T14:42:58+07:00,,2026-08-23T14:38:03+07:00,2026-08-23T14:38:03+07:00,2026-10-03T14:42:58+07:00,2026-10-03T14:42:58+07:00,"[{""@id"":""https://mathanoibacninh.com/kien-thuc/tang-huyet-ap-va-vong-mac/#bai-viet"",""@type"":[""MedicalWebPage"",""Article""],""datePublished"":""2026-08-23T14:38:03+07:00"",""dateModified"":""2026-10-03T14:42:58+07:00"",""dateReviewed"":"""",""lastReviewed"":"""",""script_index"":0},{""@id"":"""",""@type"":""Article"",""datePublished"":""2026-08-23T07:38:03+07:00"",""dateModified"":""2026-10-03T07:42:58+07:00"",""dateReviewed"":"""",""lastReviewed"":"""",""script_index"":1}]",,,2026-08-23T07:38:03+07:00,2026-10-03T07:42:58+07:00,2026-10-03T07:42:58+00:00,2026-10-03T14:42:58+07:00,https://mathanoibacninh.com/obs-sitemap-posts.xml,2026-08-23 14:38:03,2026-10-03 14:42:58,Asia/Ho_Chi_Minh (+07:00),public HTML/JSON-LD; OBS sitemap; WP-CLI published post fields,Cần kiểm tra,D01;D02;D09,one schema entity datePublished differs from WP post_date; one schema entity dateModified differs from WP post_modified; OG article time differs from corresponding WP date
https://mathanoibacninh.com/kien-thuc/tat-khuc-xa-nguoi-lon/,https://mathanoibacninh.com/kien-thuc/tat-khuc-xa-nguoi-lon/,200,taxonomy/archive,,,,,,,,,,,,[],,,,,,,https://mathanoibacninh.com/obs-sitemap-cats.xml,,,Asia/Ho_Chi_Minh (+07:00),public HTML/JSON-LD; OBS sitemap; WP-CLI published post fields,Khớp/không có ngày áp dụng,,
https://mathanoibacninh.com/kien-thuc/tat-khuc-xa-nguoi-lon/page/2/,https://mathanoibacninh.com/kien-thuc/tat-khuc-xa-nguoi-lon/page/2/,200,taxonomy/archive,,,,,,,,,,,,[],,,,,,,,,,Asia/Ho_Chi_Minh (+07:00),public HTML/JSON-LD; OBS sitemap; WP-CLI published post fields,Khớp/không có ngày áp dụng,,
https://mathanoibacninh.com/kien-thuc/thi-truong-mat-thu-hep-dan/,https://mathanoibacninh.com/kien-thuc/thi-truong-mat-thu-hep-dan/,200,post,166,,Cập nhật 2/10/2026 · 11 phút đọc,2/10/2026,2026-10-02T15:51:07+07:00,2026-10-02T15:51:07+07:00,,2026-08-09T07:19:27+07:00,2026-08-09T07:19:27+07:00,2026-10-02T15:51:07+07:00,2026-10-02T15:51:07+07:00,"[{""@id"":""https://mathanoibacninh.com/kien-thuc/thi-truong-mat-thu-hep-dan/#bai-viet"",""@type"":[""MedicalWebPage"",""Article""],""datePublished"":""2026-08-09T07:19:27+07:00"",""dateModified"":""2026-10-02T15:51:07+07:00"",""dateReviewed"":"""",""lastReviewed"":"""",""script_index"":0},{""@id"":"""",""@type"":""Article"",""datePublished"":""2026-08-09T00:19:27+07:00"",""dateModified"":""2026-10-02T08:51:07+07:00"",""dateReviewed"":"""",""lastReviewed"":"""",""script_index"":1}]",,,2026-08-09T00:19:27+07:00,2026-10-02T08:51:07+07:00,2026-10-02T08:51:07+00:00,2026-10-02T15:51:07+07:00,https://mathanoibacninh.com/obs-sitemap-posts.xml,2026-08-09 07:19:27,2026-10-02 15:51:07,Asia/Ho_Chi_Minh (+07:00),public HTML/JSON-LD; OBS sitemap; WP-CLI published post fields,Cần kiểm tra,D01;D02;D09,one schema entity datePublished differs from WP post_date; one schema entity dateModified differs from WP post_modified; OG article time differs from corresponding WP date
https://mathanoibacninh.com/kien-thuc/tho-lam-toc-lam-mong-bao-ve-mat/,https://mathanoibacninh.com/kien-thuc/tho-lam-toc-lam-mong-bao-ve-mat/,200,post,1487,pending-author-and-medical-review,Đăng ngày 1/10/2026 · 8 phút đọc,1/10/2026,2026-10-01T15:49:57+07:00,2026-10-01T15:49:57+07:00,Đăng ngày,,,,,[],,,2026-10-01T08:49:57+07:00,2026-10-01T09:02:18+07:00,2026-10-01T09:02:18+00:00,2026-10-01T16:02:18+07:00,https://mathanoibacninh.com/obs-sitemap-posts.xml,2026-10-01 15:49:57,2026-10-01 16:02:18,Asia/Ho_Chi_Minh (+07:00),public HTML/JSON-LD; OBS sitemap; WP-CLI published post fields,Cần kiểm tra,D09,Article date-bearing JSON-LD withheld pending author and medical review; verified WP post meta; OG article time differs from corresponding WP date
https://mathanoibacninh.com/kien-thuc/tho-may-lap-linh-kien-nho-moi-mat/,https://mathanoibacninh.com/kien-thuc/tho-may-lap-linh-kien-nho-moi-mat/,200,post,1571,pending-author-and-medical-review,Đăng ngày 2/10/2026 · 8 phút đọc,2/10/2026,2026-10-02T11:33:58+07:00,2026-10-02T11:33:58+07:00,Đăng ngày,,,,,[],,,2026-10-02T04:33:58+07:00,2026-10-02T04:37:44+07:00,2026-10-02T04:37:44+00:00,2026-10-02T11:37:44+07:00,https://mathanoibacninh.com/obs-sitemap-posts.xml,2026-10-02 11:33:58,2026-10-02 11:37:44,Asia/Ho_Chi_Minh (+07:00),public HTML/JSON-LD; OBS sitemap; WP-CLI published post fields,Cần kiểm tra,D09,Article date-bearing JSON-LD withheld pending author and medical review; verified WP post meta; OG article time differs from corresponding WP date
https://mathanoibacninh.com/kien-thuc/thoai-hoa-diem-vang-tuoi-gia/,https://mathanoibacninh.com/kien-thuc/thoai-hoa-diem-vang-tuoi-gia/,200,post,175,,Cập nhật 2/10/2026 · 10 phút đọc,2/10/2026,2026-10-02T15:51:30+07:00,2026-10-02T15:51:30+07:00,,2026-08-09T07:19:49+07:00,2026-08-09T07:19:49+07:00,2026-10-02T15:51:30+07:00,2026-10-02T15:51:30+07:00,"[{""@id"":""https://mathanoibacninh.com/kien-thuc/thoai-hoa-diem-vang-tuoi-gia/#bai-viet"",""@type"":[""MedicalWebPage"",""Article""],""datePublished"":""2026-08-09T07:19:49+07:00"",""dateModified"":""2026-10-02T15:51:30+07:00"",""dateReviewed"":"""",""lastReviewed"":"""",""script_index"":0},{""@id"":"""",""@type"":""Article"",""datePublished"":""2026-08-09T00:19:49+07:00"",""dateModified"":""2026-10-02T08:51:30+07:00"",""dateReviewed"":"""",""lastReviewed"":"""",""script_index"":1}]",,,2026-08-09T00:19:49+07:00,2026-10-02T08:51:30+07:00,2026-10-02T08:51:30+00:00,2026-10-02T15:51:30+07:00,https://mathanoibacninh.com/obs-sitemap-posts.xml,2026-08-09 07:19:49,2026-10-02 15:51:30,Asia/Ho_Chi_Minh (+07:00),public HTML/JSON-LD; OBS sitemap; WP-CLI published post fields,Cần kiểm tra,D01;D02;D09,one schema entity datePublished differs from WP post_date; one schema entity dateModified differs from WP post_modified; OG article time differs from corresponding WP date
https://mathanoibacninh.com/kien-thuc/thoai-hoa-hoang-diem-dang-kho/,https://mathanoibacninh.com/kien-thuc/thoai-hoa-hoang-diem-dang-kho/,200,post,657,,Đăng ngày 23/8/2026 · 9 phút đọc,23/8/2026,2026-08-23T12:28:58+07:00,2026-08-23T12:28:58+07:00,Đăng ngày,2026-08-23T12:28:58+07:00,2026-08-23T12:28:58+07:00,2026-08-23T12:28:58+07:00,2026-08-23T12:28:58+07:00,"[{""@id"":""https://mathanoibacninh.com/kien-thuc/thoai-hoa-hoang-diem-dang-kho/#bai-viet"",""@type"":[""MedicalWebPage"",""Article""],""datePublished"":""2026-08-23T12:28:58+07:00"",""dateModified"":""2026-08-23T12:28:58+07:00"",""dateReviewed"":"""",""lastReviewed"":"""",""script_index"":0},{""@id"":"""",""@type"":""Article"",""datePublished"":""2026-08-23T05:28:58+07:00"",""dateModified"":""2026-08-23T05:28:58+07:00"",""dateReviewed"":"""",""lastReviewed"":"""",""script_index"":1}]",,,2026-08-23T05:28:58+07:00,2026-08-23T05:28:58+07:00,2026-08-23T05:28:58+00:00,2026-08-23T12:28:58+07:00,https://mathanoibacninh.com/obs-sitemap-posts.xml,2026-08-23 12:28:58,2026-08-23 12:28:58,Asia/Ho_Chi_Minh (+07:00),public HTML/JSON-LD; OBS sitemap; WP-CLI published post fields,Cần kiểm tra,D01;D02;D09,one schema entity datePublished differs from WP post_date; one schema entity dateModified differs from WP post_modified; OG article time differs from corresponding WP date
https://mathanoibacninh.com/kien-thuc/thoai-hoa-hoang-diem-dang-uot/,https://mathanoibacninh.com/kien-thuc/thoai-hoa-hoang-diem-dang-uot/,200,post,658,,Đăng ngày 23/8/2026 · 9 phút đọc,23/8/2026,2026-08-23T12:28:59+07:00,2026-08-23T12:28:59+07:00,Đăng ngày,2026-08-23T12:28:59+07:00,2026-08-23T12:28:59+07:00,2026-08-23T12:28:59+07:00,2026-08-23T12:28:59+07:00,"[{""@id"":""https://mathanoibacninh.com/kien-thuc/thoai-hoa-hoang-diem-dang-uot/#bai-viet"",""@type"":[""MedicalWebPage"",""Article""],""datePublished"":""2026-08-23T12:28:59+07:00"",""dateModified"":""2026-08-23T12:28:59+07:00"",""dateReviewed"":"""",""lastReviewed"":"""",""script_index"":0},{""@id"":"""",""@type"":""Article"",""datePublished"":""2026-08-23T05:28:59+07:00"",""dateModified"":""2026-08-23T05:28:59+07:00"",""dateReviewed"":"""",""lastReviewed"":"""",""script_index"":1}]",,,2026-08-23T05:28:59+07:00,2026-08-23T05:28:59+07:00,2026-08-23T05:28:59+00:00,2026-08-23T12:28:59+07:00,https://mathanoibacninh.com/obs-sitemap-posts.xml,2026-08-23 12:28:59,2026-08-23 12:28:59,Asia/Ho_Chi_Minh (+07:00),public HTML/JSON-LD; OBS sitemap; WP-CLI published post fields,Cần kiểm tra,D01;D02;D09,one schema entity datePublished differs from WP post_date; one schema entity dateModified differs from WP post_modified; OG article time differs from corresponding WP date
https://mathanoibacninh.com/kien-thuc/thoi-gian-ngoai-troi-va-can-thi-tre/,https://mathanoibacninh.com/kien-thuc/thoi-gian-ngoai-troi-va-can-thi-tre/,200,post,145,,Cập nhật 2/10/2026 · 10 phút đọc,2/10/2026,2026-10-02T15:51:14+07:00,2026-10-02T15:51:14+07:00,,2026-08-09T07:19:27+07:00,2026-08-09T07:19:27+07:00,2026-10-02T15:51:14+07:00,2026-10-02T15:51:14+07:00,"[{""@id"":""https://mathanoibacninh.com/kien-thuc/thoi-gian-ngoai-troi-va-can-thi-tre/#bai-viet"",""@type"":[""MedicalWebPage"",""Article""],""datePublished"":""2026-08-09T07:19:27+07:00"",""dateModified"":""2026-10-02T15:51:14+07:00"",""dateReviewed"":"""",""lastReviewed"":"""",""script_index"":0},{""@id"":"""",""@type"":""Article"",""datePublished"":""2026-08-09T00:19:27+07:00"",""dateModified"":""2026-10-02T08:51:14+07:00"",""dateReviewed"":"""",""lastReviewed"":"""",""script_index"":1}]",,,2026-08-09T00:19:27+07:00,2026-10-02T08:51:14+07:00,2026-10-02T08:51:14+00:00,2026-10-02T15:51:14+07:00,https://mathanoibacninh.com/obs-sitemap-posts.xml,2026-08-09 07:19:27,2026-10-02 15:51:14,Asia/Ho_Chi_Minh (+07:00),public HTML/JSON-LD; OBS sitemap; WP-CLI published post fields,Cần kiểm tra,D01;D02;D09,one schema entity datePublished differs from WP post_date; one schema entity dateModified differs from WP post_modified; OG article time differs from corresponding WP date
https://mathanoibacninh.com/kien-thuc/thuoc-nho-mat-ha-nhan-ap-dung-dung/,https://mathanoibacninh.com/kien-thuc/thuoc-nho-mat-ha-nhan-ap-dung-dung/,200,post,167,,Đăng ngày 9/8/2026 · 10 phút đọc,9/8/2026,2026-08-09T07:19:48+07:00,2026-08-09T07:19:48+07:00,Đăng ngày,2026-08-09T07:19:48+07:00,2026-08-09T07:19:48+07:00,2026-08-09T07:19:48+07:00,2026-08-09T07:19:48+07:00,"[{""@id"":""https://mathanoibacninh.com/kien-thuc/thuoc-nho-mat-ha-nhan-ap-dung-dung/#bai-viet"",""@type"":[""MedicalWebPage"",""Article""],""datePublished"":""2026-08-09T07:19:48+07:00"",""dateModified"":""2026-08-09T07:19:48+07:00"",""dateReviewed"":"""",""lastReviewed"":"""",""script_index"":0},{""@id"":"""",""@type"":""Article"",""datePublished"":""2026-08-09T00:19:48+07:00"",""dateModified"":""2026-08-09T00:19:48+07:00"",""dateReviewed"":"""",""lastReviewed"":"""",""script_index"":1}]",,,2026-08-09T00:19:48+07:00,2026-08-09T00:19:48+07:00,2026-08-09T00:19:48+00:00,2026-08-09T07:19:48+07:00,https://mathanoibacninh.com/obs-sitemap-posts.xml,2026-08-09 07:19:48,2026-08-09 07:19:48,Asia/Ho_Chi_Minh (+07:00),public HTML/JSON-LD; OBS sitemap; WP-CLI published post fields,Cần kiểm tra,D01;D02;D09,one schema entity datePublished differs from WP post_date; one schema entity dateModified differs from WP post_modified; OG article time differs from corresponding WP date
https://mathanoibacninh.com/kien-thuc/thuy-tinh-the-nhan-tao-chon-loai-nao/,https://mathanoibacninh.com/kien-thuc/thuy-tinh-the-nhan-tao-chon-loai-nao/,200,post,158,,Đăng ngày 9/8/2026 · 10 phút đọc,9/8/2026,2026-08-09T07:19:26+07:00,2026-08-09T07:19:26+07:00,Đăng ngày,2026-08-09T07:19:26+07:00,2026-08-09T07:19:26+07:00,2026-08-09T07:19:26+07:00,2026-08-09T07:19:26+07:00,"[{""@id"":""https://mathanoibacninh.com/kien-thuc/thuy-tinh-the-nhan-tao-chon-loai-nao/#bai-viet"",""@type"":[""MedicalWebPage"",""Article""],""datePublished"":""2026-08-09T07:19:26+07:00"",""dateModified"":""2026-08-09T07:19:26+07:00"",""dateReviewed"":"""",""lastReviewed"":"""",""script_index"":0},{""@id"":"""",""@type"":""Article"",""datePublished"":""2026-08-09T00:19:26+07:00"",""dateModified"":""2026-08-09T00:19:26+07:00"",""dateReviewed"":"""",""lastReviewed"":"""",""script_index"":1}]",,,2026-08-09T00:19:26+07:00,2026-08-09T00:19:26+07:00,2026-08-09T00:19:26+00:00,2026-08-09T07:19:26+07:00,https://mathanoibacninh.com/obs-sitemap-posts.xml,2026-08-09 07:19:26,2026-08-09 07:19:26,Asia/Ho_Chi_Minh (+07:00),public HTML/JSON-LD; OBS sitemap; WP-CLI published post fields,Cần kiểm tra,D01;D02;D09,one schema entity datePublished differs from WP post_date; one schema entity dateModified differs from WP post_modified; OG article time differs from corresponding WP date
https://mathanoibacninh.com/kien-thuc/tre-bi-loan-thi-khi-nao-can-deo-kinh/,https://mathanoibacninh.com/kien-thuc/tre-bi-loan-thi-khi-nao-can-deo-kinh/,200,post,1555,pending-author-and-medical-review,Đăng ngày 2/10/2026 · 8 phút đọc,2/10/2026,2026-10-02T11:33:44+07:00,2026-10-02T11:33:44+07:00,Đăng ngày,,,,,[],,,2026-10-02T04:33:44+07:00,2026-10-02T04:37:31+07:00,2026-10-02T04:37:31+00:00,2026-10-02T11:37:31+07:00,https://mathanoibacninh.com/obs-sitemap-posts.xml,2026-10-02 11:33:44,2026-10-02 11:37:31,Asia/Ho_Chi_Minh (+07:00),public HTML/JSON-LD; OBS sitemap; WP-CLI published post fields,Cần kiểm tra,D09,Article date-bearing JSON-LD withheld pending author and medical review; verified WP post meta; OG article time differs from corresponding WP date
https://mathanoibacninh.com/kien-thuc/tre-cham-phan-ung-anh-sang/,https://mathanoibacninh.com/kien-thuc/tre-cham-phan-ung-anh-sang/,200,post,200,,Đăng ngày 9/8/2026 · 9 phút đọc,9/8/2026,2026-08-09T07:19:49+07:00,2026-08-09T07:19:49+07:00,Đăng ngày,2026-08-09T07:19:49+07:00,2026-08-09T07:19:49+07:00,2026-08-09T07:19:49+07:00,2026-08-09T07:19:49+07:00,"[{""@id"":""https://mathanoibacninh.com/kien-thuc/tre-cham-phan-ung-anh-sang/#bai-viet"",""@type"":[""MedicalWebPage"",""Article""],""datePublished"":""2026-08-09T07:19:49+07:00"",""dateModified"":""2026-08-09T07:19:49+07:00"",""dateReviewed"":"""",""lastReviewed"":"""",""script_index"":0},{""@id"":"""",""@type"":""Article"",""datePublished"":""2026-08-09T00:19:49+07:00"",""dateModified"":""2026-08-09T00:19:49+07:00"",""dateReviewed"":"""",""lastReviewed"":"""",""script_index"":1}]",,,2026-08-09T00:19:49+07:00,2026-08-09T00:19:49+07:00,2026-08-09T00:19:49+00:00,2026-08-09T07:19:49+07:00,https://mathanoibacninh.com/obs-sitemap-posts.xml,2026-08-09 07:19:49,2026-08-09 07:19:49,Asia/Ho_Chi_Minh (+07:00),public HTML/JSON-LD; OBS sitemap; WP-CLI published post fields,Cần kiểm tra,D01;D02;D09,one schema entity datePublished differs from WP post_date; one schema entity dateModified differs from WP post_modified; OG article time differs from corresponding WP date
https://mathanoibacninh.com/kien-thuc/tre-deo-kinh-co-bi-phu-thuoc-khong/,https://mathanoibacninh.com/kien-thuc/tre-deo-kinh-co-bi-phu-thuoc-khong/,200,post,146,,Đăng ngày 9/8/2026 · 9 phút đọc,9/8/2026,2026-08-09T07:20:19+07:00,2026-08-09T07:20:19+07:00,Đăng ngày,2026-08-09T07:20:19+07:00,2026-08-09T07:20:19+07:00,2026-08-09T07:20:19+07:00,2026-08-09T07:20:19+07:00,"[{""@id"":""https://mathanoibacninh.com/kien-thuc/tre-deo-kinh-co-bi-phu-thuoc-khong/#bai-viet"",""@type"":[""MedicalWebPage"",""Article""],""datePublished"":""2026-08-09T07:20:19+07:00"",""dateModified"":""2026-08-09T07:20:19+07:00"",""dateReviewed"":"""",""lastReviewed"":"""",""script_index"":0},{""@id"":"""",""@type"":""Article"",""datePublished"":""2026-08-09T00:20:19+07:00"",""dateModified"":""2026-08-09T00:20:19+07:00"",""dateReviewed"":"""",""lastReviewed"":"""",""script_index"":1}]",,,2026-08-09T00:20:19+07:00,2026-08-09T00:20:19+07:00,2026-08-09T00:20:19+00:00,2026-08-09T07:20:19+07:00,https://mathanoibacninh.com/obs-sitemap-posts.xml,2026-08-09 07:20:19,2026-08-09 07:20:19,Asia/Ho_Chi_Minh (+07:00),public HTML/JSON-LD; OBS sitemap; WP-CLI published post fields,Cần kiểm tra,D01;D02;D09,one schema entity datePublished differs from WP post_date; one schema entity dateModified differs from WP post_modified; OG article time differs from corresponding WP date
https://mathanoibacninh.com/kien-thuc/tre-hoc-online-nhieu-anh-huong-mat/,https://mathanoibacninh.com/kien-thuc/tre-hoc-online-nhieu-anh-huong-mat/,200,post,147,,Đăng ngày 9/8/2026 · 9 phút đọc,9/8/2026,2026-08-09T07:19:26+07:00,2026-08-09T07:19:26+07:00,Đăng ngày,2026-08-09T07:19:26+07:00,2026-08-09T07:19:26+07:00,2026-08-09T07:19:26+07:00,2026-08-09T07:19:26+07:00,"[{""@id"":""https://mathanoibacninh.com/kien-thuc/tre-hoc-online-nhieu-anh-huong-mat/#bai-viet"",""@type"":[""MedicalWebPage"",""Article""],""datePublished"":""2026-08-09T07:19:26+07:00"",""dateModified"":""2026-08-09T07:19:26+07:00"",""dateReviewed"":"""",""lastReviewed"":"""",""script_index"":0},{""@id"":"""",""@type"":""Article"",""datePublished"":""2026-08-09T00:19:26+07:00"",""dateModified"":""2026-08-09T00:19:26+07:00"",""dateReviewed"":"""",""lastReviewed"":"""",""script_index"":1}]",,,2026-08-09T00:19:26+07:00,2026-08-09T00:19:26+07:00,2026-08-09T00:19:26+00:00,2026-08-09T07:19:26+07:00,https://mathanoibacninh.com/obs-sitemap-posts.xml,2026-08-09 07:19:26,2026-08-09 07:19:26,Asia/Ho_Chi_Minh (+07:00),public HTML/JSON-LD; OBS sitemap; WP-CLI published post fields,Cần kiểm tra,D01;D02;D09,one schema entity datePublished differs from WP post_date; one schema entity dateModified differs from WP post_modified; OG article time differs from corresponding WP date
https://mathanoibacninh.com/kien-thuc/tre-may-tuoi-thi-do-mat-duoc/,https://mathanoibacninh.com/kien-thuc/tre-may-tuoi-thi-do-mat-duoc/,200,post,148,,Cập nhật 2/10/2026 · 11 phút đọc,2/10/2026,2026-10-02T15:51:15+07:00,2026-10-02T15:51:15+07:00,,2026-08-09T07:19:27+07:00,2026-08-09T07:19:27+07:00,2026-10-02T15:51:15+07:00,2026-10-02T15:51:15+07:00,"[{""@id"":""https://mathanoibacninh.com/kien-thuc/tre-may-tuoi-thi-do-mat-duoc/#bai-viet"",""@type"":[""MedicalWebPage"",""Article""],""datePublished"":""2026-08-09T07:19:27+07:00"",""dateModified"":""2026-10-02T15:51:15+07:00"",""dateReviewed"":"""",""lastReviewed"":"""",""script_index"":0},{""@id"":"""",""@type"":""Article"",""datePublished"":""2026-08-09T00:19:27+07:00"",""dateModified"":""2026-10-02T08:51:15+07:00"",""dateReviewed"":"""",""lastReviewed"":"""",""script_index"":1}]",,,2026-08-09T00:19:27+07:00,2026-10-02T08:51:15+07:00,2026-10-02T08:51:15+00:00,2026-10-02T15:51:15+07:00,https://mathanoibacninh.com/obs-sitemap-posts.xml,2026-08-09 07:19:27,2026-10-02 15:51:15,Asia/Ho_Chi_Minh (+07:00),public HTML/JSON-LD; OBS sitemap; WP-CLI published post fields,Cần kiểm tra,D01;D02;D09,one schema entity datePublished differs from WP post_date; one schema entity dateModified differs from WP post_modified; OG article time differs from corresponding WP date
https://mathanoibacninh.com/kien-thuc/tre-nham-mot-mat-khi-ra-nang/,https://mathanoibacninh.com/kien-thuc/tre-nham-mot-mat-khi-ra-nang/,200,post,1557,pending-author-and-medical-review,Đăng ngày 2/10/2026 · 8 phút đọc,2/10/2026,2026-10-02T11:33:46+07:00,2026-10-02T11:33:46+07:00,Đăng ngày,,,,,[],,,2026-10-02T04:33:46+07:00,2026-10-02T04:37:33+07:00,2026-10-02T04:37:33+00:00,2026-10-02T11:37:33+07:00,https://mathanoibacninh.com/obs-sitemap-posts.xml,2026-10-02 11:33:46,2026-10-02 11:37:33,Asia/Ho_Chi_Minh (+07:00),public HTML/JSON-LD; OBS sitemap; WP-CLI published post fields,Cần kiểm tra,D09,Article date-bearing JSON-LD withheld pending author and medical review; verified WP post meta; OG article time differs from corresponding WP date
https://mathanoibacninh.com/kien-thuc/tre-nhin-mo-sau-hoc-gan-can-thi-hay-dieu-tiet/,https://mathanoibacninh.com/kien-thuc/tre-nhin-mo-sau-hoc-gan-can-thi-hay-dieu-tiet/,200,post,1554,pending-author-and-medical-review,Đăng ngày 2/10/2026 · 10 phút đọc,2/10/2026,2026-10-02T11:33:43+07:00,2026-10-02T11:33:43+07:00,Đăng ngày,,,,,[],,,2026-10-02T04:33:43+07:00,2026-10-02T04:37:30+07:00,2026-10-02T04:37:30+00:00,2026-10-02T11:37:30+07:00,https://mathanoibacninh.com/obs-sitemap-posts.xml,2026-10-02 11:33:43,2026-10-02 11:37:30,Asia/Ho_Chi_Minh (+07:00),public HTML/JSON-LD; OBS sitemap; WP-CLI published post fields,Cần kiểm tra,D09,Article date-bearing JSON-LD withheld pending author and medical review; verified WP post meta; OG article time differs from corresponding WP date
https://mathanoibacninh.com/kien-thuc/tre-so-sinh-mat-lac-nhe/,https://mathanoibacninh.com/kien-thuc/tre-so-sinh-mat-lac-nhe/,200,post,191,,Đăng ngày 9/8/2026 · 9 phút đọc,9/8/2026,2026-08-09T07:19:49+07:00,2026-08-09T07:19:49+07:00,Đăng ngày,2026-08-09T07:19:49+07:00,2026-08-09T07:19:49+07:00,2026-08-09T07:19:49+07:00,2026-08-09T07:19:49+07:00,"[{""@id"":""https://mathanoibacninh.com/kien-thuc/tre-so-sinh-mat-lac-nhe/#bai-viet"",""@type"":[""MedicalWebPage"",""Article""],""datePublished"":""2026-08-09T07:19:49+07:00"",""dateModified"":""2026-08-09T07:19:49+07:00"",""dateReviewed"":"""",""lastReviewed"":"""",""script_index"":0},{""@id"":"""",""@type"":""Article"",""datePublished"":""2026-08-09T00:19:49+07:00"",""dateModified"":""2026-08-09T00:19:49+07:00"",""dateReviewed"":"""",""lastReviewed"":"""",""script_index"":1}]",,,2026-08-09T00:19:49+07:00,2026-08-09T00:19:49+07:00,2026-08-09T00:19:49+00:00,2026-08-09T07:19:49+07:00,https://mathanoibacninh.com/obs-sitemap-posts.xml,2026-08-09 07:19:49,2026-08-09 07:19:49,Asia/Ho_Chi_Minh (+07:00),public HTML/JSON-LD; OBS sitemap; WP-CLI published post fields,Cần kiểm tra,D01;D02;D09,one schema entity datePublished differs from WP post_date; one schema entity dateModified differs from WP post_modified; OG article time differs from corresponding WP date
https://mathanoibacninh.com/kien-thuc/tren-40-tuoi-co-mo-can-duoc-khong/,https://mathanoibacninh.com/kien-thuc/tren-40-tuoi-co-mo-can-duoc-khong/,200,post,1451,pending-author-and-medical-review,Đăng ngày 1/10/2026 · 2 phút đọc,1/10/2026,2026-10-01T09:12:59+07:00,2026-10-01T09:12:59+07:00,Đăng ngày,,,,,[],,,2026-10-01T02:12:59+07:00,2026-10-01T02:12:59+07:00,2026-10-01T02:12:59+00:00,2026-10-01T09:12:59+07:00,https://mathanoibacninh.com/obs-sitemap-posts.xml,2026-10-01 09:12:59,2026-10-01 09:12:59,Asia/Ho_Chi_Minh (+07:00),public HTML/JSON-LD; OBS sitemap; WP-CLI published post fields,Cần kiểm tra,D09,Article date-bearing JSON-LD withheld pending author and medical review; verified WP post meta; OG article time differs from corresponding WP date
https://mathanoibacninh.com/kien-thuc/truc-camera-nhieu-man-hinh-moi-mat/,https://mathanoibacninh.com/kien-thuc/truc-camera-nhieu-man-hinh-moi-mat/,200,post,1570,pending-author-and-medical-review,Đăng ngày 2/10/2026 · 8 phút đọc,2/10/2026,2026-10-02T11:33:57+07:00,2026-10-02T11:33:57+07:00,Đăng ngày,,,,,[],,,2026-10-02T04:33:57+07:00,2026-10-02T04:37:43+07:00,2026-10-02T04:37:43+00:00,2026-10-02T11:37:43+07:00,https://mathanoibacninh.com/obs-sitemap-posts.xml,2026-10-02 11:33:57,2026-10-02 11:37:43,Asia/Ho_Chi_Minh (+07:00),public HTML/JSON-LD; OBS sitemap; WP-CLI published post fields,Cần kiểm tra,D09,Article date-bearing JSON-LD withheld pending author and medical review; verified WP post meta; OG article time differs from corresponding WP date
https://mathanoibacninh.com/kien-thuc/truoc-khi-kham-mat-co-can-nhin-an/,https://mathanoibacninh.com/kien-thuc/truoc-khi-kham-mat-co-can-nhin-an/,200,post,293,,Đăng ngày 9/8/2026 · 11 phút đọc,9/8/2026,2026-08-09T07:19:26+07:00,2026-08-09T07:19:26+07:00,Đăng ngày,2026-08-09T07:19:26+07:00,2026-08-09T07:19:26+07:00,2026-08-09T07:19:26+07:00,2026-08-09T07:19:26+07:00,"[{""@id"":""https://mathanoibacninh.com/kien-thuc/truoc-khi-kham-mat-co-can-nhin-an/#bai-viet"",""@type"":[""MedicalWebPage"",""Article""],""datePublished"":""2026-08-09T07:19:26+07:00"",""dateModified"":""2026-08-09T07:19:26+07:00"",""dateReviewed"":"""",""lastReviewed"":"""",""script_index"":0},{""@id"":"""",""@type"":""Article"",""datePublished"":""2026-08-09T00:19:26+07:00"",""dateModified"":""2026-08-09T00:19:26+07:00"",""dateReviewed"":"""",""lastReviewed"":"""",""script_index"":1}]",,,2026-08-09T00:19:26+07:00,2026-08-09T00:19:26+07:00,2026-08-09T00:19:26+00:00,2026-08-09T07:19:26+07:00,https://mathanoibacninh.com/obs-sitemap-posts.xml,2026-08-09 07:19:26,2026-08-09 07:19:26,Asia/Ho_Chi_Minh (+07:00),public HTML/JSON-LD; OBS sitemap; WP-CLI published post fields,Cần kiểm tra,D01;D02;D09,one schema entity datePublished differs from WP post_date; one schema entity dateModified differs from WP post_modified; OG article time differs from corresponding WP date
https://mathanoibacninh.com/kien-thuc/tuyen-meibomius-kho-mat-bay-hoi/,https://mathanoibacninh.com/kien-thuc/tuyen-meibomius-kho-mat-bay-hoi/,200,post,1552,pending-author-and-medical-review,Đăng ngày 2/10/2026 · 9 phút đọc,2/10/2026,2026-10-02T11:33:42+07:00,2026-10-02T11:33:42+07:00,Đăng ngày,,,,,[],,,2026-10-02T04:33:42+07:00,2026-10-02T04:37:28+07:00,2026-10-02T04:37:28+00:00,2026-10-02T11:37:28+07:00,https://mathanoibacninh.com/obs-sitemap-posts.xml,2026-10-02 11:33:42,2026-10-02 11:37:28,Asia/Ho_Chi_Minh (+07:00),public HTML/JSON-LD; OBS sitemap; WP-CLI published post fields,Cần kiểm tra,D09,Article date-bearing JSON-LD withheld pending author and medical review; verified WP post meta; OG article time differs from corresponding WP date
https://mathanoibacninh.com/kien-thuc/vi-tri-man-hinh-va-goc-nhin/,https://mathanoibacninh.com/kien-thuc/vi-tri-man-hinh-va-goc-nhin/,200,post,1475,pending-author-and-medical-review,Đăng ngày 1/10/2026 · 8 phút đọc,1/10/2026,2026-10-01T15:49:48+07:00,2026-10-01T15:49:48+07:00,Đăng ngày,,,,,[],,,2026-10-01T08:49:48+07:00,2026-10-01T09:02:08+07:00,2026-10-01T09:02:08+00:00,2026-10-01T16:02:08+07:00,https://mathanoibacninh.com/obs-sitemap-posts.xml,2026-10-01 15:49:48,2026-10-01 16:02:08,Asia/Ho_Chi_Minh (+07:00),public HTML/JSON-LD; OBS sitemap; WP-CLI published post fields,Cần kiểm tra,D09,Article date-bearing JSON-LD withheld pending author and medical review; verified WP post meta; OG article time differs from corresponding WP date
https://mathanoibacninh.com/kien-thuc/viem-bo-mi-mat/,https://mathanoibacninh.com/kien-thuc/viem-bo-mi-mat/,200,post,186,,Cập nhật 2/10/2026 · 9 phút đọc,2/10/2026,2026-10-02T15:51:34+07:00,2026-10-02T15:51:34+07:00,,2026-08-09T07:20:19+07:00,2026-08-09T07:20:19+07:00,2026-10-02T15:51:34+07:00,2026-10-02T15:51:34+07:00,"[{""@id"":""https://mathanoibacninh.com/kien-thuc/viem-bo-mi-mat/#bai-viet"",""@type"":[""MedicalWebPage"",""Article""],""datePublished"":""2026-08-09T07:20:19+07:00"",""dateModified"":""2026-10-02T15:51:34+07:00"",""dateReviewed"":"""",""lastReviewed"":"""",""script_index"":0},{""@id"":"""",""@type"":""Article"",""datePublished"":""2026-08-09T00:20:19+07:00"",""dateModified"":""2026-10-02T08:51:34+07:00"",""dateReviewed"":"""",""lastReviewed"":"""",""script_index"":1}]",,,2026-08-09T00:20:19+07:00,2026-10-02T08:51:34+07:00,2026-10-02T08:51:34+00:00,2026-10-02T15:51:34+07:00,https://mathanoibacninh.com/obs-sitemap-posts.xml,2026-08-09 07:20:19,2026-10-02 15:51:34,Asia/Ho_Chi_Minh (+07:00),public HTML/JSON-LD; OBS sitemap; WP-CLI published post fields,Cần kiểm tra,D01;D02;D09,one schema entity datePublished differs from WP post_date; one schema entity dateModified differs from WP post_modified; OG article time differs from corresponding WP date
https://mathanoibacninh.com/kien-thuc/viem-ket-mac-di-ung-theo-mua/,https://mathanoibacninh.com/kien-thuc/viem-ket-mac-di-ung-theo-mua/,200,post,636,,Đăng ngày 23/8/2026 · 11 phút đọc,23/8/2026,2026-08-23T00:44:03+07:00,2026-08-23T00:44:03+07:00,Đăng ngày,2026-08-23T00:44:03+07:00,2026-08-23T00:44:03+07:00,2026-08-23T00:44:03+07:00,2026-08-23T00:44:03+07:00,"[{""@id"":""https://mathanoibacninh.com/kien-thuc/viem-ket-mac-di-ung-theo-mua/#bai-viet"",""@type"":[""MedicalWebPage"",""Article""],""datePublished"":""2026-08-23T00:44:03+07:00"",""dateModified"":""2026-08-23T00:44:03+07:00"",""dateReviewed"":"""",""lastReviewed"":"""",""script_index"":0},{""@id"":"""",""@type"":""Article"",""datePublished"":""2026-08-22T17:44:03+07:00"",""dateModified"":""2026-08-22T17:44:03+07:00"",""dateReviewed"":"""",""lastReviewed"":"""",""script_index"":1}]",,,2026-08-22T17:44:03+07:00,2026-08-22T17:44:03+07:00,2026-08-22T17:44:03+00:00,2026-08-23T00:44:03+07:00,https://mathanoibacninh.com/obs-sitemap-posts.xml,2026-08-23 00:44:03,2026-08-23 00:44:03,Asia/Ho_Chi_Minh (+07:00),public HTML/JSON-LD; OBS sitemap; WP-CLI published post fields,Cần kiểm tra,D01;D02;D09,one schema entity datePublished differs from WP post_date; one schema entity dateModified differs from WP post_modified; OG article time differs from corresponding WP date
https://mathanoibacninh.com/kien-thuc/viem-mang-bo-dao-la-gi/,https://mathanoibacninh.com/kien-thuc/viem-mang-bo-dao-la-gi/,200,post,659,,Đăng ngày 23/8/2026 · 9 phút đọc,23/8/2026,2026-08-23T12:29:00+07:00,2026-08-23T12:29:00+07:00,Đăng ngày,2026-08-23T12:29:00+07:00,2026-08-23T12:29:00+07:00,2026-08-23T12:29:00+07:00,2026-08-23T12:29:00+07:00,"[{""@id"":""https://mathanoibacninh.com/kien-thuc/viem-mang-bo-dao-la-gi/#bai-viet"",""@type"":[""MedicalWebPage"",""Article""],""datePublished"":""2026-08-23T12:29:00+07:00"",""dateModified"":""2026-08-23T12:29:00+07:00"",""dateReviewed"":"""",""lastReviewed"":"""",""script_index"":0},{""@id"":"""",""@type"":""Article"",""datePublished"":""2026-08-23T05:29:00+07:00"",""dateModified"":""2026-08-23T05:29:00+07:00"",""dateReviewed"":"""",""lastReviewed"":"""",""script_index"":1}]",,,2026-08-23T05:29:00+07:00,2026-08-23T05:29:00+07:00,2026-08-23T05:29:00+00:00,2026-08-23T12:29:00+07:00,https://mathanoibacninh.com/obs-sitemap-posts.xml,2026-08-23 12:29:00,2026-08-23 12:29:00,Asia/Ho_Chi_Minh (+07:00),public HTML/JSON-LD; OBS sitemap; WP-CLI published post fields,Cần kiểm tra,D01;D02;D09,one schema entity datePublished differs from WP post_date; one schema entity dateModified differs from WP post_modified; OG article time differs from corresponding WP date
https://mathanoibacninh.com/kien-thuc/vien-thi-o-nguoi-truong-thanh/,https://mathanoibacninh.com/kien-thuc/vien-thi-o-nguoi-truong-thanh/,200,post,125,,Đăng ngày 9/8/2026 · 11 phút đọc,9/8/2026,2026-08-09T07:19:27+07:00,2026-08-09T07:19:27+07:00,Đăng ngày,2026-08-09T07:19:27+07:00,2026-08-09T07:19:27+07:00,2026-08-09T07:19:27+07:00,2026-08-09T07:19:27+07:00,"[{""@id"":""https://mathanoibacninh.com/kien-thuc/vien-thi-o-nguoi-truong-thanh/#bai-viet"",""@type"":[""MedicalWebPage"",""Article""],""datePublished"":""2026-08-09T07:19:27+07:00"",""dateModified"":""2026-08-09T07:19:27+07:00"",""dateReviewed"":"""",""lastReviewed"":"""",""script_index"":0},{""@id"":"""",""@type"":""Article"",""datePublished"":""2026-08-09T00:19:27+07:00"",""dateModified"":""2026-08-09T00:19:27+07:00"",""dateReviewed"":"""",""lastReviewed"":"""",""script_index"":1}]",,,2026-08-09T00:19:27+07:00,2026-08-09T00:19:27+07:00,2026-08-09T00:19:27+00:00,2026-08-09T07:19:27+07:00,https://mathanoibacninh.com/obs-sitemap-posts.xml,2026-08-09 07:19:27,2026-08-09 07:19:27,Asia/Ho_Chi_Minh (+07:00),public HTML/JSON-LD; OBS sitemap; WP-CLI published post fields,Cần kiểm tra,D01;D02;D09,one schema entity datePublished differs from WP post_date; one schema entity dateModified differs from WP post_modified; OG article time differs from corresponding WP date
https://mathanoibacninh.com/kien-thuc/vien-thi-o-tre-khi-nao-can-kinh/,https://mathanoibacninh.com/kien-thuc/vien-thi-o-tre-khi-nao-can-kinh/,200,post,1556,pending-author-and-medical-review,Đăng ngày 2/10/2026 · 8 phút đọc,2/10/2026,2026-10-02T11:33:45+07:00,2026-10-02T11:33:45+07:00,Đăng ngày,,,,,[],,,2026-10-02T04:33:45+07:00,2026-10-02T04:37:32+07:00,2026-10-02T04:37:32+00:00,2026-10-02T11:37:32+07:00,https://mathanoibacninh.com/obs-sitemap-posts.xml,2026-10-02 11:33:45,2026-10-02 11:37:32,Asia/Ho_Chi_Minh (+07:00),public HTML/JSON-LD; OBS sitemap; WP-CLI published post fields,Cần kiểm tra,D09,Article date-bearing JSON-LD withheld pending author and medical review; verified WP post meta; OG article time differs from corresponding WP date
https://mathanoibacninh.com/kien-thuc/vong-mac-tieu-duong-cac-giai-doan/,https://mathanoibacninh.com/kien-thuc/vong-mac-tieu-duong-cac-giai-doan/,200,post,176,,Đăng ngày 9/8/2026 · 10 phút đọc,9/8/2026,2026-08-09T07:19:49+07:00,2026-08-09T07:19:49+07:00,Đăng ngày,2026-08-09T07:19:49+07:00,2026-08-09T07:19:49+07:00,2026-08-09T07:19:49+07:00,2026-08-09T07:19:49+07:00,"[{""@id"":""https://mathanoibacninh.com/kien-thuc/vong-mac-tieu-duong-cac-giai-doan/#bai-viet"",""@type"":[""MedicalWebPage"",""Article""],""datePublished"":""2026-08-09T07:19:49+07:00"",""dateModified"":""2026-08-09T07:19:49+07:00"",""dateReviewed"":"""",""lastReviewed"":"""",""script_index"":0},{""@id"":"""",""@type"":""Article"",""datePublished"":""2026-08-09T00:19:49+07:00"",""dateModified"":""2026-08-09T00:19:49+07:00"",""dateReviewed"":"""",""lastReviewed"":"""",""script_index"":1}]",,,2026-08-09T00:19:49+07:00,2026-08-09T00:19:49+07:00,2026-08-09T00:19:49+00:00,2026-08-09T07:19:49+07:00,https://mathanoibacninh.com/obs-sitemap-posts.xml,2026-08-09 07:19:49,2026-08-09 07:19:49,Asia/Ho_Chi_Minh (+07:00),public HTML/JSON-LD; OBS sitemap; WP-CLI published post fields,Cần kiểm tra,D01;D02;D09,one schema entity datePublished differs from WP post_date; one schema entity dateModified differs from WP post_modified; OG article time differs from corresponding WP date
https://mathanoibacninh.com/kien-thuc/xuat-huyet-dich-kinh/,https://mathanoibacninh.com/kien-thuc/xuat-huyet-dich-kinh/,200,post,660,,Đăng ngày 23/8/2026 · 8 phút đọc,23/8/2026,2026-08-23T12:29:00+07:00,2026-08-23T12:29:00+07:00,Đăng ngày,2026-08-23T12:29:00+07:00,2026-08-23T12:29:00+07:00,2026-08-23T12:29:00+07:00,2026-08-23T12:29:00+07:00,"[{""@id"":""https://mathanoibacninh.com/kien-thuc/xuat-huyet-dich-kinh/#bai-viet"",""@type"":[""MedicalWebPage"",""Article""],""datePublished"":""2026-08-23T12:29:00+07:00"",""dateModified"":""2026-08-23T12:29:00+07:00"",""dateReviewed"":"""",""lastReviewed"":"""",""script_index"":0},{""@id"":"""",""@type"":""Article"",""datePublished"":""2026-08-23T05:29:00+07:00"",""dateModified"":""2026-08-23T05:29:00+07:00"",""dateReviewed"":"""",""lastReviewed"":"""",""script_index"":1}]",,,2026-08-23T05:29:00+07:00,2026-08-23T05:29:00+07:00,2026-08-23T05:29:00+00:00,2026-08-23T12:29:00+07:00,https://mathanoibacninh.com/obs-sitemap-posts.xml,2026-08-23 12:29:00,2026-08-23 12:29:00,Asia/Ho_Chi_Minh (+07:00),public HTML/JSON-LD; OBS sitemap; WP-CLI published post fields,Cần kiểm tra,D01;D02;D09,one schema entity datePublished differs from WP post_date; one schema entity dateModified differs from WP post_modified; OG article time differs from corresponding WP date
https://mathanoibacninh.com/laser-quang-dong-vong-mac-7-chi-dinh-quy-trinh-va-hieu-qua-dieu-tri-hien-nay/,https://mathanoibacninh.com/laser-quang-dong-vong-mac-7-chi-dinh-quy-trinh-va-hieu-qua-dieu-tri-hien-nay/,404,taxonomy/archive,,,,,,,,,,,,[],,,,,,,,,,Asia/Ho_Chi_Minh (+07:00),public HTML/JSON-LD; OBS sitemap; WP-CLI published post fields,Không đánh giá ngày (HTTP không phải 200),,
https://mathanoibacninh.com/lien-he/,https://mathanoibacninh.com/lien-he/,200,page,58,,,,,,"Cập nhật lần cuối 01/10/2026 · Thông tin tham khảo, không thay thế thăm khám trực tiếp.",2026-08-06T05:10:33+07:00,2026-08-06T05:10:33+07:00,2026-10-01T09:12:46+07:00,2026-10-01T09:12:46+07:00,"[{""@id"":""https://mathanoibacninh.com/lien-he/#noi-dung-lien-he-seo"",""@type"":[""MedicalWebPage"",""Article""],""datePublished"":""2026-08-06T05:10:33+07:00"",""dateModified"":""2026-10-01T09:12:46+07:00"",""dateReviewed"":"""",""lastReviewed"":"""",""script_index"":0}]",,,,,2026-10-01T02:12:46+00:00,2026-10-01T09:12:46+07:00,https://mathanoibacninh.com/obs-sitemap-pages.xml,2026-08-06 05:10:33,2026-10-01 09:12:46,Asia/Ho_Chi_Minh (+07:00),public HTML/JSON-LD; OBS sitemap; WP-CLI published post fields,Khớp/không có ngày áp dụng,,
https://mathanoibacninh.com/tin-tuc/,https://mathanoibacninh.com/tin-tuc/,200,page,53,,,,,,,2026-08-05T22:10:33+07:00,2026-08-05T22:10:33+07:00,2026-08-05T22:10:33+07:00,2026-08-05T22:10:33+07:00,"[{""@id"":"""",""@type"":""Article"",""datePublished"":""2026-08-05T22:10:33+07:00"",""dateModified"":""2026-08-05T22:10:33+07:00"",""dateReviewed"":"""",""lastReviewed"":"""",""script_index"":1}]",,,2026-08-05T22:10:33+07:00,2026-08-05T22:10:33+07:00,,,,2026-08-06 05:10:33,2026-08-06 05:10:33,Asia/Ho_Chi_Minh (+07:00),public HTML/JSON-LD; OBS sitemap; WP-CLI published post fields,Cần kiểm tra,D01;D02;D09,one schema entity datePublished differs from WP post_date; one schema entity dateModified differs from WP post_modified; OG article time differs from corresponding WP date
https://mathanoibacninh.com/trang-dang-ky/,https://mathanoibacninh.com/trang-dang-ky/,200,page,63,,,,,,,2026-08-05T22:10:33+07:00,2026-08-05T22:10:33+07:00,2026-08-05T22:10:33+07:00,2026-08-05T22:10:33+07:00,"[{""@id"":"""",""@type"":""Article"",""datePublished"":""2026-08-05T22:10:33+07:00"",""dateModified"":""2026-08-05T22:10:33+07:00"",""dateReviewed"":"""",""lastReviewed"":"""",""script_index"":1}]",,,2026-08-05T22:10:33+07:00,2026-08-05T22:10:33+07:00,,,,2026-08-06 05:10:33,2026-08-06 05:10:33,Asia/Ho_Chi_Minh (+07:00),public HTML/JSON-LD; OBS sitemap; WP-CLI published post fields,Cần kiểm tra,D01;D02;D09,one schema entity datePublished differs from WP post_date; one schema entity dateModified differs from WP post_modified; OG article time differs from corresponding WP date
https://mathanoibacninh.com/trong-kinh-essilor-stellest-1-giai-phap-kiem-soat-tien-trien-can-thi-o-tre-em/,https://mathanoibacninh.com/trong-kinh-essilor-stellest-1-giai-phap-kiem-soat-tien-trien-can-thi-o-tre-em/,404,taxonomy/archive,,,,,,,,,,,,[],,,,,,,,,,Asia/Ho_Chi_Minh (+07:00),public HTML/JSON-LD; OBS sitemap; WP-CLI published post fields,Không đánh giá ngày (HTTP không phải 200),,
https://mathanoibacninh.com/tuyen-dung/,https://mathanoibacninh.com/tuyen-dung/,200,page,59,,,,,,,2026-08-05T22:10:33+07:00,2026-08-05T22:10:33+07:00,2026-08-05T22:10:33+07:00,2026-08-05T22:10:33+07:00,"[{""@id"":"""",""@type"":""Article"",""datePublished"":""2026-08-05T22:10:33+07:00"",""dateModified"":""2026-08-05T22:10:33+07:00"",""dateReviewed"":"""",""lastReviewed"":"""",""script_index"":1}]",,,2026-08-05T22:10:33+07:00,2026-08-05T22:10:33+07:00,,,,2026-08-06 05:10:33,2026-08-06 05:10:33,Asia/Ho_Chi_Minh (+07:00),public HTML/JSON-LD; OBS sitemap; WP-CLI published post fields,Cần kiểm tra,D01;D02;D09,one schema entity datePublished differs from WP post_date; one schema entity dateModified differs from WP post_modified; OG article time differs from corresponding WP date
https://mathanoibacninh.com/ve-chung-toi/,https://mathanoibacninh.com/ve-chung-toi/,200,page,576,,,,,,,2026-08-21T03:40:14+07:00,2026-08-21T03:40:14+07:00,2026-08-21T03:40:14+07:00,2026-08-21T03:40:14+07:00,"[{""@id"":"""",""@type"":""Article"",""datePublished"":""2026-08-21T03:40:14+07:00"",""dateModified"":""2026-08-21T03:40:14+07:00"",""dateReviewed"":"""",""lastReviewed"":"""",""script_index"":1}]",,,2026-08-21T03:40:14+07:00,2026-08-21T03:40:14+07:00,2026-08-21T03:40:14+00:00,2026-08-21T10:40:14+07:00,https://mathanoibacninh.com/obs-sitemap-pages.xml,2026-08-21 10:40:14,2026-08-21 10:40:14,Asia/Ho_Chi_Minh (+07:00),public HTML/JSON-LD; OBS sitemap; WP-CLI published post fields,Cần kiểm tra,D01;D02;D09,one schema entity datePublished differs from WP post_date; one schema entity dateModified differs from WP post_modified; OG article time differs from corresponding WP date
